{
  "version": "0.3.7",
  "timestamp": "2026-05-16 06:17:28Z",
  "latency_mode": "none",
  "latency_ms": 0.0,
  "model": "aeon-ultimate",
  "prefix_caching_enabled": false,
  "max_concurrency": 1,
  "benchmarks": [
    {
      "concurrency": 1,
      "context_size": 0,
      "prompt_size": 2048,
      "response_size": 128,
      "is_context_prefill_phase": false,
      "pp_throughput": {
        "mean": 2339.511325286987,
        "std": 130.2181469609202,
        "values": [
          2585.096938161027,
          2285.5404055958525,
          2486.6202686132447,
          2223.948375157865,
          2574.0421696250164,
          2294.8143540665733,
          2284.834782603683,
          2292.276335443379,
          2592.5016591460826,
          2584.726583884603,
          2579.503212586398,
          2286.096590327174,
          2290.407214631426,
          2210.8548337613374,
          2223.6102268540667,
          2284.215599217643,
          2275.2331045494125,
          2578.3100961183623,
          2286.4108782468406,
          2283.6311448868723,
          2202.327407532909,
          2274.4765664962183,
          2280.954153848738,
          2286.7524198846368,
          2284.891468419058,
          2277.398920855998,
          2290.3861901134946,
          2292.1975382563073,
          2286.118463142835,
          2207.1618565825424
        ]
      },
      "pp_req_throughput": {
        "mean": 2339.511325286987,
        "std": 130.2181469609202,
        "values": [
          2585.096938161027,
          2285.5404055958525,
          2486.6202686132447,
          2223.948375157865,
          2574.0421696250164,
          2294.8143540665733,
          2284.834782603683,
          2292.276335443379,
          2592.5016591460826,
          2584.726583884603,
          2579.503212586398,
          2286.096590327174,
          2290.407214631426,
          2210.8548337613374,
          2223.6102268540667,
          2284.215599217643,
          2275.2331045494125,
          2578.3100961183623,
          2286.4108782468406,
          2283.6311448868723,
          2202.327407532909,
          2274.4765664962183,
          2280.954153848738,
          2286.7524198846368,
          2284.891468419058,
          2277.398920855998,
          2290.3861901134946,
          2292.1975382563073,
          2286.118463142835,
          2207.1618565825424
        ]
      },
      "tg_throughput": {
        "mean": 36.73017164938718,
        "std": 5.0400420892377324,
        "values": [
          42.242611762846956,
          39.11810120981375,
          46.16879161548564,
          33.78316833177792,
          33.71644264292665,
          37.37041263548334,
          34.896876854808674,
          40.5450077960068,
          33.86227832323517,
          42.232710732938365,
          31.658823735237398,
          28.101066957546234,
          28.145163759765683,
          43.966247823111296,
          36.149138646755205,
          32.757900005786695,
          33.72865252802933,
          32.709093538091274,
          45.99304616255998,
          40.42198078004289,
          39.02311557981855,
          40.49469987288737,
          40.4862108671282,
          29.745912659945766,
          37.46435928841519,
          34.9416543116784,
          44.05652470202096,
          31.582093923610795,
          34.87846100145504,
          31.6646014324061
        ]
      },
      "tg_req_throughput": {
        "mean": 36.73017164938718,
        "std": 5.0400420892377324,
        "values": [
          42.242611762846956,
          39.11810120981375,
          46.16879161548564,
          33.78316833177792,
          33.71644264292665,
          37.37041263548334,
          34.896876854808674,
          40.5450077960068,
          33.86227832323517,
          42.232710732938365,
          31.658823735237398,
          28.101066957546234,
          28.145163759765683,
          43.966247823111296,
          36.149138646755205,
          32.757900005786695,
          33.72865252802933,
          32.709093538091274,
          45.99304616255998,
          40.42198078004289,
          39.02311557981855,
          40.49469987288737,
          40.4862108671282,
          29.745912659945766,
          37.46435928841519,
          34.9416543116784,
          44.05652470202096,
          31.582093923610795,
          34.87846100145504,
          31.6646014324061
        ]
      },
      "peak_throughput": {
        "mean": 51.0,
        "std": 5.887840577551898,
        "values": [
          53.0,
          53.0,
          64.0,
          48.0,
          45.0,
          53.0,
          47.0,
          57.0,
          48.0,
          59.0,
          42.0,
          47.0,
          44.0,
          56.0,
          56.0,
          43.0,
          50.0,
          50.0,
          61.0,
          56.0,
          52.0,
          50.0,
          57.0,
          45.0,
          51.0,
          44.0,
          60.0,
          42.0,
          50.0,
          47.0
        ]
      },
      "peak_req_throughput": {
        "mean": 51.0,
        "std": 5.887840577551898,
        "values": [
          53.0,
          53.0,
          64.0,
          48.0,
          45.0,
          53.0,
          47.0,
          57.0,
          48.0,
          59.0,
          42.0,
          47.0,
          44.0,
          56.0,
          56.0,
          43.0,
          50.0,
          50.0,
          61.0,
          56.0,
          52.0,
          50.0,
          57.0,
          45.0,
          51.0,
          44.0,
          60.0,
          42.0,
          50.0,
          47.0
        ]
      },
      "ttfr": {
        "mean": 882.1098553055588,
        "std": 46.14271494747737,
        "values": [
          796.1016740300693,
          900.4434990347363,
          826.8250789842568,
          924.9315420165658,
          799.5207010535523,
          896.8045699875802,
          900.7215820020065,
          897.7975160232745,
          793.8278429792263,
          796.215743990615,
          797.828042996116,
          900.2244300208986,
          898.5301770153455,
          930.4093460086733,
          925.0721979769878,
          900.9657410206273,
          904.5227040187456,
          798.1972389970906,
          900.1006860053167,
          901.1963270022534,
          933.5578320315108,
          904.8235670197755,
          902.2539959987625,
          899.9662499991246,
          900.6992360227741,
          903.6624989821576,
          898.538425040897,
          897.8283789474517,
          900.2158169751056,
          931.5130169852637
        ]
      },
      "est_ppt": {
        "mean": 882.1098553055588,
        "std": 46.14271494747737,
        "values": [
          796.1016740300693,
          900.4434990347363,
          826.8250789842568,
          924.9315420165658,
          799.5207010535523,
          896.8045699875802,
          900.7215820020065,
          897.7975160232745,
          793.8278429792263,
          796.215743990615,
          797.828042996116,
          900.2244300208986,
          898.5301770153455,
          930.4093460086733,
          925.0721979769878,
          900.9657410206273,
          904.5227040187456,
          798.1972389970906,
          900.1006860053167,
          901.1963270022534,
          933.5578320315108,
          904.8235670197755,
          902.2539959987625,
          899.9662499991246,
          900.6992360227741,
          903.6624989821576,
          898.538425040897,
          897.8283789474517,
          900.2158169751056,
          931.5130169852637
        ]
      },
      "e2e_ttft": {
        "mean": 882.1098553055588,
        "std": 46.14271494747737,