{
  "version": "0.3.6",
  "timestamp": "2026-05-14 23:54:21Z",
  "latency_mode": "none",
  "latency_ms": 0.0,
  "model": "Qwen/Qwen3.6-27B",
  "prefix_caching_enabled": false,
  "max_concurrency": 1,
  "benchmarks": [
    {
      "concurrency": 1,
      "context_size": 0,
      "prompt_size": 128,
      "response_size": 128,
      "is_context_prefill_phase": false,
      "pp_throughput": {
        "mean": 44755.55207785838,
        "std": 7925.655509384894,
        "values": [
          42260.74977053917,
          33576.936378950995,
          33004.444337228124,
          42320.8768314731,
          48189.02177043591,
          50286.07343980269,
          45002.012228695785,
          32716.181627444377,
          64578.6247017703,
          44049.81391614032,
          40031.281721624524,
          52056.848929647495,
          40858.97403342139,
          55665.761765435534,
          40277.29190387446,
          45175.81956852143,
          47632.657242833186,
          46212.04797074593,
          53236.068808209275,
          58211.84038042739,
          45156.71634124777,
          49256.54219307966,
          48058.05929640803,
          54351.86287171992,
          47120.16703376153,
          33610.22553706271,
          41264.27845509085,
          39711.37748147641,
          30555.009780612167,
          38238.9960180711
        ]
      },
      "pp_req_throughput": {
        "mean": 44755.55207785838,
        "std": 7925.655509384894,
        "values": [
          42260.74977053917,
          33576.936378950995,
          33004.444337228124,
          42320.8768314731,
          48189.02177043591,
          50286.07343980269,
          45002.012228695785,
          32716.181627444377,
          64578.6247017703,
          44049.81391614032,
          40031.281721624524,
          52056.848929647495,
          40858.97403342139,
          55665.761765435534,
          40277.29190387446,
          45175.81956852143,
          47632.657242833186,
          46212.04797074593,
          53236.068808209275,
          58211.84038042739,
          45156.71634124777,
          49256.54219307966,
          48058.05929640803,
          54351.86287171992,
          47120.16703376153,
          33610.22553706271,
          41264.27845509085,
          39711.37748147641,
          30555.009780612167,
          38238.9960180711
        ]
      },
      "tg_throughput": {
        "mean": 33.53424232007858,
        "std": 7.164800330378822,
        "values": [
          46.00167112099291,
          26.291734356501546,
          28.815645582430285,
          28.665052198079543,
          25.960975623364316,
          26.18926996780903,
          28.680120880596164,
          30.886311095302236,
          27.01067542864808,
          33.51836711535644,
          33.46155606607899,
          49.08122818130646,
          26.034515049349764,
          37.984929961100626,
          39.34887806525941,
          32.186275925838935,
          52.335301992809214,
          34.91876303790329,
          32.19152437351584,
          21.972967210787647,
          41.94712162656369,
          30.979399798341866,
          36.1468207058712,
          43.79860086736532,
          32.02118773506256,
          28.792746044373672,
          27.87110332573232,
          36.183249010710085,
          34.80346068004026,
          31.947816575265847
        ]
      },
      "tg_req_throughput": {
        "mean": 33.53424232007858,
        "std": 7.164800330378822,
        "values": [
          46.00167112099291,
          26.291734356501546,
          28.815645582430285,
          28.665052198079543,
          25.960975623364316,
          26.18926996780903,
          28.680120880596164,
          30.886311095302236,
          27.01067542864808,
          33.51836711535644,
          33.46155606607899,
          49.08122818130646,
          26.034515049349764,
          37.984929961100626,
          39.34887806525941,
          32.186275925838935,
          52.335301992809214,
          34.91876303790329,
          32.19152437351584,
          21.972967210787647,
          41.94712162656369,
          30.979399798341866,
          36.1468207058712,
          43.79860086736532,
          32.02118773506256,
          28.792746044373672,
          27.87110332573232,
          36.183249010710085,
          34.80346068004026,
          31.947816575265847
        ]
      },
      "peak_throughput": {
        "mean": 50.833333333333336,
        "std": 12.798654443165326,
        "values": [
          75.0,
          35.0,
          49.0,
          49.0,
          35.0,
          31.0,
          45.0,
          48.0,
          45.0,
          52.0,
          49.0,
          59.0,
          36.0,
          73.0,
          65.0,
          46.0,
          89.0,
          49.0,
          51.0,
          27.0,
          51.0,
          52.0,
          48.0,
          60.0,
          52.0,
          41.0,
          50.0,
          50.0,
          51.0,
          62.0
        ]
      },
      "peak_req_throughput": {
        "mean": 50.833333333333336,
        "std": 12.798654443165326,
        "values": [
          75.0,
          35.0,
          49.0,
          49.0,
          35.0,
          31.0,
          45.0,
          48.0,
          45.0,
          52.0,
          49.0,
          59.0,
          36.0,
          73.0,
          65.0,
          46.0,
          89.0,
          49.0,
          51.0,
          27.0,
          51.0,
          52.0,
          48.0,
          60.0,
          52.0,
          41.0,
          50.0,
          50.0,
          51.0,
          62.0
        ]
      },
      "ttfr": {
        "mean": 3.2221835339441895,
        "std": 0.587601369532668,
        "values": [
          3.2891039736568928,
          4.109964007511735,
          4.241852962877601,
          3.2844310044310987,
          2.90522602153942,
          2.784071024507284,
          3.110972000285983,
          4.279227985534817,
          2.152414992451668,
          3.178220009431243,
          3.4972649882547557,
          2.6509480085223913,
          3.3774710027500987,
          2.515010943170637,
          3.4759039990603924,
          3.0990029918029904,
          2.939159981906414,
          3.0295129981823266,
          2.6297959848307073,
          2.405008999630809,
          3.1003140029497445,
          2.8422620380297303,
          2.9131430201232433,
          2.5574100436642766,
          2.9711269889958203,
          4.16539900470525,
          3.3927650074474514,
          3.525438020005822,
          4.581900022458285,
          3.6611839896067977
        ]
      },
      "est_ppt": {
        "mean": 3.2221835339441895,
        "std": 0.587601369532668,
        "values": [
          3.2891039736568928,
          4.109964007511735,
          4.241852962877601,
          3.2844310044310987,
          2.90522602153942,
          2.784071024507284,
          3.110972000285983,
          4.279227985534817,
          2.152414992451668,
          3.178220009431243,
          3.4972649882547557,
          2.6509480085223913,
          3.3774710027500987,
          2.515010943170637,
          3.4759039990603924,
          3.0990029918029904,
          2.939159981906414,
          3.0295129981823266,
          2.6297959848307073,
          2.405008999630809,
          3.1003140029497445,
          2.8422620380297303,
          2.9131430201232433,
          2.5574100436642766,
          2.9711269889958203,
          4.16539900470525,
          3.3927650074474514,
          3.525438020005822,
          4.581900022458285,
          3.6611839896067977
        ]
      },
      "e2e_ttft": {
        "mean": 682.3680996720213,
        "std": 65.9291388749479,