{
  "version": "0.3.6",
  "timestamp": "2026-05-14 23:46:29Z",
  "latency_mode": "none",
  "latency_ms": 0.0,
  "model": "Qwen/Qwen3.6-27B",
  "prefix_caching_enabled": false,
  "max_concurrency": 1,
  "benchmarks": [
    {
      "concurrency": 1,
      "context_size": 0,
      "prompt_size": 128,
      "response_size": 128,
      "is_context_prefill_phase": false,
      "pp_throughput": {
        "mean": 39886.058216416146,
        "std": 7585.164889071922,
        "values": [
          28027.708343964703,
          40259.90437277813,
          34807.87564195513,
          45450.14391566274,
          47755.65865743624,
          44507.06966315042,
          60091.025538398746,
          40844.87372192331,
          41817.83905533762,
          47082.98781156096,
          44024.40920944397,
          42153.79915837176,
          44723.82074682015,
          35732.26457021756,
          44990.0047206428,
          27529.44745633593,
          37820.15602938364,
          30492.197326162066,
          30564.39134135878,
          41263.37004499092,
          38743.356570122334,
          31254.19680920912,
          35626.18844113697,
          44243.6737785207,
          47162.5320216669,
          39522.09660973752,
          53310.69068212947,
          29089.940143131047,
          37146.81198901475,
          30543.312121920022
        ]
      },
      "pp_req_throughput": {
        "mean": 39886.058216416146,
        "std": 7585.164889071922,
        "values": [
          28027.708343964703,
          40259.90437277813,
          34807.87564195513,
          45450.14391566274,
          47755.65865743624,
          44507.06966315042,
          60091.025538398746,
          40844.87372192331,
          41817.83905533762,
          47082.98781156096,
          44024.40920944397,
          42153.79915837176,
          44723.82074682015,
          35732.26457021756,
          44990.0047206428,
          27529.44745633593,
          37820.15602938364,
          30492.197326162066,
          30564.39134135878,
          41263.37004499092,
          38743.356570122334,
          31254.19680920912,
          35626.18844113697,
          44243.6737785207,
          47162.5320216669,
          39522.09660973752,
          53310.69068212947,
          29089.940143131047,
          37146.81198901475,
          30543.312121920022
        ]
      },
      "tg_throughput": {
        "mean": 48.9562708886277,
        "std": 14.46410772537135,
        "values": [
          41.61969915021233,
          42.04316365260684,
          49.422937470567106,
          44.01249849856908,
          56.10872606195666,
          56.140255257651425,
          44.05347433804121,
          37.95496583156151,
          93.14118384206616,
          46.649762903979656,
          33.42611499912625,
          38.14369322303199,
          52.46497978544099,
          46.58730529537005,
          84.12614273753246,
          83.9279527997484,
          48.933408795309894,
          41.69478030321931,
          34.86118223416964,
          49.19355622294719,
          52.1524538563733,
          51.97652166681783,
          36.33913908123311,
          55.7797744125925,
          46.17901807088485,
          30.8475125859705,
          42.043457831858845,
          36.57565083880369,
          52.451188983591926,
          39.83762592759633
        ]
      },
      "tg_req_throughput": {
        "mean": 48.9562708886277,
        "std": 14.46410772537135,
        "values": [
          41.61969915021233,
          42.04316365260684,
          49.422937470567106,
          44.01249849856908,
          56.10872606195666,
          56.140255257651425,
          44.05347433804121,
          37.95496583156151,
          93.14118384206616,
          46.649762903979656,
          33.42611499912625,
          38.14369322303199,
          52.46497978544099,
          46.58730529537005,
          84.12614273753246,
          83.9279527997484,
          48.933408795309894,
          41.69478030321931,
          34.86118223416964,
          49.19355622294719,
          52.1524538563733,
          51.97652166681783,
          36.33913908123311,
          55.7797744125925,
          46.17901807088485,
          30.8475125859705,
          42.043457831858845,
          36.57565083880369,
          52.451188983591926,
          39.83762592759633
        ]
      },
      "peak_throughput": {
        "mean": 63.8,
        "std": 16.483122681498592,
        "values": [
          59.0,
          59.0,
          63.0,
          61.0,
          84.0,
          88.0,
          58.0,
          56.0,
          104.0,
          72.0,
          43.0,
          46.0,
          58.0,
          70.0,
          99.0,
          99.0,
          65.0,
          56.0,
          50.0,
          68.0,
          58.0,
          55.0,
          51.0,
          79.0,
          63.0,
          39.0,
          53.0,
          43.0,
          59.0,
          56.0
        ]
      },
      "peak_req_throughput": {
        "mean": 63.8,
        "std": 16.483122681498592,
        "values": [
          59.0,
          59.0,
          63.0,
          61.0,
          84.0,
          88.0,
          58.0,
          56.0,
          104.0,
          72.0,
          43.0,
          46.0,
          58.0,
          70.0,
          99.0,
          99.0,
          65.0,
          56.0,
          50.0,
          68.0,
          58.0,
          55.0,
          51.0,
          79.0,
          63.0,
          39.0,
          53.0,
          43.0,
          59.0,
          56.0
        ]
      },
      "ttfr": {
        "mean": 3.5802709637209773,
        "std": 0.7006888529721694,
        "values": [
          4.923699016217142,
          3.4277279628440738,
          3.964620002079755,
          3.0362940160557628,
          2.868769981432706,
          3.100631001871079,
          2.2965159732848406,
          3.3786369604058564,
          3.3000270486809313,
          2.9309949604794383,
          3.1119100167416036,
          3.2262809691019356,
          3.0856039957143366,
          3.8060839870013297,
          3.0673479777760804,
          5.012814013753086,
          3.6488479818217456,
          4.525747965089977,
          4.515058011747897,
          3.320135991089046,
          3.5619009868241847,
          4.415407020132989,
          3.873554989695549,
          3.1190899899229407,
          2.8836450073868036,
          3.4411129890941083,
          2.5885989889502525,
          4.743908008094877,
          3.714989055879414,
          4.518174042459577
        ]
      },
      "est_ppt": {
        "mean": 3.5802709637209773,
        "std": 0.7006888529721694,
        "values": [
          4.923699016217142,
          3.4277279628440738,
          3.964620002079755,
          3.0362940160557628,
          2.868769981432706,
          3.100631001871079,
          2.2965159732848406,
          3.3786369604058564,
          3.3000270486809313,
          2.9309949604794383,
          3.1119100167416036,
          3.2262809691019356,
          3.0856039957143366,
          3.8060839870013297,
          3.0673479777760804,
          5.012814013753086,
          3.6488479818217456,
          4.525747965089977,
          4.515058011747897,
          3.320135991089046,
          3.5619009868241847,
          4.415407020132989,
          3.873554989695549,
          3.1190899899229407,
          2.8836450073868036,
          3.4411129890941083,
          2.5885989889502525,
          4.743908008094877,
          3.714989055879414,
          4.518174042459577
        ]
      },
      "e2e_ttft": {
        "mean": 568.1346105295233,
        "std": 5.118652764283412,