{
  "version": "0.3.6",
  "timestamp": "2026-05-14 23:51:43Z",
  "latency_mode": "none",
  "latency_ms": 0.0,
  "model": "Qwen/Qwen3.6-27B",
  "prefix_caching_enabled": false,
  "max_concurrency": 1,
  "benchmarks": [
    {
      "concurrency": 1,
      "context_size": 0,
      "prompt_size": 128,
      "response_size": 128,
      "is_context_prefill_phase": false,
      "pp_throughput": {
        "mean": 40384.38541801528,
        "std": 6828.1089009134175,
        "values": [
          43160.52135550479,
          31313.535696016526,
          51469.37685200862,
          61879.69544468141,
          51047.81111656688,
          47688.309550957376,
          38114.756840753216,
          42787.61258514025,
          35313.28172649141,
          35811.772737343395,
          47686.76554813135,
          40722.20265247268,
          43611.261244486515,
          36297.875896478494,
          35721.721361055475,
          34918.430766083715,
          42063.604630725364,
          33081.636888336136,
          36768.298272479136,
          39823.51362860522,
          40352.47721060097,
          37044.61283425713,
          36906.02019937167,
          34246.583284922366,
          45577.20449636607,
          45271.5922973334,
          40567.43372275409,
          31117.721645849684,
          30402.502976786946,
          40763.429077898014
        ]
      },
      "pp_req_throughput": {
        "mean": 40384.38541801528,
        "std": 6828.1089009134175,
        "values": [
          43160.52135550479,
          31313.535696016526,
          51469.37685200862,
          61879.69544468141,
          51047.81111656688,
          47688.309550957376,
          38114.756840753216,
          42787.61258514025,
          35313.28172649141,
          35811.772737343395,
          47686.76554813135,
          40722.20265247268,
          43611.261244486515,
          36297.875896478494,
          35721.721361055475,
          34918.430766083715,
          42063.604630725364,
          33081.636888336136,
          36768.298272479136,
          39823.51362860522,
          40352.47721060097,
          37044.61283425713,
          36906.02019937167,
          34246.583284922366,
          45577.20449636607,
          45271.5922973334,
          40567.43372275409,
          31117.721645849684,
          30402.502976786946,
          40763.429077898014
        ]
      },
      "tg_throughput": {
        "mean": 26.24462482789962,
        "std": 5.3723577767887605,
        "values": [
          23.463949675146708,
          21.86687273783766,
          20.25480260341022,
          22.37083476992538,
          31.742887291864626,
          23.614133267879513,
          27.716771672025782,
          23.741584337065454,
          21.788314175110525,
          39.283971885124686,
          25.10926015304031,
          20.15529355653805,
          35.91288030672288,
          19.247187250611173,
          26.635750303711376,
          28.474030137617255,
          22.319045282920598,
          25.883305203541223,
          34.50500596459151,
          26.0093386449358,
          22.357242125892647,
          25.820499349898558,
          19.243503441480353,
          21.834802751524816,
          27.361181550478484,
          31.579278096160586,
          35.96226404185901,
          23.585752510065106,
          25.095005665346196,
          34.40399608466203
        ]
      },
      "tg_req_throughput": {
        "mean": 26.24462482789962,
        "std": 5.3723577767887605,
        "values": [
          23.463949675146708,
          21.86687273783766,
          20.25480260341022,
          22.37083476992538,
          31.742887291864626,
          23.614133267879513,
          27.716771672025782,
          23.741584337065454,
          21.788314175110525,
          39.283971885124686,
          25.10926015304031,
          20.15529355653805,
          35.91288030672288,
          19.247187250611173,
          26.635750303711376,
          28.474030137617255,
          22.319045282920598,
          25.883305203541223,
          34.50500596459151,
          26.0093386449358,
          22.357242125892647,
          25.820499349898558,
          19.243503441480353,
          21.834802751524816,
          27.361181550478484,
          31.579278096160586,
          35.96226404185901,
          23.585752510065106,
          25.095005665346196,
          34.40399608466203
        ]
      },
      "peak_throughput": {
        "mean": 44.266666666666666,
        "std": 11.51211921797585,
        "values": [
          55.0,
          28.0,
          32.0,
          33.0,
          47.0,
          46.0,
          52.0,
          48.0,
          34.0,
          77.0,
          51.0,
          28.0,
          65.0,
          26.0,
          53.0,
          45.0,
          27.0,
          43.0,
          52.0,
          39.0,
          43.0,
          46.0,
          27.0,
          39.0,
          50.0,
          47.0,
          53.0,
          42.0,
          49.0,
          51.0
        ]
      },
      "peak_req_throughput": {
        "mean": 44.266666666666666,
        "std": 11.51211921797585,
        "values": [
          55.0,
          28.0,
          32.0,
          33.0,
          47.0,
          46.0,
          52.0,
          48.0,
          34.0,
          77.0,
          51.0,
          28.0,
          65.0,
          26.0,
          53.0,
          45.0,
          27.0,
          43.0,
          52.0,
          39.0,
          43.0,
          46.0,
          27.0,
          39.0,
          50.0,
          47.0,
          53.0,
          42.0,
          49.0,
          51.0
        ]
      },
      "ttfr": {
        "mean": 3.5583794058766216,
        "std": 0.5512296773769177,
        "values": [
          3.2437050249427557,
          4.470910003874451,
          2.720064017921686,
          2.2786149638704956,
          2.7425269945524633,
          2.935729979071766,
          3.6731180152855814,
          3.271975030656904,
          3.9645140059292316,
          3.9093289524316788,
          2.935825032182038,
          3.4379279823042452,
          3.2101800316013396,
          3.856975003145635,
          3.919184033293277,
          4.00934397475794,
          3.3282929798588157,
          4.231955041177571,
          3.8076279452070594,
          3.515510994475335,
          3.444646019488573,
          3.779226972255856,
          3.7934190477244556,
          4.117199045140296,
          3.0717109912075102,
          3.0924470047466457,
          3.4510440309531987,
          4.499044036492705,
          4.604884015861899,
          3.43445100588724
        ]
      },
      "est_ppt": {
        "mean": 3.5583794058766216,
        "std": 0.5512296773769177,
        "values": [
          3.2437050249427557,
          4.470910003874451,
          2.720064017921686,
          2.2786149638704956,
          2.7425269945524633,
          2.935729979071766,
          3.6731180152855814,
          3.271975030656904,
          3.9645140059292316,
          3.9093289524316788,
          2.935825032182038,
          3.4379279823042452,
          3.2101800316013396,
          3.856975003145635,
          3.919184033293277,
          4.00934397475794,
          3.3282929798588157,
          4.231955041177571,
          3.8076279452070594,
          3.515510994475335,
          3.444646019488573,
          3.779226972255856,
          3.7934190477244556,
          4.117199045140296,
          3.0717109912075102,
          3.0924470047466457,
          3.4510440309531987,
          4.499044036492705,
          4.604884015861899,
          3.43445100588724
        ]
      },
      "e2e_ttft": {
        "mean": 775.5457242698564,
        "std": 79.2298765992711,