{
  "receipt_dir": "/home/user/work/dflash-lucebox-gb10-spark3/llama-benchy-fixed-serving-grid-20260514_164136",
  "rows": [
    {
      "tag": "dflash-sherlock-thinkON",
      "corpus": "sherlock",
      "think": "ON",
      "runs": 30,
      "warm_n": 29,
      "prompt_size": 128,
      "response_size": 128,
      "concurrency": 1,
      "tg_values": [
        39.29343848305817,
        37.739525293525965,
        64.48227591797986,
        75.59278398546155,
        39.79716377066703,
        36.32618097653786,
        69.74998730161803,
        63.68213858991482,
        75.39782254129506,
        41.56894418834055,
        75.96628533206379,
        59.66764299777125,
        59.58343439939874,
        75.4909507629675,
        69.19320723168293,
        36.02161316344209,
        33.269420985669925,
        37.850954794524775,
        31.872282937452617,
        46.32697371359169,
        43.48853686404675,
        39.540444010186455,
        59.41793862707012,
        51.64807322037785,
        82.98765457504365,
        55.17347846939473,
        75.07632443857956,
        37.723524196634465,
        83.67801879634085,
        48.73910713234396
      ],
      "tg_mean_all": 54.878204256566086,
      "tg_median_all": 53.41077584488629,
      "tg_mean_warm": 55.41560997289395,
      "tg_median_warm": 55.17347846939473,
      "tg_std_warm": 16.468577980629032,
      "ttfr_median_warm_ms": 3.3974069519899786,
      "pp_mean": 41283.316378216055,
      "fallback_detected": false,
      "tokenid_smoke": {
        "content_chunks": 13,
        "noids": 0,
        "total_ids": 16,
        "usage": {
          "prompt_tokens": 19,
          "completion_tokens": 16,
          "total_tokens": 35
        },
        "examples_missing": []
      },
      "server_dflash_generated_token_counts_tail": [],
      "server_dflash_tps_tail": [],
      "raw_json": "/home/user/work/dflash-lucebox-gb10-spark3/llama-benchy-fixed-serving-grid-20260514_164136/dflash-sherlock-thinkON.json",
      "bench_log": "/home/user/work/dflash-lucebox-gb10-spark3/llama-benchy-fixed-serving-grid-20260514_164136/dflash-sherlock-thinkON_bench.log",
      "server_log": "/home/user/work/dflash-lucebox-gb10-spark3/llama-benchy-fixed-serving-grid-20260514_164136/dflash-sherlock-thinkON_server.log",
      "bench_cmd": "/home/user/work/dflash-lucebox-gb10-spark3/llama-benchy-fixed-serving-grid-20260514_164136/dflash-sherlock-thinkON_bench_cmd.sh",
      "server_cmd": "/home/user/work/dflash-lucebox-gb10-spark3/llama-benchy-fixed-serving-grid-20260514_164136/dflash-sherlock-thinkON_server_cmd.sh",
      "eligible_standard": true
    },
    {
      "tag": "dflash-sherlock-thinkOFF",
      "corpus": "sherlock",
      "think": "OFF",
      "runs": 30,
      "warm_n": 29,
      "prompt_size": 128,
      "response_size": 128,
      "concurrency": 1,
      "tg_values": [
        23.463949675146708,
        21.86687273783766,
        20.25480260341022,
        22.37083476992538,
        31.742887291864626,
        23.614133267879513,
        27.716771672025782,
        23.741584337065454,
        21.788314175110525,
        39.283971885124686,
        25.10926015304031,
        20.15529355653805,
        35.91288030672288,
        19.247187250611173,
        26.635750303711376,
        28.474030137617255,
        22.319045282920598,
        25.883305203541223,
        34.50500596459151,
        26.0093386449358,
        22.357242125892647,
        25.820499349898558,
        19.243503441480353,
        21.834802751524816,
        27.361181550478484,
        31.579278096160586,
        35.96226404185901,
        23.585752510065106,
        25.095005665346196,
        34.40399608466203
      ],
      "tg_mean_all": 26.244624827899617,
      "tg_median_all": 25.10213290919325,
      "tg_mean_warm": 26.340510177994545,
      "tg_median_warm": 25.10926015304031,
      "tg_std_warm": 5.438902215993467,
      "ttfr_median_warm_ms": 3.515510994475335,
      "pp_mean": 40384.38541801528,
      "fallback_detected": false,
      "tokenid_smoke": {
        "content_chunks": 13,
        "noids": 0,
        "total_ids": 16,
        "usage": {
          "prompt_tokens": 21,
          "completion_tokens": 16,
          "total_tokens": 37
        }
      },
      "server_dflash_generated_token_counts_tail": [],
      "server_dflash_tps_tail": [],
      "raw_json": "/home/user/work/dflash-lucebox-gb10-spark3/llama-benchy-fixed-serving-grid-20260514_164136/dflash-sherlock-thinkOFF.json",
      "bench_log": "/home/user/work/dflash-lucebox-gb10-spark3/llama-benchy-fixed-serving-grid-20260514_164136/dflash-sherlock-thinkOFF_bench.log",
      "server_log": "/home/user/work/dflash-lucebox-gb10-spark3/llama-benchy-fixed-serving-grid-20260514_164136/dflash-sherlock-thinkOFF_server.log",
      "bench_cmd": "/home/user/work/dflash-lucebox-gb10-spark3/llama-benchy-fixed-serving-grid-20260514_164136/dflash-sherlock-thinkOFF_bench_cmd.sh",
      "server_cmd": "/home/user/work/dflash-lucebox-gb10-spark3/llama-benchy-fixed-serving-grid-20260514_164136/dflash-sherlock-thinkOFF_server_cmd.sh",
      "eligible_standard": true
    },
    {
      "tag": "dflash-codegen-thinkON",
      "corpus": "codegen",
      "think": "ON",
      "runs": 30,
      "warm_n": 29,
      "prompt_size": 128,
      "response_size": 128,
      "concurrency": 1,
      "tg_values": [
        41.61969915021233,
        42.04316365260684,
        49.422937470567106,
        44.01249849856908,
        56.10872606195666,
        56.140255257651425,
        44.05347433804121,
        37.95496583156151,
        93.14118384206616,
        46.649762903979656,
        33.42611499912625,
        38.14369322303199,
        52.46497978544099,
        46.58730529537005,
        84.12614273753246,
        83.9279527997484,
        48.933408795309894,
        41.69478030321931,
        34.86118223416964,
        49.19355622294719,
        52.1524538563733,
        51.97652166681783,
        36.33913908123311,
        55.7797744125925,
        46.17901807088485,
        30.8475125859705,
        42.043457831858845,
        36.57565083880369,
        52.451188983591926,
        39.83762592759633
      ],
      "tg_mean_all": 48.9562708886277,
      "tg_median_all": 46.383161683127454,
      "tg_mean_warm": 49.20925612098685,
      "tg_median_warm": 46.58730529537005,
      "tg_std_warm": 14.645972777707986,
      "ttfr_median_warm_ms": 3.3786369604058564,
      "pp_mean": 39886.058216416146,
      "fallback_detected": false,
      "tokenid_smoke": {
        "content_chunks": 13,
        "noids": 0,
        "total_ids": 16,
        "usage": {
          "prompt_tokens": 19,
          "completion_tokens": 16,
          "total_tokens": 35
        },
        "examples_missing": []
      },
      "server_dflash_generated_token_counts_tail": [],
      "server_dflash_tps_tail": [],
      "raw_json": "/home/user/work/dflash-lucebox-gb10-spark3/llama-benchy-fixed-serving-grid-20260514_164136/dflash-codegen-thinkON.json",
      "bench_log": "/home/user/work/dflash-lucebox-gb10-spark3/llama-benchy-fixed-serving-grid-20260514_164136/dflash-codegen-thinkON_bench.log",
      "server_log": "/home/user/work/dflash-lucebox-gb10-spark3/llama-benchy-fixed-serving-grid-20260514_164136/dflash-codegen-thinkON_server.log",
      "bench_cmd": "/home/user/work/dflash-lucebox-gb10-spark3/llama-benchy-fixed-serving-grid-20260514_164136/dflash-codegen-thinkON_bench_cmd.sh",
      "server_cmd": "/home/user/work/dflash-lucebox-gb10-spark3/llama-benchy-fixed-serving-grid-20260514_164136/dflash-codegen-thinkON_server_cmd.sh",
      "eligible_standard": true
    },
    {
      "tag": "dflash-codegen-thinkOFF",
      "corpus": "codegen",
      "think": "OFF",
      "runs": 30,
      "warm_n": 29,
      "prompt_size": 128,
      "response_size": 128,
      "concurrency": 1,