{
  "version": "0.3.7",
  "timestamp": "2026-05-16 06:44:43Z",
  "latency_mode": "none",
  "latency_ms": 0.0,
  "model": "aeon-ultimate",
  "prefix_caching_enabled": false,
  "max_concurrency": 1,
  "benchmarks": [
    {
      "concurrency": 1,
      "context_size": 0,
      "prompt_size": 2048,
      "response_size": 128,
      "is_context_prefill_phase": false,
      "pp_throughput": {
        "mean": 2648.6334737312573,
        "std": 145.4878027701355,
        "values": [
          1958.968653971744,
          2457.5862322541516,
          2541.3995875092915,
          2555.024447289062,
          2627.4665242769797,
          2677.5489054769687,
          2618.0927000187226,
          2681.6073807711127,
          2636.3306835307376,
          2671.7152894245482,
          2689.473369534678,
          2602.0203921624643,
          2673.910773307966,
          2613.6754445175284,
          2697.938551972046,
          2692.2728731799543,
          2734.995257881572,
          2711.730440477629,
          2713.321959030885,
          2733.804948637379,
          2658.39201877309,
          2776.4119964093825,
          2721.886313991613,
          2726.070362661653,
          2732.4892905067795,
          2718.063427006916,
          2750.90364584667,
          2739.595220176053,
          2728.4975391662115,
          2617.8099821739297
        ]
      },
      "pp_req_throughput": {
        "mean": 2648.6334737312573,
        "std": 145.4878027701355,
        "values": [
          1958.968653971744,
          2457.5862322541516,
          2541.3995875092915,
          2555.024447289062,
          2627.4665242769797,
          2677.5489054769687,
          2618.0927000187226,
          2681.6073807711127,
          2636.3306835307376,
          2671.7152894245482,
          2689.473369534678,
          2602.0203921624643,
          2673.910773307966,
          2613.6754445175284,
          2697.938551972046,
          2692.2728731799543,
          2734.995257881572,
          2711.730440477629,
          2713.321959030885,
          2733.804948637379,
          2658.39201877309,
          2776.4119964093825,
          2721.886313991613,
          2726.070362661653,
          2732.4892905067795,
          2718.063427006916,
          2750.90364584667,
          2739.595220176053,
          2728.4975391662115,
          2617.8099821739297
        ]
      },
      "tg_throughput": {
        "mean": 12.0390667412863,
        "std": 0.011084476862759875,
        "values": [
          12.061340189116574,
          12.0406638836584,
          12.039666701953427,
          12.02984025285585,
          12.029077821221945,
          12.037265559292806,
          12.03663741416158,
          12.079834130052104,
          12.029661941404592,
          12.038595259387977,
          12.035353732930279,
          12.040481284349354,
          12.037771191471087,
          12.0365140968814,
          12.032028524400676,
          12.03241200191712,
          12.043369243454721,
          12.02664988072358,
          12.027180639591707,
          12.043032946709344,
          12.050442467867562,
          12.02719683621907,
          12.043637736180587,
          12.044283277387144,
          12.043593489369186,
          12.051087215622232,
          12.036696972974012,
          12.040375526721908,
          12.022050867701617,
          12.035261153011145
        ]
      },
      "tg_req_throughput": {
        "mean": 12.0390667412863,
        "std": 0.011084476862759875,
        "values": [
          12.061340189116574,
          12.0406638836584,
          12.039666701953427,
          12.02984025285585,
          12.029077821221945,
          12.037265559292806,
          12.03663741416158,
          12.079834130052104,
          12.029661941404592,
          12.038595259387977,
          12.035353732930279,
          12.040481284349354,
          12.037771191471087,
          12.0365140968814,
          12.032028524400676,
          12.03241200191712,
          12.043369243454721,
          12.02664988072358,
          12.027180639591707,
          12.043032946709344,
          12.050442467867562,
          12.02719683621907,
          12.043637736180587,
          12.044283277387144,
          12.043593489369186,
          12.051087215622232,
          12.036696972974012,
          12.040375526721908,
          12.022050867701617,
          12.035261153011145
        ]
      },
      "peak_throughput": {
        "mean": 13.0,
        "std": 0.0,
        "values": [
          13.0,
          13.0,
          13.0,
          13.0,
          13.0,
          13.0,
          13.0,
          13.0,
          13.0,
          13.0,
          13.0,
          13.0,
          13.0,
          13.0,
          13.0,
          13.0,
          13.0,
          13.0,
          13.0,
          13.0,
          13.0,
          13.0,
          13.0,
          13.0,
          13.0,
          13.0,
          13.0,
          13.0,
          13.0,
          13.0
        ]
      },
      "peak_req_throughput": {
        "mean": 13.0,
        "std": 0.0,
        "values": [
          13.0,
          13.0,
          13.0,
          13.0,
          13.0,
          13.0,
          13.0,
          13.0,
          13.0,
          13.0,
          13.0,
          13.0,
          13.0,
          13.0,
          13.0,
          13.0,
          13.0,
          13.0,
          13.0,
          13.0,
          13.0,
          13.0,
          13.0,
          13.0,
          13.0,
          13.0,
          13.0,
          13.0,
          13.0,
          13.0
        ]
      },
      "ttfr": {
        "mean": 779.9524462684834,
        "std": 54.20521275908937,
        "values": [
          1050.0423249904998,
          837.4070349964313,
          809.7900110296905,
          805.4717449704185,
          783.2640229607932,
          768.6134119867347,
          786.0684230108745,
          767.4501549918205,
          780.6304470286705,
          770.2916580019519,
          765.2055689832196,
          791.3081719889306,
          769.6591900312342,
          787.0143189793453,
          762.8046229947358,
          764.4098859746009,
          752.4693119921722,
          758.9249909506179,
          758.4798380266875,
          752.7969400398433,
          774.5283560361713,
          741.244456032291,
          756.0932980268262,
          754.9328249879181,
          753.1594019965269,
          757.1567239938304,
          748.1178059824742,
          751.2058660504408,
          754.2612630059011,
          785.7713180128485
        ]
      },
      "est_ppt": {
        "mean": 779.9524462684834,
        "std": 54.20521275908937,
        "values": [
          1050.0423249904998,
          837.4070349964313,
          809.7900110296905,
          805.4717449704185,
          783.2640229607932,
          768.6134119867347,
          786.0684230108745,
          767.4501549918205,
          780.6304470286705,
          770.2916580019519,
          765.2055689832196,
          791.3081719889306,
          769.6591900312342,
          787.0143189793453,
          762.8046229947358,
          764.4098859746009,
          752.4693119921722,
          758.9249909506179,
          758.4798380266875,
          752.7969400398433,
          774.5283560361713,
          741.244456032291,
          756.0932980268262,
          754.9328249879181,
          753.1594019965269,
          757.1567239938304,
          748.1178059824742,
          751.2058660504408,
          754.2612630059011,
          785.7713180128485
        ]
      },
      "e2e_ttft": {
        "mean": 779.9524462684834,
        "std": 54.20521275908937,