{
  "version": "0.3.7",
  "timestamp": "2026-05-13 19:41:25Z",
  "latency_mode": "api",
  "latency_ms": 2.1032586810179055,
  "model": "qwen36-27b",
  "prefix_caching_enabled": false,
  "max_concurrency": 1,
  "benchmarks": [
    {
      "concurrency": 1,
      "context_size": 0,
      "prompt_size": 65536,
      "response_size": 128,
      "is_context_prefill_phase": false,
      "pp_throughput": {
        "mean": 2086.808406603802,
        "std": 5.96871981794451,
        "values": [
          2091.848215564428,
          2073.1592672502,
          2083.5495149145404,
          2088.152107450443,
          2086.6114934318693,
          2096.057026026781,
          2091.0195406829903,
          2087.1402720412407,
          2092.825436652643,
          2090.5450310377137,
          2087.147817920946,
          2079.042425860206,
          2092.9532883461807,
          2089.290440332929,
          2088.6417583562616,
          2079.6886048966194,
          2089.6629995271564,
          2093.127844206765,
          2087.014671641934,
          2079.748939127828,
          2087.3988059471317,
          2086.2913117431694,
          2069.938902317624,
          2088.908405773978,
          2091.7185614667947,
          2093.973846003754,
          2087.6830112476687,
          2087.6042210285427,
          2078.8259840189216,
          2084.6824532967935
        ]
      },
      "pp_req_throughput": {
        "mean": 2086.808406603802,
        "std": 5.96871981794451,
        "values": [
          2091.848215564428,
          2073.1592672502,
          2083.5495149145404,
          2088.152107450443,
          2086.6114934318693,
          2096.057026026781,
          2091.0195406829903,
          2087.1402720412407,
          2092.825436652643,
          2090.5450310377137,
          2087.147817920946,
          2079.042425860206,
          2092.9532883461807,
          2089.290440332929,
          2088.6417583562616,
          2079.6886048966194,
          2089.6629995271564,
          2093.127844206765,
          2087.014671641934,
          2079.748939127828,
          2087.3988059471317,
          2086.2913117431694,
          2069.938902317624,
          2088.908405773978,
          2091.7185614667947,
          2093.973846003754,
          2087.6830112476687,
          2087.6042210285427,
          2078.8259840189216,
          2084.6824532967935
        ]
      },
      "tg_throughput": {
        "mean": 17.096573504226193,
        "std": 3.6505319522947617,
        "values": [
          16.413518387864915,
          14.438827543526147,
          13.5065716559534,
          18.541533013866093,
          16.378818416429596,
          34.63057081107547,
          16.75253509399675,
          14.082911840515898,
          17.94060920560169,
          16.649231920870427,
          16.692731229479946,
          14.59379176780688,
          16.688957684762748,
          19.40518787263095,
          14.037755717405576,
          16.677778409501833,
          14.589647958890318,
          18.400447427426943,
          18.864565926420564,
          15.894112612877862,
          16.63843401711614,
          17.9479196061887,
          18.34303259802154,
          18.371979846118464,
          12.771876101947699,
          17.458499526835737,
          16.268322300964606,
          17.053619723443607,
          15.846891591918242,
          17.016525317327112
        ]
      },
      "tg_req_throughput": {
        "mean": 17.096573504226193,
        "std": 3.6505319522947617,
        "values": [
          16.413518387864915,
          14.438827543526147,
          13.5065716559534,
          18.541533013866093,
          16.378818416429596,
          34.63057081107547,
          16.75253509399675,
          14.082911840515898,
          17.94060920560169,
          16.649231920870427,
          16.692731229479946,
          14.59379176780688,
          16.688957684762748,
          19.40518787263095,
          14.037755717405576,
          16.677778409501833,
          14.589647958890318,
          18.400447427426943,
          18.864565926420564,
          15.894112612877862,
          16.63843401711614,
          17.9479196061887,
          18.34303259802154,
          18.371979846118464,
          12.771876101947699,
          17.458499526835737,
          16.268322300964606,
          17.053619723443607,
          15.846891591918242,
          17.016525317327112
        ]
      },
      "peak_throughput": {
        "mean": 29.6,
        "std": 8.464041587799532,
        "values": [
          26.0,
          29.0,
          29.0,
          33.0,
          26.0,
          74.0,
          25.0,
          27.0,
          29.0,
          28.0,
          26.0,
          26.0,
          31.0,
          29.0,
          25.0,
          27.0,
          27.0,
          29.0,
          29.0,
          28.0,
          28.0,
          30.0,
          28.0,
          31.0,
          26.0,
          30.0,
          27.0,
          31.0,
          27.0,
          27.0
        ]
      },
      "peak_req_throughput": {
        "mean": 29.6,
        "std": 8.464041587799532,
        "values": [
          26.0,
          29.0,
          29.0,
          33.0,
          26.0,
          74.0,
          25.0,
          27.0,
          29.0,
          28.0,
          26.0,
          26.0,
          31.0,
          29.0,
          25.0,
          27.0,
          27.0,
          29.0,
          29.0,
          28.0,
          28.0,
          30.0,
          28.0,
          31.0,
          26.0,
          30.0,
          27.0,
          31.0,
          27.0,
          27.0
        ]
      },
      "ttfr": {
        "mean": 31407.76800493283,
        "std": 90.22785194714673,
        "values": [
          31331.8142350181,
          31614.242776995525,
          31456.599314988125,
          31387.269006983843,
          31410.441708983853,
          31268.428165989462,
          31344.230256974697,
          31402.484382037073,
          31317.18518200796,
          31351.34425899014,
          31402.37085701665,
          31524.788503011223,
          31314.794451987837,
          31370.169055007864,
          31379.911223019008,
          31515.47494600527,
          31364.576544961892,
          31312.66089202836,
          31404.374114994425,
          31514.079904998653,
          31398.595300968736,
          31415.261925023515,
          31663.907347014174,
          31375.905871973373,
          31333.75619101571,
          31300.01088301651,
          31394.32116097305,
          31395.98498196574,
          31528.551602037624,
          31439.505101996474
        ]
      },
      "est_ppt": {
        "mean": 31405.664746251812,
        "std": 90.22785194714673,
        "values": [
          31329.710976337083,
          31612.139518314507,
          31454.496056307107,
          31385.165748302825,
          31408.338450302836,
          31266.324907308444,
          31342.12699829368,
          31400.381123356055,
          31315.081923326943,
          31349.24100030912,
          31400.26759833563,
          31522.685244330205,
          31312.69119330682,
          31368.065796326846,
          31377.80796433799,
          31513.371687324252,
          31362.473286280874,
          31310.557633347344,
          31402.270856313407,
          31511.976646317635,
          31396.49204228772,
          31413.158666342497,
          31661.804088333156,
          31373.802613292355,
          31331.65293233469,
          31297.907624335494,
          31392.21790229203,
          31393.88172328472,
          31526.448343356606,
          31437.401843315456
        ]
      },
      "e2e_ttft": {
        "mean": 31408.457028165383,
        "std": 90.27024154900252,