{
  "version": "0.3.7",
  "timestamp": "2026-05-13 19:21:50Z",
  "latency_mode": "api",
  "latency_ms": 1.3930376541490357,
  "model": "qwen36-27b",
  "prefix_caching_enabled": false,
  "max_concurrency": 1,
  "benchmarks": [
    {
      "concurrency": 1,
      "context_size": 0,
      "prompt_size": 65536,
      "response_size": 128,
      "is_context_prefill_phase": false,
      "pp_throughput": {
        "mean": 2097.9053456312895,
        "std": 0.0,
        "values": [
          2097.9053456312895
        ]
      },
      "pp_req_throughput": {
        "mean": 2097.9053456312895,
        "std": 0.0,
        "values": [
          2097.9053456312895
        ]
      },
      "tg_throughput": {
        "mean": 18.07929483866369,
        "std": 0.0,
        "values": [
          18.07929483866369
        ]
      },
      "tg_req_throughput": {
        "mean": 18.07929483866369,
        "std": 0.0,
        "values": [
          18.07929483866369
        ]
      },
      "peak_throughput": {
        "mean": 29.0,
        "std": 0.0,
        "values": [
          29.0
        ]
      },
      "peak_req_throughput": {
        "mean": 29.0,
        "std": 0.0,
        "values": [
          29.0
        ]
      },
      "ttfr": {
        "mean": 31240.648009988945,
        "std": 0.0,
        "values": [
          31240.648009988945
        ]
      },
      "est_ppt": {
        "mean": 31239.254972334795,
        "std": 0.0,
        "values": [
          31239.254972334795
        ]
      },
      "e2e_ttft": {
        "mean": 31240.648009988945,
        "std": 0.0,
        "values": [
          31240.648009988945
        ]
      },
      "throughput_over_time": null,
      "requests_throughput_over_time": null
    }
  ]
}