{
  "contract": "For T<=4, moe_align packs every expert's valid assignments before filler; each token routes to an expert at most once, so min(T,4) rows per compact expert block exactly covers every live row. The CUDA grid's z dimension computes those rows and leaves later filler rows untouched.",
  "created_unix": 1784396684.8025303,
  "cuda": "13.0",
  "device": "NVIDIA GB10",
  "extension": "$HOME/missions/MTP_L3_<source-task>/kernel/vq_warp_l3b/vq_warp_gemv/__init__.py",
  "format": "vq-warp-real-plane-small-m-gate-v1",
  "module": "runtime_patch_m4/moe_vq_triton.py",
  "prefix": "$HOME/missions/IQ3_VQ_SERVE_<source-task>/wire_arm4/layer_042",
  "projections": {
    "13": {
      "bits": [
        10,
        10,
        12,
        11,
        8,
        12,
        8,
        9
      ],
      "dimensions": [
        4,
        8,
        8,
        4,
        4,
        4,
        8,
        8
      ],
      "experts": [
        0,
        1,
        2,
        3,
        4,
        7,
        43,
        57
      ],
      "pass": true,
      "projection": "13",
      "shape": {
        "k": 4096,
        "mblock": 4,
        "n": 4096,
        "pairs": 8
      },
      "valid_m": {
        "1": {
          "candidate_timing": {
            "median_ms": 0.5594239830970764,
            "reps": 15,
            "samples_ms": [
              0.5655679702758789,
              0.5611199736595154,
              0.5596160292625427,
              0.5594239830970764,
              0.5592640042304993,
              0.5581759810447693,
              0.5588799715042114,
              0.5586559772491455,
              0.5597760081291199,
              0.5593600273132324,
              0.5597440004348755,
              0.5607039928436279,
              0.5595200061798096,
              0.557856023311615,
              0.5580800175666809
            ],
            "warmup": 5
          },
          "correctness": {
            "bit_equal": false,
            "cosine": 1.0,
            "equal_fraction": 0.997528076171875,
            "finite": true,
            "max_abs": 0.015625,
            "mean_abs": 5.375943146646023e-06,
            "pass": true,
            "rms_abs": 0.00022442542831413448,
            "thresholds": {
              "max_abs": 0.5,
              "max_mean_abs": 0.01,
              "min_cosine": 0.9999
            }
          },
          "oracle_timing": {
            "median_ms": 1.6965440511703491,
            "reps": 15,
            "samples_ms": [
              1.8710399866104126,
              2.0225279331207275,
              1.863968014717102,
              1.6944960355758667,
              1.6923840045928955,
              1.6928319931030273,
              1.691264033317566,
              1.6912959814071655,
              1.6965440511703491,
              1.6953599452972412,
              1.6928000450134277,
              1.7435840368270874,
              2.221407890319824,
              1.89792001247406,
              1.7003840208053589
            ],
            "warmup": 5
          },
          "padded_rows_untouched": true,
          "pass": true,
          "speedup": 3.032662349901343
        },
        "2": {
          "candidate_timing": {
            "median_ms": 0.5785599946975708,
            "reps": 15,
            "samples_ms": [
              0.5795199871063232,
              0.5777919888496399,
              0.5814399719238281,
              0.5764480233192444,
              0.5793280005455017,
              0.5772799849510193,
              0.5763840079307556,
              0.5816959738731384,
              0.5793600082397461,
              0.580128014087677,
              0.5785599946975708,
              0.5753600001335144,
              0.5784639716148376,
              0.5770559906959534,
              0.5792959928512573
            ],
            "warmup": 5
          },
          "correctness": {
            "bit_equal": false,
            "cosine": 0.9999998807907104,
            "equal_fraction": 0.99755859375,
            "finite": true,
            "max_abs": 0.015625,
            "mean_abs": 5.555668394663371e-06,
            "pass": true,
            "rms_abs": 0.00023159717966336757,
            "thresholds": {
              "max_abs": 0.5,
              "max_mean_abs": 0.01,
              "min_cosine": 0.9999
            }
          },
          "oracle_timing": {
            "median_ms": 1.7038400173187256,
            "reps": 15,
            "samples_ms": [
              1.6934720277786255,
              1.691264033317566,
              1.6943360567092896,
              1.7005759477615356,
              1.7038400173187256,
              1.7053760290145874,
              2.126176118850708,
              2.045599937438965,
              1.709439992904663,
              1.7045120000839233,
              1.7031680345535278,
              1.7007360458374023,
              1.7030400037765503,
              1.705664038658142,
              1.7067840099334717
            ],
            "warmup": 5
          },
          "padded_rows_untouched": true,
          "pass": true,
          "speedup": 2.944966871083732
        },
        "3": {
          "candidate_timing": {
            "median_ms": 0.6326079964637756,
            "reps": 15,
            "samples_ms": [
              0.7181439995765686,
              0.7474240064620972,
              0.6886399984359741,
              0.6379839777946472,
              0.631488025188446,
              0.6313920021057129,
              0.6335359811782837,
              0.6328319907188416,
              0.63155198097229,
              0.631712019443512,
              0.6305599808692932,
              0.6304960250854492,
              0.6345599889755249,
              0.6326079964637756,
              0.631488025188446
            ],
            "warmup": 5
          },
          "correctness": {
            "bit_equal": false,
            "cosine": 1.0,
            "equal_fraction": 0.9975993037223816,
            "finite": true,
            "max_abs": 0.015625,
            "mean_abs": 5.368091478885617e-06,
            "pass": true,
            "rms_abs": 0.0002230938262073323,
            "thresholds": {
              "max_abs": 0.5,
              "max_mean_abs": 0.01,
              "min_cosine": 0.9999
            }
          },
          "oracle_timing": {
            "median_ms": 1.7079039812088013,
            "reps": 15,
            "samples_ms": [
              2.2001919746398926,
              1.8385599851608276,
              1.8837120532989502,
              1.7007999420166016,
              1.7079039812088013,
              1.7062400579452515,
              1.7058559656143188,
              1.707360029220581,
              1.7054719924926758,
              1.704416036605835,
              1.7468160390853882,
              2.247744083404541,
              1.8528000116348267,
              1.7129919528961182,
              1.7046079635620117
            ],
            "warmup": 5
          },
          "padded_rows_untouched": true,
          "pass": true,
          "speedup": 2.6997824731205387
        },
        "4": {
          "candidate_timing": {
            "median_ms": 0.6440640091896057,
            "reps": 15,
            "samples_ms": [
              0.6445760130882263,
              0.6451200246810913,
              0.6446719765663147,
              0.6440640091896057,
              0.6449919939041138,
              0.6438720226287842,
              0.6427839994430542,
              0.6421120166778564,
              0.6425920128822327,
              0.6419519782066345,
              0.6460480093955994,
              0.6447359919548035,
              0.6451839804649353,
              0.641215980052948,
              0.6428800225257874
            ],
            "warmup": 5
          },
          "correctness": {
            "bit_equal": false,
            "cosine": 1.0,
            "equal_fraction": 0.9975662231445312,