{
  "contract": "For T<=4, moe_align packs every expert's valid assignments before filler; each token routes to an expert at most once, so min(T,4) rows per compact expert block exactly covers every live row. The CUDA grid's z dimension computes those rows and leaves later filler rows untouched.",
  "created_unix": 1784395249.1383395,
  "cuda": "13.0",
  "device": "NVIDIA GB10",
  "extension": "$HOME/missions/MTP_L3_<source-task>/kernel/vq_warp_l3/vq_warp_gemv/__init__.py",
  "format": "vq-warp-real-plane-small-m-gate-v1",
  "module": "runtime_patch_m4/moe_vq_triton.py",
  "prefix": "$HOME/missions/IQ3_VQ_SERVE_<source-task>/wire_arm4/layer_042",
  "projections": {
    "13": {
      "bits": [
        10,
        10,
        12,
        11,
        8,
        12,
        8,
        9
      ],
      "dimensions": [
        4,
        8,
        8,
        4,
        4,
        4,
        8,
        8
      ],
      "experts": [
        0,
        1,
        2,
        3,
        4,
        7,
        43,
        57
      ],
      "pass": true,
      "projection": "13",
      "shape": {
        "k": 4096,
        "mblock": 4,
        "n": 4096,
        "pairs": 8
      },
      "valid_m": {
        "1": {
          "candidate_timing": {
            "median_ms": 0.36694398522377014,
            "reps": 15,
            "samples_ms": [
              0.3723199963569641,
              0.3666880130767822,
              0.36636799573898315,
              0.36982399225234985,
              0.3691839873790741,
              0.3669759929180145,
              0.36323198676109314,
              0.3643200099468231,
              0.36528000235557556,
              0.37036800384521484,
              0.3684479892253876,
              0.3665600121021271,
              0.36694398522377014,
              0.3678080141544342,
              0.3663040101528168
            ],
            "warmup": 5
          },
          "correctness": {
            "bit_equal": false,
            "cosine": 1.0,
            "equal_fraction": 0.997528076171875,
            "finite": true,
            "max_abs": 0.015625,
            "mean_abs": 5.375943146646023e-06,
            "pass": true,
            "rms_abs": 0.00022442542831413448,
            "thresholds": {
              "max_abs": 0.5,
              "max_mean_abs": 0.01,
              "min_cosine": 0.9999
            }
          },
          "oracle_timing": {
            "median_ms": 1.6908799409866333,
            "reps": 15,
            "samples_ms": [
              1.6904000043869019,
              1.6932480335235596,
              1.6862080097198486,
              1.6904959678649902,
              1.6935360431671143,
              1.691424012184143,
              1.6906559467315674,
              1.688096046447754,
              1.6883840560913086,
              1.6923840045928955,
              1.6902719736099243,
              1.6944960355758667,
              1.6908799409866333,
              1.8144320249557495,
              2.119904041290283
            ],
            "warmup": 5
          },
          "padded_rows_untouched": true,
          "pass": true,
          "speedup": 4.608005605965987
        },
        "2": {
          "candidate_timing": {
            "median_ms": 0.6039680242538452,
            "reps": 15,
            "samples_ms": [
              0.6065279841423035,
              0.6020159721374512,
              0.6008639931678772,
              0.6030399799346924,
              0.6039680242538452,
              0.6038399934768677,
              0.6006720066070557,
              0.6029760241508484,
              0.6009600162506104,
              0.6048640012741089,
              0.606112003326416,
              0.6048640012741089,
              0.6040639877319336,
              0.6060799956321716,
              0.6040639877319336
            ],
            "warmup": 5
          },
          "correctness": {
            "bit_equal": false,
            "cosine": 0.9999998807907104,
            "equal_fraction": 0.99755859375,
            "finite": true,
            "max_abs": 0.015625,
            "mean_abs": 5.555668394663371e-06,
            "pass": true,
            "rms_abs": 0.00023159717966336757,
            "thresholds": {
              "max_abs": 0.5,
              "max_mean_abs": 0.01,
              "min_cosine": 0.9999
            }
          },
          "oracle_timing": {
            "median_ms": 1.6933759450912476,
            "reps": 15,
            "samples_ms": [
              1.6912000179290771,
              1.6891200542449951,
              1.691391944885254,
              1.6926079988479614,
              1.6932799816131592,
              1.6943360567092896,
              1.696287989616394,
              1.751039981842041,
              2.2336320877075195,
              1.8833600282669067,
              1.6995840072631836,
              1.6933759450912476,
              1.6902079582214355,
              1.691167950630188,
              1.69542396068573
            ],
            "warmup": 5
          },
          "padded_rows_untouched": true,
          "pass": true,
          "speedup": 2.80375098861116
        },
        "3": {
          "candidate_timing": {
            "median_ms": 0.6490560173988342,
            "reps": 15,
            "samples_ms": [
              0.6446719765663147,
              0.8246399760246277,
              0.8466560244560242,
              0.6499199867248535,
              0.8150079846382141,
              0.7322239875793457,
              0.6460800170898438,
              0.6575040221214294,
              0.6473600268363953,
              0.6457599997520447,
              0.6495040059089661,
              0.6437119841575623,
              0.6490560173988342,
              0.6482239961624146,
              0.6459199786186218
            ],
            "warmup": 5
          },
          "correctness": {
            "bit_equal": false,
            "cosine": 1.0,
            "equal_fraction": 0.9975993037223816,
            "finite": true,
            "max_abs": 0.015625,
            "mean_abs": 5.368091478885617e-06,
            "pass": true,
            "rms_abs": 0.0002230938262073323,
            "thresholds": {
              "max_abs": 0.5,
              "max_mean_abs": 0.01,
              "min_cosine": 0.9999
            }
          },
          "oracle_timing": {
            "median_ms": 1.7072960138320923,
            "reps": 15,
            "samples_ms": [
              1.7015680074691772,
              2.184544086456299,
              2.095871925354004,
              1.7128000259399414,
              1.7059520483016968,
              1.70579195022583,
              1.7028160095214844,
              1.7046400308609009,
              1.7077759504318237,
              1.7072960138320923,
              1.7033599615097046,
              1.7028800249099731,
              2.1121280193328857,
              2.0294721126556396,
              1.711359977722168
            ],
            "warmup": 5
          },
          "padded_rows_untouched": true,
          "pass": true,
          "speedup": 2.630429374454111
        },
        "4": {
          "candidate_timing": {
            "median_ms": 0.7382720112800598,
            "reps": 15,
            "samples_ms": [
              0.738976001739502,
              0.7383360266685486,
              0.7392320036888123,
              0.737824022769928,
              0.7363200187683105,
              0.7396159768104553,
              0.7381119728088379,
              0.7381759881973267,
              0.7392640113830566,
              0.7380480170249939,
              0.7381759881973267,
              0.7403200268745422,
              0.7383999824523926,
              0.7373440265655518,
              0.7382720112800598
            ],
            "warmup": 5
          },
          "correctness": {
            "bit_equal": false,
            "cosine": 1.0,
            "equal_fraction": 0.9975662231445312,