{
  "contract": "For T<=4, moe_align packs every expert's valid assignments before filler; each token routes to an expert at most once, so min(T,4) rows per compact expert block exactly covers every live row. The CUDA grid's z dimension computes those rows and leaves later filler rows untouched.",
  "created_unix": 1784401158.9080858,
  "cuda": "13.0",
  "device": "NVIDIA GB10",
  "extension": "$HOME/missions/MTP_L3_<source-task>/kernel/vq_warp_l3d/vq_warp_gemv/__init__.py",
  "format": "vq-warp-real-plane-small-m-gate-v1",
  "module": "$HOME/missions/V2_PRODUCT_MTP_<source-task>/runtime_patch_m4/moe_vq_triton.py",
  "prefix": "$HOME/missions/IQ3_VQ_SERVE_<source-task>/wire_arm4/layer_042",
  "projections": {
    "13": {
      "bits": [
        10,
        10,
        12,
        11,
        8,
        12,
        8,
        9
      ],
      "dimensions": [
        4,
        8,
        8,
        4,
        4,
        4,
        8,
        8
      ],
      "experts": [
        0,
        1,
        2,
        3,
        4,
        7,
        43,
        57
      ],
      "pass": true,
      "projection": "13",
      "shape": {
        "k": 4096,
        "mblock": 4,
        "n": 4096,
        "pairs": 8
      },
      "valid_m": {
        "1": {
          "candidate_timing": {
            "median_ms": 0.44275200366973877,
            "reps": 15,
            "samples_ms": [
              0.4482559859752655,
              0.44393599033355713,
              0.4421760141849518,
              0.44275200366973877,
              0.44227200746536255,
              0.441536009311676,
              0.4408639967441559,
              0.4442879855632782,
              0.440064013004303,
              0.4431680142879486,
              0.4517439901828766,
              0.4429759979248047,
              0.44179201126098633,
              0.442111998796463,
              0.4428800046443939
            ],
            "warmup": 5
          },
          "correctness": {
            "bit_equal": false,
            "cosine": 1.0,
            "equal_fraction": 0.99755859375,
            "finite": true,
            "max_abs": 0.015625,
            "mean_abs": 5.457150109577924e-06,
            "pass": true,
            "rms_abs": 0.00022474532306659967,
            "thresholds": {
              "max_abs": 0.5,
              "max_mean_abs": 0.01,
              "min_cosine": 0.9999
            }
          },
          "oracle_timing": {
            "median_ms": 1.7032959461212158,
            "reps": 15,
            "samples_ms": [
              1.6957759857177734,
              1.6936960220336914,
              1.6920959949493408,
              1.6973119974136353,
              1.6931840181350708,
              1.7031999826431274,
              1.7065600156784058,
              1.703104019165039,
              2.1038401126861572,
              2.0617599487304688,
              1.7144320011138916,
              1.7076480388641357,
              1.7032959461212158,
              1.7045120000839233,
              1.708575963973999
            ],
            "warmup": 5
          },
          "padded_rows_untouched": true,
          "pass": true,
          "speedup": 3.847065472326473
        },
        "2": {
          "candidate_timing": {
            "median_ms": 0.4601919949054718,
            "reps": 15,
            "samples_ms": [
              0.4609279930591583,
              0.4588479995727539,
              0.4601919949054718,
              0.4593279957771301,
              0.45926401019096375,
              0.4591679871082306,
              0.4864319860935211,
              0.6771519780158997,
              0.6818879842758179,
              0.5158720016479492,
              0.45769599080085754,
              0.45737600326538086,
              0.466623991727829,
              0.4603840112686157,
              0.4593920111656189
            ],
            "warmup": 5
          },
          "correctness": {
            "bit_equal": false,
            "cosine": 0.9999998807907104,
            "equal_fraction": 0.9975738525390625,
            "finite": true,
            "max_abs": 0.015625,
            "mean_abs": 5.595766197075136e-06,
            "pass": true,
            "rms_abs": 0.00023175212845671922,
            "thresholds": {
              "max_abs": 0.5,
              "max_mean_abs": 0.01,
              "min_cosine": 0.9999
            }
          },
          "oracle_timing": {
            "median_ms": 1.706112027168274,
            "reps": 15,
            "samples_ms": [
              1.706112027168274,
              1.7032639980316162,
              1.7032959461212158,
              1.9747200012207031,
              1.863968014717102,
              1.7971199750900269,
              1.7094080448150635,
              1.704576015472412,
              1.7014399766921997,
              1.7051199674606323,
              1.7015999555587769,
              1.7014399766921997,
              1.8186559677124023,
              1.712928056716919,
              1.7107839584350586
            ],
            "warmup": 5
          },
          "padded_rows_untouched": true,
          "pass": true,
          "speedup": 3.70739179745777
        },
        "3": {
          "candidate_timing": {
            "median_ms": 0.49904000759124756,
            "reps": 15,
            "samples_ms": [
              0.49904000759124756,
              0.49856001138687134,
              0.4971520006656647,
              0.4983679950237274,
              0.4984639883041382,
              0.501151978969574,
              0.49830400943756104,
              0.499424010515213,
              0.5003839731216431,
              0.4992640018463135,
              0.49910399317741394,
              0.4991680085659027,
              0.4984639883041382,
              0.5083839893341064,
              0.49856001138687134
            ],
            "warmup": 5
          },
          "correctness": {
            "bit_equal": false,
            "cosine": 1.0,
            "equal_fraction": 0.9976094961166382,
            "finite": true,
            "max_abs": 0.015625,
            "mean_abs": 5.3649018809664994e-06,
            "pass": true,
            "rms_abs": 0.00022286125749815255,
            "thresholds": {
              "max_abs": 0.5,
              "max_mean_abs": 0.01,
              "min_cosine": 0.9999
            }
          },
          "oracle_timing": {
            "median_ms": 1.705631971359253,
            "reps": 15,
            "samples_ms": [
              2.0952320098876953,
              1.7174079418182373,
              1.704543948173523,
              1.7046719789505005,
              1.7059839963912964,
              1.705024003982544,
              1.7022720575332642,
              1.7046079635620117,
              1.705631971359253,
              1.705888032913208,
              2.102015972137451,
              2.0352001190185547,
              1.712831974029541,
              1.7048640251159668,
              1.7004159688949585
            ],
            "warmup": 5
          },
          "padded_rows_untouched": true,
          "pass": true,
          "speedup": 3.4178261169719635
        },
        "4": {
          "candidate_timing": {
            "median_ms": 0.5227839946746826,
            "reps": 15,
            "samples_ms": [
              0.5239999890327454,
              0.5224320292472839,
              0.5216959714889526,
              0.5228800177574158,
              0.5225920081138611,
              0.5227839946746826,
              0.521344006061554,
              0.520799994468689,
              0.5207679867744446,
              0.5223360061645508,
              0.542464017868042,
              0.65174400806427,
              0.7567999958992004,
              0.5231040120124817,
              0.6808000206947327
            ],
            "warmup": 5
          },
          "correctness": {
            "bit_equal": false,
            "cosine": 1.0,