{
  "contract": "For T<=4, moe_align packs every expert's valid assignments before filler; each token routes to an expert at most once, so min(T,4) rows per compact expert block exactly covers every live row. The CUDA grid's z dimension computes those rows and leaves later filler rows untouched.",
  "created_unix": 1784400410.8763874,
  "cuda": "13.0",
  "device": "NVIDIA GB10",
  "extension": "$HOME/missions/MTP_L3_<source-task>/kernel/vq_warp_l3c/vq_warp_gemv/__init__.py",
  "format": "vq-warp-real-plane-small-m-gate-v1",
  "module": "$HOME/missions/V2_PRODUCT_MTP_<source-task>/runtime_patch_m4/moe_vq_triton.py",
  "prefix": "$HOME/missions/IQ3_VQ_SERVE_<source-task>/wire_arm4/layer_042",
  "projections": {
    "13": {
      "bits": [
        10,
        10,
        12,
        11,
        8,
        12,
        8,
        9
      ],
      "dimensions": [
        4,
        8,
        8,
        4,
        4,
        4,
        8,
        8
      ],
      "experts": [
        0,
        1,
        2,
        3,
        4,
        7,
        43,
        57
      ],
      "pass": true,
      "projection": "13",
      "shape": {
        "k": 4096,
        "mblock": 4,
        "n": 4096,
        "pairs": 8
      },
      "valid_m": {
        "1": {
          "candidate_timing": {
            "median_ms": 0.4792959988117218,
            "reps": 15,
            "samples_ms": [
              0.4826880097389221,
              0.47622400522232056,
              0.4784959852695465,
              0.4795199930667877,
              0.47913599014282227,
              0.4806079864501953,
              0.47862398624420166,
              0.47971200942993164,
              0.47948798537254333,
              0.4792959988117218,
              0.4784640073776245,
              0.4805760085582733,
              0.4785600006580353,
              0.4795520007610321,
              0.47862398624420166
            ],
            "warmup": 5
          },
          "correctness": {
            "bit_equal": false,
            "cosine": 1.0,
            "equal_fraction": 0.99755859375,
            "finite": true,
            "max_abs": 0.015625,
            "mean_abs": 5.457150109577924e-06,
            "pass": true,
            "rms_abs": 0.00022474532306659967,
            "thresholds": {
              "max_abs": 0.5,
              "max_mean_abs": 0.01,
              "min_cosine": 0.9999
            }
          },
          "oracle_timing": {
            "median_ms": 1.6962239742279053,
            "reps": 15,
            "samples_ms": [
              1.6904000043869019,
              2.077791929244995,
              1.9674880504608154,
              1.706112027168274,
              1.6962239742279053,
              1.6980160474777222,
              1.691424012184143,
              1.693984031677246,
              1.693120002746582,
              1.6952320337295532,
              1.6951040029525757,
              1.6953920125961304,
              1.981152057647705,
              1.905344009399414,
              1.7520320415496826
            ],
            "warmup": 5
          },
          "padded_rows_untouched": true,
          "pass": true,
          "speedup": 3.5389904744316882
        },
        "2": {
          "candidate_timing": {
            "median_ms": 0.49929600954055786,
            "reps": 15,
            "samples_ms": [
              0.5013440251350403,
              0.5008000135421753,
              0.5000960230827332,
              0.49929600954055786,
              0.4984000027179718,
              0.49929600954055786,
              0.4981440007686615,
              0.49830400943756104,
              0.4982079863548279,
              0.4981119930744171,
              0.5006719827651978,
              0.4992319941520691,
              0.4981440007686615,
              0.5002239942550659,
              0.5002560019493103
            ],
            "warmup": 5
          },
          "correctness": {
            "bit_equal": false,
            "cosine": 0.9999998807907104,
            "equal_fraction": 0.9975738525390625,
            "finite": true,
            "max_abs": 0.015625,
            "mean_abs": 5.595766197075136e-06,
            "pass": true,
            "rms_abs": 0.00023175212845671922,
            "thresholds": {
              "max_abs": 0.5,
              "max_mean_abs": 0.01,
              "min_cosine": 0.9999
            }
          },
          "oracle_timing": {
            "median_ms": 1.7064640522003174,
            "reps": 15,
            "samples_ms": [
              1.6963520050048828,
              1.6911040544509888,
              1.695520043373108,
              1.6952639818191528,
              1.7005759477615356,
              1.7065279483795166,
              1.7103359699249268,
              2.0413119792938232,
              1.9644160270690918,
              1.7226879596710205,
              1.7057600021362305,
              1.708448052406311,
              1.7053120136260986,
              1.7064640522003174,
              1.7098560333251953
            ],
            "warmup": 5
          },
          "padded_rows_untouched": true,
          "pass": true,
          "speedup": 3.417740217412455
        },
        "3": {
          "candidate_timing": {
            "median_ms": 0.5271360278129578,
            "reps": 15,
            "samples_ms": [
              0.5289279818534851,
              0.5271040201187134,
              0.5271360278129578,
              0.5267199873924255,
              0.5292159914970398,
              0.5267199873924255,
              0.527072012424469,
              0.5267199873924255,
              0.5269439816474915,
              0.5290240049362183,
              0.5339199900627136,
              0.5292479991912842,
              0.527072012424469,
              0.5321599841117859,
              0.528223991394043
            ],
            "warmup": 5
          },
          "correctness": {
            "bit_equal": false,
            "cosine": 1.0,
            "equal_fraction": 0.9976094961166382,
            "finite": true,
            "max_abs": 0.015625,
            "mean_abs": 5.3649018809664994e-06,
            "pass": true,
            "rms_abs": 0.00022286125749815255,
            "thresholds": {
              "max_abs": 0.5,
              "max_mean_abs": 0.01,
              "min_cosine": 0.9999
            }
          },
          "oracle_timing": {
            "median_ms": 1.7107839584350586,
            "reps": 15,
            "samples_ms": [
              1.7064319849014282,
              1.7062400579452515,
              1.748703956604004,
              2.295167922973633,
              1.889855980873108,
              1.7151360511779785,
              1.7137919664382935,
              1.7086080312728882,
              1.7107839584350586,
              1.708832025527954,
              1.7075519561767578,
              1.7088639736175537,
              1.7036800384521484,
              1.7626880407333374,
              2.2495360374450684
            ],
            "warmup": 5
          },
          "padded_rows_untouched": true,
          "pass": true,
          "speedup": 3.2454316688103346
        },
        "4": {
          "candidate_timing": {
            "median_ms": 0.5538560152053833,
            "reps": 15,
            "samples_ms": [
              0.5547199845314026,
              0.5542719960212708,
              0.5544959902763367,
              0.553600013256073,
              0.5544639825820923,
              0.5536640286445618,
              0.5538240075111389,
              0.5538240075111389,
              0.5524799823760986,
              0.5515199899673462,
              0.5539519786834717,
              0.5544959902763367,
              0.5538560152053833,
              0.5551999807357788,
              0.5518079996109009
            ],
            "warmup": 5
          },
          "correctness": {
            "bit_equal": false,
            "cosine": 1.0,