{
  "version": "0.3.7",
  "timestamp": "2026-05-14 09:58:14Z",
  "latency_mode": "api",
  "latency_ms": 1.9676433294080198,
  "model": "aeon-ultimate",
  "prefix_caching_enabled": false,
  "max_concurrency": 1,
  "benchmarks": [
    {
      "concurrency": 1,
      "context_size": 0,
      "prompt_size": 131072,
      "response_size": 128,
      "is_context_prefill_phase": false,
      "pp_throughput": {
        "mean": 1128.7577362222605,
        "std": 2.3062704783919026,
        "values": [
          1124.5251412753764,
          1126.6593826051335,
          1126.7807711321843,
          1127.6375447683122,
          1130.7658769676875,
          1128.3708498611484,
          1129.8062614336218,
          1131.2700007271471,
          1124.2921252928552,
          1123.1757270952362,
          1128.6231785326338,
          1129.4756164475157,
          1129.7708395182012,
          1128.9187814376212,
          1130.900261990284,
          1129.4395593277316,
          1130.670174400858,
          1127.6049200947277,
          1124.028724449475,
          1129.8079515731588,
          1129.9450581151812,
          1129.5038729806583,
          1130.6029440845791,
          1129.790505375944,
          1130.050411932969,
          1132.4319763402193,
          1128.67163076895,
          1127.3035050004426,
          1131.6314598461422,
          1130.277033291817
        ]
      },
      "pp_req_throughput": {
        "mean": 1128.7577362222605,
        "std": 2.3062704783919026,
        "values": [
          1124.5251412753764,
          1126.6593826051335,
          1126.7807711321843,
          1127.6375447683122,
          1130.7658769676875,
          1128.3708498611484,
          1129.8062614336218,
          1131.2700007271471,
          1124.2921252928552,
          1123.1757270952362,
          1128.6231785326338,
          1129.4756164475157,
          1129.7708395182012,
          1128.9187814376212,
          1130.900261990284,
          1129.4395593277316,
          1130.670174400858,
          1127.6049200947277,
          1124.028724449475,
          1129.8079515731588,
          1129.9450581151812,
          1129.5038729806583,
          1130.6029440845791,
          1129.790505375944,
          1130.050411932969,
          1132.4319763402193,
          1128.67163076895,
          1127.3035050004426,
          1131.6314598461422,
          1130.277033291817
        ]
      },
      "tg_throughput": {
        "mean": 8.510099688606047,
        "std": 0.01799561293954718,
        "values": [
          8.474533973171335,
          8.50094784340723,
          8.510979977576403,
          8.512117630057405,
          8.540551097208677,
          8.51649978307484,
          8.521972224552279,
          8.52898925972585,
          8.524816579731265,
          8.47922792774668,
          8.51545073189265,
          8.523022441655174,
          8.53486638393454,
          8.534796909158613,
          8.520563337837801,
          8.51538277525904,
          8.501416888304794,
          8.501869504695614,
          8.462688858211038,
          8.50499000362957,
          8.506574450303377,
          8.525882555301965,
          8.52705215413888,
          8.502051180583825,
          8.502861421571643,
          8.501041819958873,
          8.512768186477215,
          8.478897025109605,
          8.50663822544664,
          8.513539508458598
        ]
      },
      "tg_req_throughput": {
        "mean": 8.510099688606047,
        "std": 0.01799561293954718,
        "values": [
          8.474533973171335,
          8.50094784340723,
          8.510979977576403,
          8.512117630057405,
          8.540551097208677,
          8.51649978307484,
          8.521972224552279,
          8.52898925972585,
          8.524816579731265,
          8.47922792774668,
          8.51545073189265,
          8.523022441655174,
          8.53486638393454,
          8.534796909158613,
          8.520563337837801,
          8.51538277525904,
          8.501416888304794,
          8.501869504695614,
          8.462688858211038,
          8.50499000362957,
          8.506574450303377,
          8.525882555301965,
          8.52705215413888,
          8.502051180583825,
          8.502861421571643,
          8.501041819958873,
          8.512768186477215,
          8.478897025109605,
          8.50663822544664,
          8.513539508458598
        ]
      },
      "peak_throughput": {
        "mean": 10.0,
        "std": 0.0,
        "values": [
          10.0,
          10.0,
          10.0,
          10.0,
          10.0,
          10.0,
          10.0,
          10.0,
          10.0,
          10.0,
          10.0,
          10.0,
          10.0,
          10.0,
          10.0,
          10.0,
          10.0,
          10.0,
          10.0,
          10.0,
          10.0,
          10.0,
          10.0,
          10.0,
          10.0,
          10.0,
          10.0,
          10.0,
          10.0,
          10.0
        ]
      },
      "peak_req_throughput": {
        "mean": 10.0,
        "std": 0.0,
        "values": [
          10.0,
          10.0,
          10.0,
          10.0,
          10.0,
          10.0,
          10.0,
          10.0,
          10.0,
          10.0,
          10.0,
          10.0,
          10.0,
          10.0,
          10.0,
          10.0,
          10.0,
          10.0,
          10.0,
          10.0,
          10.0,
          10.0,
          10.0,
          10.0,
          10.0,
          10.0,
          10.0,
          10.0,
          10.0,
          10.0
        ]
      },
      "ttfr": {
        "mean": 116124.09424119783,
        "std": 237.9370007913553,
        "values": [
          116560.49994198838,
          116339.7020319826,
          116327.16892298777,
          116238.78558905562,
          115917.20940097002,
          116163.24566298863,
          116015.66350803478,
          115865.55451096501,
          116585.54681396345,
          116701.42689801287,
          116139.04731097864,
          116049.62559300475,
          116019.30090703536,
          116107.75147401728,
          115903.43517798465,
          116053.33039001562,
          115927.02073801775,
          116242.14863596717,
          116613.75624703942,
          116015.48995700432,
          116001.41297798837,
          116046.72245599795,
          115933.91412001802,
          116017.28143496439,
          115990.59842998395,
          115746.6681979713,
          116132.2897200007,
          116272.34152099118,
          115828.54603999294,
          115967.3426260124
        ]
      },
      "est_ppt": {
        "mean": 116122.12659786842,
        "std": 237.9370007913553,
        "values": [
          116558.53229865897,
          116337.73438865319,
          116325.20127965836,
          116236.81794572622,
          115915.24175764062,
          116161.27801965922,
          116013.69586470537,
          115863.5868676356,
          116583.57917063404,
          116699.45925468346,
          116137.07966764923,
          116047.65794967534,
          116017.33326370595,
          116105.78383068787,
          115901.46753465524,
          116051.36274668621,
          115925.05309468834,
          116240.18099263776,
          116611.78860371001,
          116013.52231367491,
          115999.44533465896,
          116044.75481266854,
          115931.94647668861,
          116015.31379163498,
          115988.63078665454,
          115744.7005546419,
          116130.32207667129,
          116270.37387766177,
          115826.57839666354,
          115965.37498268299
        ]
      },
      "e2e_ttft": {
        "mean": 116129.60770229888,
        "std": 237.52280982769318,