{
  "version": "0.3.7",
  "timestamp": "2026-05-13 20:31:02Z",
  "latency_mode": "api",
  "latency_ms": 1.8144656787626445,
  "model": "qwen36-27b",
  "prefix_caching_enabled": false,
  "max_concurrency": 1,
  "benchmarks": [
    {
      "concurrency": 1,
      "context_size": 0,
      "prompt_size": 131072,
      "response_size": 128,
      "is_context_prefill_phase": false,
      "pp_throughput": {
        "mean": 1543.341835143296,
        "std": 2.416545701850781,
        "values": [
          1542.6377757046948,
          1541.8724211030824,
          1543.4297871002602,
          1543.2227752607687,
          1543.7338934097754,
          1547.2758343921075,
          1547.6042721616575,
          1544.5435367992532,
          1545.5160495575885,
          1546.4909854632679,
          1543.1866437037029,
          1540.1725345379778,
          1541.7048866579646,
          1545.469086073799,
          1541.689731884931,
          1541.8996737866207,
          1543.6605668900438,
          1546.4058281314333,
          1545.6769511059308,
          1539.8971333733864,
          1543.8420039689736,
          1546.9196237950707,
          1539.1752394719324,
          1539.7690759338855,
          1544.942467353144,
          1544.4990293219232,
          1543.2360467910335,
          1539.005985091782,
          1541.06330444928,
          1541.7119110236104
        ]
      },
      "pp_req_throughput": {
        "mean": 1543.341835143296,
        "std": 2.416545701850781,
        "values": [
          1542.6377757046948,
          1541.8724211030824,
          1543.4297871002602,
          1543.2227752607687,
          1543.7338934097754,
          1547.2758343921075,
          1547.6042721616575,
          1544.5435367992532,
          1545.5160495575885,
          1546.4909854632679,
          1543.1866437037029,
          1540.1725345379778,
          1541.7048866579646,
          1545.469086073799,
          1541.689731884931,
          1541.8996737866207,
          1543.6605668900438,
          1546.4058281314333,
          1545.6769511059308,
          1539.8971333733864,
          1543.8420039689736,
          1546.9196237950707,
          1539.1752394719324,
          1539.7690759338855,
          1544.942467353144,
          1544.4990293219232,
          1543.2360467910335,
          1539.005985091782,
          1541.06330444928,
          1541.7119110236104
        ]
      },
      "tg_throughput": {
        "mean": 12.618906317828255,
        "std": 1.542818217049882,
        "values": [
          13.02979319172902,
          11.225640448516229,
          10.052595143745902,
          12.08489474425637,
          12.148234670678354,
          12.724583407811235,
          13.945565186297896,
          15.512086290940772,
          11.183565999958045,
          10.69999912241596,
          14.24044788245198,
          13.9393492523707,
          12.433053339511021,
          13.910495644668785,
          13.893670812669464,
          10.11338103676148,
          13.596452632695664,
          14.643598825289574,
          11.158884433417313,
          12.649571947613378,
          15.768957460808588,
          10.927308079888638,
          12.098815607845147,
          10.889167341165347,
          11.556181649816617,
          12.023660028724906,
          13.235929735942532,
          14.645231446818235,
          10.969791124291014,
          13.266283045747533
        ]
      },
      "tg_req_throughput": {
        "mean": 12.618906317828255,
        "std": 1.542818217049882,
        "values": [
          13.02979319172902,
          11.225640448516229,
          10.052595143745902,
          12.08489474425637,
          12.148234670678354,
          12.724583407811235,
          13.945565186297896,
          15.512086290940772,
          11.183565999958045,
          10.69999912241596,
          14.24044788245198,
          13.9393492523707,
          12.433053339511021,
          13.910495644668785,
          13.893670812669464,
          10.11338103676148,
          13.596452632695664,
          14.643598825289574,
          11.158884433417313,
          12.649571947613378,
          15.768957460808588,
          10.927308079888638,
          12.098815607845147,
          10.889167341165347,
          11.556181649816617,
          12.023660028724906,
          13.235929735942532,
          14.645231446818235,
          10.969791124291014,
          13.266283045747533
        ]
      },
      "peak_throughput": {
        "mean": 24.533333333333335,
        "std": 1.944793619441976,
        "values": [
          25.0,
          24.0,
          22.0,
          25.0,
          24.0,
          24.0,
          24.0,
          31.0,
          26.0,
          25.0,
          25.0,
          24.0,
          24.0,
          25.0,
          24.0,
          25.0,
          24.0,
          25.0,
          25.0,
          22.0,
          25.0,
          18.0,
          26.0,
          25.0,
          25.0,
          25.0,
          24.0,
          27.0,
          24.0,
          24.0
        ]
      },
      "peak_req_throughput": {
        "mean": 24.533333333333335,
        "std": 1.944793619441976,
        "values": [
          25.0,
          24.0,
          22.0,
          25.0,
          24.0,
          24.0,
          24.0,
          31.0,
          26.0,
          25.0,
          25.0,
          24.0,
          24.0,
          25.0,
          24.0,
          25.0,
          24.0,
          25.0,
          25.0,
          22.0,
          25.0,
          18.0,
          26.0,
          25.0,
          25.0,
          25.0,
          24.0,
          27.0,
          24.0,
          24.0
        ]
      },
      "ttfr": {
        "mean": 84930.23762080702,
        "std": 133.1587690989717,
        "values": [
          84968.61747303046,
          85010.79329301137,
          84925.01673602965,
          84936.40855100239,
          84908.28737500124,
          84713.92402402125,
          84696.59229600802,
          84863.77975001233,
          84811.02756800829,
          84756.91568001639,
          84937.7491659834,
          85105.91615602607,
          85020.03107400378,
          84812.95768497512,
          85020.86680103093,
          85009.29078098852,
          84911.6727670189,
          84761.5829660208,
          84801.55215098057,
          85120.48710900126,
          84902.34163298737,
          84733.43075899174,
          85160.40891199373,
          85126.91669602646,
          84841.8669399689,
          84866.22519796947,
          84936.32611900102,
          85170.42412003502,
          85056.0751320445,
          85019.64371302165
        ]
      },
      "est_ppt": {
        "mean": 84928.42315512826,
        "std": 133.1587690989717,
        "values": [
          84966.8030073517,
          85008.97882733261,
          84923.20227035088,
          84934.59408532362,
          84906.47290932247,
          84712.10955834249,
          84694.77783032926,
          84861.96528433356,
          84809.21310232952,
          84755.10121433763,
          84935.93470030464,
          85104.1016903473,
          85018.21660832502,
          84811.14321929635,
          85019.05233535217,
          85007.47631530976,
          84909.85830134014,
          84759.76850034203,
          84799.7376853018,
          85118.6726433225,
          84900.52716730861,
          84731.61629331298,
          85158.59444631496,
          85125.1022303477,
          84840.05247429013,
          84864.41073229071,
          84934.51165332226,
          85168.60965435626,
          85054.26066636574,
          85017.82924734289
        ]
      },
      "e2e_ttft": {
        "mean": 84932.56996680284,
        "std": 133.03421339530578,