{
  "version": "0.3.7",
  "timestamp": "2026-05-10 22:43:22Z",
  "latency_mode": "api",
  "latency_ms": 1.6602719939934711,
  "model": "qwen36-27b",
  "prefix_caching_enabled": false,
  "max_concurrency": 1,
  "benchmarks": [
    {
      "concurrency": 1,
      "context_size": 0,
      "prompt_size": 16384,
      "response_size": 128,
      "is_context_prefill_phase": false,
      "pp_throughput": {
        "mean": 2650.6593619961786,
        "std": 14.317298296991313,
        "values": [
          2635.0394889525683,
          2669.6269067009084,
          2647.311690335059
        ]
      },
      "pp_req_throughput": {
        "mean": 2650.6593619961786,
        "std": 14.317298296991313,
        "values": [
          2635.0394889525683,
          2669.6269067009084,
          2647.311690335059
        ]
      },
      "tg_throughput": {
        "mean": 7.198828053382989,
        "std": 0.004566728230209299,
        "values": [
          7.203446971706081,
          7.192609412051687,
          7.200427776391199
        ]
      },
      "tg_req_throughput": {
        "mean": 7.198828053382989,
        "std": 0.004566728230209299,
        "values": [
          7.203446971706081,
          7.192609412051687,
          7.200427776391199
        ]
      },
      "peak_throughput": {
        "mean": 9.0,
        "std": 0.0,
        "values": [
          9.0,
          9.0,
          9.0
        ]
      },
      "peak_req_throughput": {
        "mean": 9.0,
        "std": 0.0,
        "values": [
          9.0,
          9.0,
          9.0
        ]
      },
      "ttfr": {
        "mean": 6183.321114328767,
        "std": 33.32941070782033,
        "values": [
          6219.783403998008,
          6139.222025987692,
          6190.957913000602
        ]
      },
      "est_ppt": {
        "mean": 6181.660842334774,
        "std": 33.32941070782033,
        "values": [
          6218.123132004014,
          6137.561753993698,
          6189.2976410066085
        ]
      },
      "e2e_ttft": {
        "mean": 6183.321114328767,
        "std": 33.32941070782033,
        "values": [
          6219.783403998008,
          6139.222025987692,
          6190.957913000602
        ]
      },
      "throughput_over_time": null,
      "requests_throughput_over_time": null
    }
  ]
}