{
  "version": "0.3.7",
  "timestamp": "2026-05-10 20:29:06Z",
  "latency_mode": "api",
  "latency_ms": 2.4374859931413084,
  "model": "qwen36-27b",
  "prefix_caching_enabled": false,
  "max_concurrency": 1,
  "benchmarks": [
    {
      "concurrency": 1,
      "context_size": 0,
      "prompt_size": 16384,
      "response_size": 128,
      "is_context_prefill_phase": false,
      "pp_throughput": {
        "mean": 2619.640296282818,
        "std": 9.344808409405019,
        "values": [
          2631.244852842156,
          2608.361808857346,
          2619.314227148951
        ]
      },
      "pp_req_throughput": {
        "mean": 2619.640296282818,
        "std": 9.344808409405019,
        "values": [
          2631.244852842156,
          2608.361808857346,
          2619.314227148951
        ]
      },
      "tg_throughput": {
        "mean": 7.132642167610481,
        "std": 0.011320317083564438,
        "values": [
          7.117006955142171,
          7.1374799304575145,
          7.143439617231756
        ]
      },
      "tg_req_throughput": {
        "mean": 7.132642167610481,
        "std": 0.011320317083564438,
        "values": [
          7.117006955142171,
          7.1374799304575145,
          7.143439617231756
        ]
      },
      "peak_throughput": {
        "mean": 9.0,
        "std": 0.0,
        "values": [
          9.0,
          9.0,
          9.0
        ]
      },
      "peak_req_throughput": {
        "mean": 9.0,
        "std": 0.0,
        "values": [
          9.0,
          9.0,
          9.0
        ]
      },
      "ttfr": {
        "mean": 6257.192570997479,
        "std": 22.308078227582747,
        "values": [
          6229.528052004753,
          6284.158044989454,
          6257.891615998233
        ]
      },
      "est_ppt": {
        "mean": 6254.755085004338,
        "std": 22.308078227582747,
        "values": [
          6227.090566011611,
          6281.720558996312,
          6255.454130005091
        ]
      },
      "e2e_ttft": {
        "mean": 6258.451279669923,
        "std": 22.194416296621796,
        "values": [
          6230.989407020388,
          6285.345510987099,
          6259.01892100228
        ]
      },
      "throughput_over_time": null,
      "requests_throughput_over_time": null
    }
  ]
}