{
  "version": "0.3.7",
  "timestamp": "2026-05-04 01:53:06Z",
  "latency_mode": "api",
  "latency_ms": 1.6362990136258304,
  "model": "qwen35-27b-axionml-nvfp4",
  "prefix_caching_enabled": false,
  "max_concurrency": 1,
  "benchmarks": [
    {
      "concurrency": 1,
      "context_size": 0,
      "prompt_size": 128,
      "response_size": 128,
      "is_context_prefill_phase": false,
      "pp_throughput": {
        "mean": 991.5333916241573,
        "std": 30.2510001054665,
        "values": [
          985.4159363539313,
          1064.8056786439654,
          979.9536353175797,
          978.2813670170128,
          968.7268031746701,
          972.7235214986546,
          969.8728536776521,
          984.3174408708854,
          994.5610128839111,
          982.1545017509163,
          964.0364593245654,
          1015.4198942440547,
          1072.060654702186,
          980.0153980836002,
          982.8999554156512,
          967.9045722729788,
          971.2294116277664,
          976.1209621482059,
          1007.1481652230892,
          976.2935827735898,
          987.455932283708,
          961.219870116558,
          1050.6434589598707,
          977.4476117789758,
          1062.9981136199704,
          982.1678112095406,
          967.8644658259517,
          987.0235656018709,
          980.248392896335,
          994.9907194270706
        ]
      },
      "pp_req_throughput": {
        "mean": 991.5333916241573,
        "std": 30.2510001054665,
        "values": [
          985.4159363539313,
          1064.8056786439654,
          979.9536353175797,
          978.2813670170128,
          968.7268031746701,
          972.7235214986546,
          969.8728536776521,
          984.3174408708854,
          994.5610128839111,
          982.1545017509163,
          964.0364593245654,
          1015.4198942440547,
          1072.060654702186,
          980.0153980836002,
          982.8999554156512,
          967.9045722729788,
          971.2294116277664,
          976.1209621482059,
          1007.1481652230892,
          976.2935827735898,
          987.455932283708,
          961.219870116558,
          1050.6434589598707,
          977.4476117789758,
          1062.9981136199704,
          982.1678112095406,
          967.8644658259517,
          987.0235656018709,
          980.248392896335,
          994.9907194270706
        ]
      },
      "tg_throughput": {
        "mean": 11.487444035392949,
        "std": 0.010185077105393743,
        "values": [
          11.47169889785403,
          11.477644205118327,
          11.495743867087207,
          11.477173319943866,
          11.480901659334423,
          11.484278922301327,
          11.48641522848384,
          11.485810593800863,
          11.485833822818075,
          11.497755218451651,
          11.491706305635903,
          11.473783851909449,
          11.502667910598712,
          11.486696815439645,
          11.50975791859737,
          11.496361538673987,
          11.475161677564234,
          11.485580762161408,
          11.501315167193797,
          11.482567945787425,
          11.487193390739165,
          11.507766733891069,
          11.493718545134211,
          11.487372564318301,
          11.489492305520375,
          11.491062221896552,
          11.490060959483207,
          11.474191187453693,
          11.467731741279943,
          11.485875783316445
        ]
      },
      "tg_req_throughput": {
        "mean": 11.487444035392949,
        "std": 0.010185077105393743,
        "values": [
          11.47169889785403,
          11.477644205118327,
          11.495743867087207,
          11.477173319943866,
          11.480901659334423,
          11.484278922301327,
          11.48641522848384,
          11.485810593800863,
          11.485833822818075,
          11.497755218451651,
          11.491706305635903,
          11.473783851909449,
          11.502667910598712,
          11.486696815439645,
          11.50975791859737,
          11.496361538673987,
          11.475161677564234,
          11.485580762161408,
          11.501315167193797,
          11.482567945787425,
          11.487193390739165,
          11.507766733891069,
          11.493718545134211,
          11.487372564318301,
          11.489492305520375,
          11.491062221896552,
          11.490060959483207,
          11.474191187453693,
          11.467731741279943,
          11.485875783316445
        ]
      },
      "peak_throughput": {
        "mean": 12.0,
        "std": 0.0,
        "values": [
          12.0,
          12.0,
          12.0,
          12.0,
          12.0,
          12.0,
          12.0,
          12.0,
          12.0,
          12.0,
          12.0,
          12.0,
          12.0,
          12.0,
          12.0,
          12.0,
          12.0,
          12.0,
          12.0,
          12.0,
          12.0,
          12.0,
          12.0,
          12.0,
          12.0,
          12.0,
          12.0,
          12.0,
          12.0,
          12.0
        ]
      },
      "peak_req_throughput": {
        "mean": 12.0,
        "std": 0.0,
        "values": [
          12.0,
          12.0,
          12.0,
          12.0,
          12.0,
          12.0,
          12.0,
          12.0,
          12.0,
          12.0,
          12.0,
          12.0,
          12.0,
          12.0,
          12.0,
          12.0,
          12.0,
          12.0,
          12.0,
          12.0,
          12.0,
          12.0,
          12.0,
          12.0,
          12.0,
          12.0,
          12.0,
          12.0,
          12.0,
          12.0
        ]
      },
      "ttfr": {
        "mean": 141.0392157306584,
        "std": 4.064767491284813,
        "values": [
          142.6934860064648,
          131.23741099843755,
          142.45928800664842,
          142.70000997930765,
          144.09132301807404,
          143.50600499892607,
          143.92299100290984,
          141.8349730083719,
          140.39098395733163,
          142.14372402057052,
          144.78441199753433,
          137.5406680162996,
          130.36035897675902,
          142.45041302638128,
          142.03715999610722,
          144.212337967474,
          143.72425305191427,
          143.01221998175606,
          139.649756019935,
          142.98722299281508,
          141.3893710123375,
          145.2038679854013,
          132.98437796765938,
          143.84340896504,
          131.45778997568414,
          142.14181998977438,
          144.21824604505673,
          141.45058998838067,
          142.41694298107177,
          140.33105998532847
        ]
      },
      "est_ppt": {
        "mean": 139.40291671703258,
        "std": 4.064767491284813,
        "values": [
          141.05718699283898,
          129.60111198481172,
          140.8229889930226,
          141.06371096568182,
          142.4550240044482,
          141.86970598530024,
          142.286691989284,
          140.19867399474606,
          138.7546849437058,
          140.5074250069447,
          143.1481129839085,
          135.90436900267377,
          128.7240599631332,
          140.81411401275545,
          140.4008609824814,
          142.57603895384818,
          142.08795403828844,
          141.37592096813023,
          138.01345700630918,
          141.35092397918925,
          139.75307199871168,
          143.56756897177547,
          131.34807895403355,
          142.20710995141417,
          129.8214909620583,
          140.50552097614855,
          142.5819470314309,
          139.81429097475484,
          140.78064396744594,
          138.69476097170264
        ]
      },
      "e2e_ttft": {
        "mean": 141.0392157306584,
        "std": 4.064767491284813,