{
  "version": "0.3.7",
  "timestamp": "2026-05-04 01:33:30Z",
  "latency_mode": "api",
  "latency_ms": 1.9580696631843844,
  "model": "qwen35-27b-axionml-nvfp4",
  "prefix_caching_enabled": false,
  "max_concurrency": 1,
  "benchmarks": [
    {
      "concurrency": 1,
      "context_size": 0,
      "prompt_size": 2048,
      "response_size": 32,
      "is_context_prefill_phase": false,
      "pp_throughput": {
        "mean": 2575.1176096490617,
        "std": 43.91635094897973,
        "values": [
          2523.544967826282,
          2541.7199075726553,
          2556.447261449095,
          2635.5637044632676,
          2618.312206934008
        ]
      },
      "pp_req_throughput": {
        "mean": 2575.1176096490617,
        "std": 43.91635094897973,
        "values": [
          2523.544967826282,
          2541.7199075726553,
          2556.447261449095,
          2635.5637044632676,
          2618.312206934008
        ]
      },
      "tg_throughput": {
        "mean": 11.441074907468884,
        "std": 0.023362753159632793,
        "values": [
          11.432250088546384,
          11.42388790826275,
          11.421423402770506,
          11.442376710051558,
          11.485436427713218
        ]
      },
      "tg_req_throughput": {
        "mean": 11.441074907468884,
        "std": 0.023362753159632793,
        "values": [
          11.432250088546384,
          11.42388790826275,
          11.421423402770506,
          11.442376710051558,
          11.485436427713218
        ]
      },
      "peak_throughput": {
        "mean": 12.0,
        "std": 0.0,
        "values": [
          12.0,
          12.0,
          12.0,
          12.0,
          12.0
        ]
      },
      "peak_req_throughput": {
        "mean": 12.0,
        "std": 0.0,
        "values": [
          12.0,
          12.0,
          12.0,
          12.0,
          12.0
        ]
      },
      "ttfr": {
        "mean": 801.299884589389,
        "std": 13.645341952756077,
        "values": [
          817.4775179941207,
          811.6460269666277,
          806.9815219496377,
          782.8156890464015,
          787.5786669901572
        ]
      },
      "est_ppt": {
        "mean": 799.3418149262046,
        "std": 13.645341952756077,
        "values": [
          815.5194483309364,
          809.6879573034433,
          805.0234522864533,
          780.8576193832172,
          785.6205973269729
        ]
      },
      "e2e_ttft": {
        "mean": 801.299884589389,
        "std": 13.645341952756077,
        "values": [
          817.4775179941207,
          811.6460269666277,
          806.9815219496377,
          782.8156890464015,
          787.5786669901572
        ]
      },
      "throughput_over_time": null,
      "requests_throughput_over_time": null
    }
  ]
}