{
  "version": "0.3.7",
  "timestamp": "2026-05-04 01:09:21Z",
  "latency_mode": "api",
  "latency_ms": 1.8538566655479372,
  "model": "qwen35-27b-axionml-nvfp4",
  "prefix_caching_enabled": false,
  "max_concurrency": 1,
  "benchmarks": [
    {
      "concurrency": 1,
      "context_size": 0,
      "prompt_size": 2048,
      "response_size": 32,
      "is_context_prefill_phase": false,
      "pp_throughput": {
        "mean": 1795.077868399819,
        "std": 746.954853812226,
        "values": [
          741.7857146809066,
          2252.124666268057,
          2391.3232242504932
        ]
      },
      "pp_req_throughput": {
        "mean": 1795.077868399819,
        "std": 746.954853812226,
        "values": [
          741.7857146809066,
          2252.124666268057,
          2391.3232242504932
        ]
      },
      "tg_throughput": {
        "mean": 11.446712558425522,
        "std": 0.013598575725863298,
        "values": [
          11.456897762443548,
          11.45574716799528,
          11.427492744837734
        ]
      },
      "tg_req_throughput": {
        "mean": 11.446712558425522,
        "std": 0.013598575725863298,
        "values": [
          11.456897762443548,
          11.45574716799528,
          11.427492744837734
        ]
      },
      "peak_throughput": {
        "mean": 12.0,
        "std": 0.0,
        "values": [
          12.0,
          12.0,
          12.0
        ]
      },
      "peak_req_throughput": {
        "mean": 12.0,
        "std": 0.0,
        "values": [
          12.0,
          12.0,
          12.0
        ]
      },
      "ttfr": {
        "mean": 1518.1209520087577,
        "std": 889.889502779875,
        "values": [
          2776.239989034366,
          915.6576219829731,
          862.4652450089343
        ]
      },
      "est_ppt": {
        "mean": 1516.2670953432098,
        "std": 889.889502779875,
        "values": [
          2774.386132368818,
          913.8037653174251,
          860.6113883433864
        ]
      },
      "e2e_ttft": {
        "mean": 1518.1209520087577,
        "std": 889.889502779875,
        "values": [
          2776.239989034366,
          915.6576219829731,
          862.4652450089343
        ]
      },
      "throughput_over_time": [
        [
          [
            0.0,
            1.0
          ],
          [
            0.08494132000487298,
            2.0
          ],
          [
            0.17220915597863495,
            3.0
          ],
          [
            0.2605127349961549,
            4.0
          ],
          [
            0.34692062600515783,
            5.0
          ],
          [
            0.43947887199465185,
            6.0
          ],
          [
            0.5374924289644696,
            7.0
          ],
          [
            0.6148706009844318,
            8.0
          ],
          [
            0.7006797550129704,
            9.0
          ],
          [
            0.7968798970105127,
            10.0
          ],
          [
            0.8738938799942844,
            11.0
          ],
          [
            0.9701066599809565,
            12.0
          ],
          [
            1.0469365579774603,
            12.0
          ],
          [
            1.1340521940146573,
            12.0
          ],
          [
            1.220672919997014,
            12.0
          ],
          [
            1.316986520017963,
            12.0
          ],
          [
            1.3951785530080087,
            12.0
          ],
          [
            1.494020065991208,
            12.0
          ],
          [
            1.5701329989824444,
            12.0
          ],
          [
            1.6569962599896826,
            12.0
          ],
          [
            1.753340995986946,
            12.0
          ],
          [
            1.8324129399843514,
            12.0
          ],
          [
            1.919596255000215,
            12.0
          ],
          [
            2.007129099976737,
            12.0
          ],
          [
            2.094364496995695,
            12.0
          ],
          [
            2.1808633279870264,
            12.0
          ],
          [
            2.279382028966211,
            12.0
          ],
          [
            2.3574076700024307,
            12.0
          ],
          [
            2.4453878559870645,
            12.0
          ],
          [
            2.531651160970796,
            12.0
          ],
          [
            2.6177016110159457,
            12.0
          ],
          [
            2.7057422309881076,
            12.0
          ]
        ],
        [
          [
            0.0,
            1.0
          ],
          [
            0.07623480301117525,
            2.0
          ],
          [
            0.16336553503060713,
            3.0
          ],
          [
            0.26144149503670633,
            4.0
          ],
          [
            0.3404741199919954,
            5.0
          ],
          [
            0.42621850699651986,
            6.0
          ],
          [
            0.5248488989891484,
            7.0
          ],
          [
            0.6026280309888534,
            8.0
          ],
          [
            0.6905989469960332,
            9.0
          ],
          [
            0.7776850039954297,
            10.0
          ],
          [
            0.8743175310082734,
            11.0
          ],
          [
            0.9525385000160895,
            12.0
          ],
          [
            1.0407802870031446,
            12.0
          ],
          [
            1.127474604989402,
            12.0
          ],
          [
            1.2141312710009515,
            12.0
          ],
          [
            1.3026053979992867,
            12.0
          ],
          [
            1.3908806709805503,
            12.0
          ],
          [
            1.4790977980010211,
            12.0
          ],
          [
            1.5658056340180337,
            12.0
          ],
          [
            1.6525064129964449,
            12.0
          ],
          [
            1.7404831339954399,
            12.0
          ],
          [
            1.8295941110118292,
            12.0
          ],
          [
            1.9179861550219357,
            12.0
          ],
          [
            2.0047144549898803,
            12.0
          ],
          [
            2.093033168988768,
            12.0
          ],
          [
            2.181262839003466,
            12.0
          ],
          [
            2.268334746011533,
            12.0
          ],
          [
            2.365441758011002,
            12.0
          ],
          [
            2.442344299983233,
            12.0
          ],
          [
            2.5307192520122044,
            12.0
          ],
          [
            2.6191272620344535,
            12.0
          ],
          [
            2.7060187309980392,
            12.0
          ]
        ],
        [
          [
            0.0,
            1.0
          ],
          [
            0.0890035440097563,
            2.0
          ],
          [
            0.17654830898391083,
            3.0
          ],
          [
            0.2626891619875096,
            4.0
          ],
          [
            0.3494832169963047,
            5.0
          ],
          [
            0.43766100896755233,
            6.0
          ],
          [
            0.5260237819747999,
            7.0
          ],
          [
            0.6129373110015877,
            8.0
          ],
          [
            0.6997618759633042,
            9.0
          ],
          [
            0.7881747749634087,
            10.0
          ],
          [
            0.8765234799939208,
            11.0
          ],
          [
            0.9632498190039769,
            12.0
          ],
          [
            1.0500676319934428,
            12.0
          ],
          [
            1.1367268479662016,
