{
  "version": "0.3.7",
  "timestamp": "2026-05-06 19:53:50Z",
  "latency_mode": "api",
  "latency_ms": 2.0415879995804667,
  "model": "qwen35-27b-axionml-nvfp4",
  "prefix_caching_enabled": false,
  "max_concurrency": 1,
  "benchmarks": [
    {
      "concurrency": 1,
      "context_size": 0,
      "prompt_size": 2048,
      "response_size": 32,
      "is_context_prefill_phase": false,
      "pp_throughput": {
        "mean": 2871.592728537656,
        "std": 11.021734873635337,
        "values": [
          2878.2908689200535,
          2896.0745056805713,
          2875.476782134394,
          2892.5082256157216,
          2867.658774559123,
          2878.0757658634348,
          2873.952571013158,
          2876.730978857766,
          2855.2922488010986,
          2871.237163648677,
          2885.8187933758386,
          2854.416419865252,
          2864.4442113084965,
          2879.0888608725413,
          2859.6277875371343,
          2853.554837775569,
          2864.1237322746124,
          2860.942632222664,
          2882.3864721285854,
          2863.7434777304566,
          2868.851143284216,
          2864.9516741091447,
          2885.669403834792,
          2880.2375180105178,
          2871.225719034071,
          2875.1237445253405,
          2854.4109366115135,
          2879.1646453808835,
          2862.550319209904,
          2872.1516419441555
        ]
      },
      "pp_req_throughput": {
        "mean": 2871.592728537656,
        "std": 11.021734873635337,
        "values": [
          2878.2908689200535,
          2896.0745056805713,
          2875.476782134394,
          2892.5082256157216,
          2867.658774559123,
          2878.0757658634348,
          2873.952571013158,
          2876.730978857766,
          2855.2922488010986,
          2871.237163648677,
          2885.8187933758386,
          2854.416419865252,
          2864.4442113084965,
          2879.0888608725413,
          2859.6277875371343,
          2853.554837775569,
          2864.1237322746124,
          2860.942632222664,
          2882.3864721285854,
          2863.7434777304566,
          2868.851143284216,
          2864.9516741091447,
          2885.669403834792,
          2880.2375180105178,
          2871.225719034071,
          2875.1237445253405,
          2854.4109366115135,
          2879.1646453808835,
          2862.550319209904,
          2872.1516419441555
        ]
      },
      "tg_throughput": {
        "mean": 11.549172733290524,
        "std": 0.04179614629190421,
        "values": [
          11.651228597723684,
          11.575330172856896,
          11.562769088596081,
          11.639465607874637,
          11.61358882876654,
          11.584203336242592,
          11.539847779140825,
          11.499877486246811,
          11.590739544395445,
          11.523783502404328,
          11.564938838899183,
          11.529527091922537,
          11.535305082550435,
          11.515253395312834,
          11.512698538804532,
          11.51709671248192,
          11.493810679350307,
          11.527659886584749,
          11.565928338083113,
          11.564057404469722,
          11.502025841977163,
          11.526673726939805,
          11.575843132941527,
          11.474030743125859,
          11.546165108306104,
          11.51934683311693,
          11.525023793975866,
          11.57112266016263,
          11.526155035565719,
          11.601685209896898
        ]
      },
      "tg_req_throughput": {
        "mean": 11.549172733290524,
        "std": 0.04179614629190421,
        "values": [
          11.651228597723684,
          11.575330172856896,
          11.562769088596081,
          11.639465607874637,
          11.61358882876654,
          11.584203336242592,
          11.539847779140825,
          11.499877486246811,
          11.590739544395445,
          11.523783502404328,
          11.564938838899183,
          11.529527091922537,
          11.535305082550435,
          11.515253395312834,
          11.512698538804532,
          11.51709671248192,
          11.493810679350307,
          11.527659886584749,
          11.565928338083113,
          11.564057404469722,
          11.502025841977163,
          11.526673726939805,
          11.575843132941527,
          11.474030743125859,
          11.546165108306104,
          11.51934683311693,
          11.525023793975866,
          11.57112266016263,
          11.526155035565719,
          11.601685209896898
        ]
      },
      "peak_throughput": {
        "mean": 12.0,
        "std": 0.0,
        "values": [
          12.0,
          12.0,
          12.0,
          12.0,
          12.0,
          12.0,
          12.0,
          12.0,
          12.0,
          12.0,
          12.0,
          12.0,
          12.0,
          12.0,
          12.0,
          12.0,
          12.0,
          12.0,
          12.0,
          12.0,
          12.0,
          12.0,
          12.0,
          12.0,
          12.0,
          12.0,
          12.0,
          12.0,
          12.0,
          12.0
        ]
      },
      "peak_req_throughput": {
        "mean": 12.0,
        "std": 0.0,
        "values": [
          12.0,
          12.0,
          12.0,
          12.0,
          12.0,
          12.0,
          12.0,
          12.0,
          12.0,
          12.0,
          12.0,
          12.0,
          12.0,
          12.0,
          12.0,
          12.0,
          12.0,
          12.0,
          12.0,
          12.0,
          12.0,
          12.0,
          12.0,
          12.0,
          12.0,
          12.0,
          12.0,
          12.0,
          12.0,
          12.0
        ]
      },
      "ttfr": {
        "mean": 718.7508067002758,
        "std": 2.7531942973472483,
        "values": [
          716.7018130003271,
          712.6586649992532,
          717.748983999627,
          713.5348110004998,
          720.048911000049,
          717.1026800006075,
          718.1285620008566,
          717.4369500007742,
          722.8084380003565,
          718.8057849998586,
          715.1840780006751,
          723.0295930003194,
          720.5055719987286,
          716.851064000366,
          721.7156690003321,
          723.2472830000916,
          720.585964001657,
          721.3849179988756,
          716.0332820003532,
          720.6813740012876,
          719.4019170001411,
          720.3783120003209,
          715.2209970008698,
          716.9131869995908,
          718.8086419992032,
          717.8368660006527,
          723.0309780006792,
          716.8322489997081,
          720.9809150008368,
          718.9257420013746
        ]
      },
      "est_ppt": {
        "mean": 716.709218700695,
        "std": 2.7531942973472487,
        "values": [
          714.6602250007467,
          710.6170769996728,
          715.7073960000465,
          711.4932230009193,
          718.0073230004685,
          715.0610920010271,
          716.0869740012762,
          715.3953620011938,
          720.7668500007761,
          716.7641970002782,
          713.1424900010946,
          720.988005000739,
          718.4639839991481,
          714.8094760007856,
          719.6740810007517,
          721.2056950005111,
          718.5443760020765,
          719.3433299992952,
          713.9916940007728,
          718.6397860017072,
          717.3603290005607,
          718.3367240007404,
          713.1794090012894,
          714.8715990000104,
          716.7670539996228,
          715.7952780010722,
          720.9893900010987,
          714.7906610001277,
          718.9393270012564,
          716.8841540017942
        ]
      },
      "e2e_ttft": {
        "mean": 718.7508067002758,
        "std": 2.7531942973472483,