{
  "version": "0.3.6",
  "timestamp": "2026-05-16 01:32:34Z",
  "latency_mode": "none",
  "latency_ms": 0.0,
  "model": "Qwen/Qwen3.6-27B",
  "prefix_caching_enabled": false,
  "max_concurrency": 1,
  "benchmarks": [
    {
      "concurrency": 1,
      "context_size": 0,
      "prompt_size": 128,
      "response_size": 128,
      "is_context_prefill_phase": false,
      "pp_throughput": {
        "mean": 402.7237780010207,
        "std": 4.678547166971002,
        "values": [
          403.4731577428699,
          407.00734037054735,
          405.34207490140517,
          400.68267268607116,
          403.0746358408199,
          404.1523343162802,
          400.7366515715936,
          413.6621046881052,
          403.71314162972146,
          402.4053177015371,
          401.09074243791645,
          409.77980482108967,
          403.77850543682325,
          408.9324986444465,
          397.36749451845895,
          395.069716587776,
          395.95377140286394,
          404.5735966055725,
          400.50317940614093,
          397.71448127883446,
          411.4643546470676,
          403.7336244113879,
          400.4039135197285,
          410.54994750807435,
          400.8539502274463,
          400.3194026534965,
          399.9455042337346,
          401.67755329297313,
          394.56395403311774,
          399.18791291472
        ]
      },
      "pp_req_throughput": {
        "mean": 402.7237780010207,
        "std": 4.678547166971002,
        "values": [
          403.4731577428699,
          407.00734037054735,
          405.34207490140517,
          400.68267268607116,
          403.0746358408199,
          404.1523343162802,
          400.7366515715936,
          413.6621046881052,
          403.71314162972146,
          402.4053177015371,
          401.09074243791645,
          409.77980482108967,
          403.77850543682325,
          408.9324986444465,
          397.36749451845895,
          395.069716587776,
          395.95377140286394,
          404.5735966055725,
          400.50317940614093,
          397.71448127883446,
          411.4643546470676,
          403.7336244113879,
          400.4039135197285,
          410.54994750807435,
          400.8539502274463,
          400.3194026534965,
          399.9455042337346,
          401.67755329297313,
          394.56395403311774,
          399.18791291472
        ]
      },
      "tg_throughput": {
        "mean": 10.240560952443523,
        "std": 0.2663567900247289,
        "values": [
          10.285646567132098,
          10.098264604987515,
          10.601500774942194,
          10.500589302715772,
          10.490357876173682,
          9.529570882903641,
          10.477420468220476,
          9.958759685009749,
          10.300330680891078,
          10.218441901370914,
          10.4748897197887,
          10.298987688182951,
          10.47358837891794,
          10.298248086379356,
          10.47165034758843,
          10.124127154320593,
          10.560571400138418,
          9.514029867156012,
          9.950156382280635,
          10.213353407453951,
          10.472951506939552,
          10.125512916513648,
          10.299294513496413,
          10.038159688495663,
          10.20957947526313,
          10.038155451190509,
          10.037793153972261,
          10.297611193615635,
          10.298685560430314,
          10.558599936834478
        ]
      },
      "tg_req_throughput": {
        "mean": 10.240560952443523,
        "std": 0.2663567900247289,
        "values": [
          10.285646567132098,
          10.098264604987515,
          10.601500774942194,
          10.500589302715772,
          10.490357876173682,
          9.529570882903641,
          10.477420468220476,
          9.958759685009749,
          10.300330680891078,
          10.218441901370914,
          10.4748897197887,
          10.298987688182951,
          10.47358837891794,
          10.298248086379356,
          10.47165034758843,
          10.124127154320593,
          10.560571400138418,
          9.514029867156012,
          9.950156382280635,
          10.213353407453951,
          10.472951506939552,
          10.125512916513648,
          10.299294513496413,
          10.038159688495663,
          10.20957947526313,
          10.038155451190509,
          10.037793153972261,
          10.297611193615635,
          10.298685560430314,
          10.558599936834478
        ]
      },
      "peak_throughput": {
        "mean": 12.0,
        "std": 0.0,
        "values": [
          12.0,
          12.0,
          12.0,
          12.0,
          12.0,
          12.0,
          12.0,
          12.0,
          12.0,
          12.0,
          12.0,
          12.0,
          12.0,
          12.0,
          12.0,
          12.0,
          12.0,
          12.0,
          12.0,
          12.0,
          12.0,
          12.0,
          12.0,
          12.0,
          12.0,
          12.0,
          12.0,
          12.0,
          12.0,
          12.0
        ]
      },
      "peak_req_throughput": {
        "mean": 12.0,
        "std": 0.0,
        "values": [
          12.0,
          12.0,
          12.0,
          12.0,
          12.0,
          12.0,
          12.0,
          12.0,
          12.0,
          12.0,
          12.0,
          12.0,
          12.0,
          12.0,
          12.0,
          12.0,
          12.0,
          12.0,
          12.0,
          12.0,
          12.0,
          12.0,
          12.0,
          12.0,
          12.0,
          12.0,
          12.0,
          12.0,
          12.0,
          12.0
        ]
      },
      "ttfr": {
        "mean": 342.8763108657828,
        "std": 3.845670212829138,
        "values": [
          342.03018801053986,
          339.0602240106091,
          340.45318397693336,
          344.41219799919054,
          342.36835496267304,
          343.9297220320441,
          344.36580596957356,
          333.6056129774079,
          341.8268710374832,
          342.9378140135668,
          344.0617930027656,
          336.76623000064865,
          341.7715359828435,
          337.46400801464915,
          347.28557796915993,
          349.3054370046593,
          348.5255349660292,
          341.0998670151457,
          344.5665530161932,
          346.98258800199255,
          335.38749697618186,
          341.8095289962366,
          344.65197601821274,
          338.570253981743,
          344.2650369834155,
          344.72473501227796,
          345.047009002883,
          343.55915302876383,
          349.7531859902665,
          345.70185001939535
        ]
      },
      "est_ppt": {
        "mean": 342.8763108657828,
        "std": 3.845670212829138,
        "values": [
          342.03018801053986,
          339.0602240106091,
          340.45318397693336,
          344.41219799919054,
          342.36835496267304,
          343.9297220320441,
          344.36580596957356,
          333.6056129774079,
          341.8268710374832,
          342.9378140135668,
          344.0617930027656,
          336.76623000064865,
          341.7715359828435,
          337.46400801464915,
          347.28557796915993,
          349.3054370046593,
          348.5255349660292,
          341.0998670151457,
          344.5665530161932,
          346.98258800199255,
          335.38749697618186,
          341.8095289962366,
          344.65197601821274,
          338.570253981743,
          344.2650369834155,
          344.72473501227796,
          345.047009002883,
          343.55915302876383,
          349.7531859902665,
          345.70185001939535
        ]
      },
      "e2e_ttft": {
        "mean": 342.92214899711934,
        "std": 3.8489067692128636,