{
  "version": "0.3.6",
  "timestamp": "2026-05-16 01:50:56Z",
  "latency_mode": "none",
  "latency_ms": 0.0,
  "model": "Qwen/Qwen3.6-27B",
  "prefix_caching_enabled": false,
  "max_concurrency": 1,
  "benchmarks": [
    {
      "concurrency": 1,
      "context_size": 0,
      "prompt_size": 128,
      "response_size": 128,
      "is_context_prefill_phase": false,
      "pp_throughput": {
        "mean": 405.59372694990213,
        "std": 3.414694144789804,
        "values": [
          410.6047932379364,
          408.52053739868677,
          407.96431524635284,
          401.975650742088,
          409.86853112166597,
          406.5122578097952,
          404.7431418177812,
          409.94296277742444,
          399.24548390973644,
          403.26716685797305,
          398.9013551751396,
          404.3644757509479,
          405.39553282361317,
          407.2239433260274,
          413.2802617181896,
          404.1976083552284,
          405.4554576286896,
          402.65842341297645,
          407.34388888220917,
          408.32034720355335,
          399.6750386426747,
          404.2043383586683,
          406.3980699382168,
          401.4261697161642,
          407.2283698746129,
          402.30051876697325,
          408.9126209505677,
          406.57780156080315,
          406.9363415964305,
          404.36640389593754
        ]
      },
      "pp_req_throughput": {
        "mean": 405.59372694990213,
        "std": 3.414694144789804,
        "values": [
          410.6047932379364,
          408.52053739868677,
          407.96431524635284,
          401.975650742088,
          409.86853112166597,
          406.5122578097952,
          404.7431418177812,
          409.94296277742444,
          399.24548390973644,
          403.26716685797305,
          398.9013551751396,
          404.3644757509479,
          405.39553282361317,
          407.2239433260274,
          413.2802617181896,
          404.1976083552284,
          405.4554576286896,
          402.65842341297645,
          407.34388888220917,
          408.32034720355335,
          399.6750386426747,
          404.2043383586683,
          406.3980699382168,
          401.4261697161642,
          407.2283698746129,
          402.30051876697325,
          408.9126209505677,
          406.57780156080315,
          406.9363415964305,
          404.36640389593754
        ]
      },
      "tg_throughput": {
        "mean": 10.468026254110901,
        "std": 0.37040776481237436,
        "values": [
          10.228265269095608,
          9.879268144411508,
          10.399946062171866,
          10.83109956183319,
          10.741502306710245,
          10.303011371387681,
          9.439963159806886,
          10.483569640315276,
          10.746239731186686,
          10.828189926883471,
          10.31010503819616,
          10.569493367262917,
          10.653117850063708,
          10.916226556226091,
          10.827766476954519,
          10.135311677795604,
          10.655388382634097,
          10.395332026261189,
          10.65538959928729,
          9.87593793744482,
          10.568302744458505,
          10.656629457567114,
          10.569203464088025,
          9.528358242414203,
          10.568058349779092,
          10.740648387630776,
          10.395349309151609,
          10.568942901356342,
          10.656741203646938,
          10.913429477305606
        ]
      },
      "tg_req_throughput": {
        "mean": 10.468026254110901,
        "std": 0.37040776481237436,
        "values": [
          10.228265269095608,
          9.879268144411508,
          10.399946062171866,
          10.83109956183319,
          10.741502306710245,
          10.303011371387681,
          9.439963159806886,
          10.483569640315276,
          10.746239731186686,
          10.828189926883471,
          10.31010503819616,
          10.569493367262917,
          10.653117850063708,
          10.916226556226091,
          10.827766476954519,
          10.135311677795604,
          10.655388382634097,
          10.395332026261189,
          10.65538959928729,
          9.87593793744482,
          10.568302744458505,
          10.656629457567114,
          10.569203464088025,
          9.528358242414203,
          10.568058349779092,
          10.740648387630776,
          10.395349309151609,
          10.568942901356342,
          10.656741203646938,
          10.913429477305606
        ]
      },
      "peak_throughput": {
        "mean": 12.0,
        "std": 0.0,
        "values": [
          12.0,
          12.0,
          12.0,
          12.0,
          12.0,
          12.0,
          12.0,
          12.0,
          12.0,
          12.0,
          12.0,
          12.0,
          12.0,
          12.0,
          12.0,
          12.0,
          12.0,
          12.0,
          12.0,
          12.0,
          12.0,
          12.0,
          12.0,
          12.0,
          12.0,
          12.0,
          12.0,
          12.0,
          12.0,
          12.0
        ]
      },
      "peak_req_throughput": {
        "mean": 12.0,
        "std": 0.0,
        "values": [
          12.0,
          12.0,
          12.0,
          12.0,
          12.0,
          12.0,
          12.0,
          12.0,
          12.0,
          12.0,
          12.0,
          12.0,
          12.0,
          12.0,
          12.0,
          12.0,
          12.0,
          12.0,
          12.0,
          12.0,
          12.0,
          12.0,
          12.0,
          12.0,
          12.0,
          12.0,
          12.0,
          12.0,
          12.0,
          12.0
        ]
      },
      "ttfr": {
        "mean": 344.6950672951061,
        "std": 2.419980485638818,
        "values": [
          340.9604619955644,
          342.70002896664664,
          345.6184639944695,
          345.79208900686353,
          341.57294197939336,
          344.3930590292439,
          348.36909000296146,
          341.51092398678884,
          345.6519999890588,
          347.1643900265917,
          345.9501909674145,
          341.27626998815686,
          347.80846996000037,
          343.79117999924347,
          338.7531730113551,
          346.3652359787375,
          345.2907030005008,
          347.6892369799316,
          343.6899480293505,
          342.86804700968787,
          345.2805070555769,
          346.3594689965248,
          344.4898250163533,
          348.75653497874737,
          343.78744300920516,
          347.99855697201565,
          342.37143298378214,
          344.337539980188,
          344.0341539680958,
          346.22065199073404
        ]
      },
      "est_ppt": {
        "mean": 344.6950672951061,
        "std": 2.419980485638818,
        "values": [
          340.9604619955644,
          342.70002896664664,
          345.6184639944695,
          345.79208900686353,
          341.57294197939336,
          344.3930590292439,
          348.36909000296146,
          341.51092398678884,
          345.6519999890588,
          347.1643900265917,
          345.9501909674145,
          341.27626998815686,
          347.80846996000037,
          343.79117999924347,
          338.7531730113551,
          346.3652359787375,
          345.2907030005008,
          347.6892369799316,
          343.6899480293505,
          342.86804700968787,
          345.2805070555769,
          346.3594689965248,
          344.4898250163533,
          348.75653497874737,
          343.78744300920516,
          347.99855697201565,
          342.37143298378214,
          344.337539980188,
          344.0341539680958,
          346.22065199073404
        ]
      },
      "e2e_ttft": {
        "mean": 344.7301055013668,
        "std": 2.4175222348599044,