{
  "version": "0.3.6",
  "timestamp": "2026-05-16 01:44:50Z",
  "latency_mode": "none",
  "latency_ms": 0.0,
  "model": "Qwen/Qwen3.6-27B",
  "prefix_caching_enabled": false,
  "max_concurrency": 1,
  "benchmarks": [
    {
      "concurrency": 1,
      "context_size": 0,
      "prompt_size": 128,
      "response_size": 128,
      "is_context_prefill_phase": false,
      "pp_throughput": {
        "mean": 404.367877959184,
        "std": 6.032819798060305,
        "values": [
          401.2991845348528,
          405.4266161623614,
          397.8905263042005,
          398.46800021931944,
          398.34217258556924,
          404.0080230526889,
          403.93627350912374,
          411.2414764710731,
          406.636088103116,
          407.36539664774847,
          399.89700851320964,
          400.64585274331694,
          406.3785098890203,
          412.04716508403754,
          409.62145103559766,
          409.08209080957755,
          398.60096992104616,
          406.6176623556895,
          414.0321629070066,
          416.3857961019281,
          413.01302029453973,
          398.59943713421626,
          402.8233364073114,
          405.56276587896383,
          392.48374807220904,
          394.89181001521416,
          402.80760872511615,
          404.3281014865328,
          395.9828955712152,
          412.6211882397178
        ]
      },
      "pp_req_throughput": {
        "mean": 404.367877959184,
        "std": 6.032819798060305,
        "values": [
          401.2991845348528,
          405.4266161623614,
          397.8905263042005,
          398.46800021931944,
          398.34217258556924,
          404.0080230526889,
          403.93627350912374,
          411.2414764710731,
          406.636088103116,
          407.36539664774847,
          399.89700851320964,
          400.64585274331694,
          406.3785098890203,
          412.04716508403754,
          409.62145103559766,
          409.08209080957755,
          398.60096992104616,
          406.6176623556895,
          414.0321629070066,
          416.3857961019281,
          413.01302029453973,
          398.59943713421626,
          402.8233364073114,
          405.56276587896383,
          392.48374807220904,
          394.89181001521416,
          402.80760872511615,
          404.3281014865328,
          395.9828955712152,
          412.6211882397178
        ]
      },
      "tg_throughput": {
        "mean": 9.896726054756444,
        "std": 0.556039026389181,
        "values": [
          10.201792330663478,
          10.284282589230369,
          9.249338249043232,
          9.589089765460981,
          10.282877334251578,
          10.457507686917136,
          9.765680251784671,
          10.284208908704228,
          10.45685310934736,
          8.725165050308958,
          10.112367510217794,
          9.764837754700249,
          8.55345378820364,
          10.28072401760238,
          10.28240409864414,
          9.417691405792496,
          10.194544897736044,
          8.728298074512336,
          8.727142784165995,
          10.281180088434226,
          10.282483697190555,
          10.193239114841589,
          9.937442236174347,
          10.02192453320154,
          10.282402967621609,
          10.454047436981613,
          10.02191304157191,
          10.02252568435691,
          10.197345695879063,
          9.849017539152904
        ]
      },
      "tg_req_throughput": {
        "mean": 9.896726054756444,
        "std": 0.556039026389181,
        "values": [
          10.201792330663478,
          10.284282589230369,
          9.249338249043232,
          9.589089765460981,
          10.282877334251578,
          10.457507686917136,
          9.765680251784671,
          10.284208908704228,
          10.45685310934736,
          8.725165050308958,
          10.112367510217794,
          9.764837754700249,
          8.55345378820364,
          10.28072401760238,
          10.28240409864414,
          9.417691405792496,
          10.194544897736044,
          8.728298074512336,
          8.727142784165995,
          10.281180088434226,
          10.282483697190555,
          10.193239114841589,
          9.937442236174347,
          10.02192453320154,
          10.282402967621609,
          10.454047436981613,
          10.02191304157191,
          10.02252568435691,
          10.197345695879063,
          9.849017539152904
        ]
      },
      "peak_throughput": {
        "mean": 12.0,
        "std": 0.0,
        "values": [
          12.0,
          12.0,
          12.0,
          12.0,
          12.0,
          12.0,
          12.0,
          12.0,
          12.0,
          12.0,
          12.0,
          12.0,
          12.0,
          12.0,
          12.0,
          12.0,
          12.0,
          12.0,
          12.0,
          12.0,
          12.0,
          12.0,
          12.0,
          12.0,
          12.0,
          12.0,
          12.0,
          12.0,
          12.0,
          12.0
        ]
      },
      "peak_req_throughput": {
        "mean": 12.0,
        "std": 0.0,
        "values": [
          12.0,
          12.0,
          12.0,
          12.0,
          12.0,
          12.0,
          12.0,
          12.0,
          12.0,
          12.0,
          12.0,
          12.0,
          12.0,
          12.0,
          12.0,
          12.0,
          12.0,
          12.0,
          12.0,
          12.0,
          12.0,
          12.0,
          12.0,
          12.0,
          12.0,
          12.0,
          12.0,
          12.0,
          12.0,
          12.0
        ]
      },
      "ttfr": {
        "mean": 340.19098267308436,
        "std": 5.151794556282323,
        "values": [
          343.8830810482614,
          335.4491160134785,
          346.82906698435545,
          346.326430037152,
          346.435827028472,
          341.5773750166409,
          341.63804800482467,
          335.56926500750706,
          334.4513779738918,
          338.7622049776837,
          345.08885303512216,
          344.4438499864191,
          334.6633660257794,
          334.9131160066463,
          336.89641900127754,
          337.3406049795449,
          343.7021240242757,
          339.38515902264044,
          330.8921679854393,
          331.42340899212286,
          334.1299020103179,
          346.21222998248413,
          340.0994620169513,
          340.2679230202921,
          346.51116299210116,
          349.4628060143441,
          342.59531600400805,
          341.30697196815163,
          343.449178035371,
          332.0236669969745
        ]
      },
      "est_ppt": {
        "mean": 340.19098267308436,
        "std": 5.151794556282323,
        "values": [
          343.8830810482614,
          335.4491160134785,
          346.82906698435545,
          346.326430037152,
          346.435827028472,
          341.5773750166409,
          341.63804800482467,
          335.56926500750706,
          334.4513779738918,
          338.7622049776837,
          345.08885303512216,
          344.4438499864191,
          334.6633660257794,
          334.9131160066463,
          336.89641900127754,
          337.3406049795449,
          343.7021240242757,
          339.38515902264044,
          330.8921679854393,
          331.42340899212286,
          334.1299020103179,
          346.21222998248413,
          340.0994620169513,
          340.2679230202921,
          346.51116299210116,
          349.4628060143441,
          342.59531600400805,
          341.30697196815163,
          343.449178035371,
          332.0236669969745
        ]
      },
      "e2e_ttft": {
        "mean": 340.2307061982962,
        "std": 5.156260279388903,