{
  "version": "0.3.6",
  "timestamp": "2026-05-16 01:38:42Z",
  "latency_mode": "none",
  "latency_ms": 0.0,
  "model": "Qwen/Qwen3.6-27B",
  "prefix_caching_enabled": false,
  "max_concurrency": 1,
  "benchmarks": [
    {
      "concurrency": 1,
      "context_size": 0,
      "prompt_size": 128,
      "response_size": 128,
      "is_context_prefill_phase": false,
      "pp_throughput": {
        "mean": 405.4782480082013,
        "std": 4.1964117188327625,
        "values": [
          404.6328835073611,
          405.11882913711275,
          405.79697797092365,
          404.78149996349384,
          405.6918496863413,
          406.5121882098698,
          412.45210341357193,
          407.53788713068366,
          411.20341493777073,
          404.4469520032515,
          398.5572274351114,
          404.96344954283296,
          404.7957365250066,
          404.13286943529346,
          403.6358304513589,
          408.0228756791583,
          407.97531120199585,
          416.04611408042706,
          409.56666035901054,
          410.49612072938356,
          404.56268104632164,
          402.5936185217791,
          400.69749185828334,
          394.0714463035222,
          398.4299526125023,
          406.8683811610763,
          404.9946403538745,
          404.55944671620693,
          404.17620841195077,
          407.0267918605636
        ]
      },
      "pp_req_throughput": {
        "mean": 405.4782480082013,
        "std": 4.1964117188327625,
        "values": [
          404.6328835073611,
          405.11882913711275,
          405.79697797092365,
          404.78149996349384,
          405.6918496863413,
          406.5121882098698,
          412.45210341357193,
          407.53788713068366,
          411.20341493777073,
          404.4469520032515,
          398.5572274351114,
          404.96344954283296,
          404.7957365250066,
          404.13286943529346,
          403.6358304513589,
          408.0228756791583,
          407.97531120199585,
          416.04611408042706,
          409.56666035901054,
          410.49612072938356,
          404.56268104632164,
          402.5936185217791,
          400.69749185828334,
          394.0714463035222,
          398.4299526125023,
          406.8683811610763,
          404.9946403538745,
          404.55944671620693,
          404.17620841195077,
          407.0267918605636
        ]
      },
      "tg_throughput": {
        "mean": 10.683435578349508,
        "std": 0.12958554384966361,
        "values": [
          10.616249266857839,
          10.700009617801832,
          10.78383669388291,
          10.610443360672784,
          10.613412934776878,
          10.613099155787035,
          10.52482019614489,
          10.698785653536302,
          10.789831254253702,
          10.792490188830763,
          10.615308765857352,
          10.614277298276003,
          10.26962884827091,
          10.787235917584066,
          10.527704723427412,
          10.790696838998873,
          10.867712941746424,
          10.615159521050066,
          10.872455526301634,
          10.698630812724618,
          10.6939861538442,
          10.869548213544476,
          10.521235686629593,
          10.777199998890643,
          10.691669341931135,
          10.863487693006896,
          10.779718119080338,
          10.609365858185411,
          10.690403995587223,
          10.604662773003035
        ]
      },
      "tg_req_throughput": {
        "mean": 10.683435578349508,
        "std": 0.12958554384966361,
        "values": [
          10.616249266857839,
          10.700009617801832,
          10.78383669388291,
          10.610443360672784,
          10.613412934776878,
          10.613099155787035,
          10.52482019614489,
          10.698785653536302,
          10.789831254253702,
          10.792490188830763,
          10.615308765857352,
          10.614277298276003,
          10.26962884827091,
          10.787235917584066,
          10.527704723427412,
          10.790696838998873,
          10.867712941746424,
          10.615159521050066,
          10.872455526301634,
          10.698630812724618,
          10.6939861538442,
          10.869548213544476,
          10.521235686629593,
          10.777199998890643,
          10.691669341931135,
          10.863487693006896,
          10.779718119080338,
          10.609365858185411,
          10.690403995587223,
          10.604662773003035
        ]
      },
      "peak_throughput": {
        "mean": 11.333333333333334,
        "std": 0.4714045207910317,
        "values": [
          11.0,
          11.0,
          12.0,
          12.0,
          11.0,
          11.0,
          12.0,
          11.0,
          11.0,
          12.0,
          12.0,
          12.0,
          11.0,
          12.0,
          12.0,
          11.0,
          11.0,
          11.0,
          11.0,
          11.0,
          12.0,
          12.0,
          11.0,
          11.0,
          11.0,
          11.0,
          11.0,
          11.0,
          11.0,
          11.0
        ]
      },
      "peak_req_throughput": {
        "mean": 11.333333333333334,
        "std": 0.4714045207910317,
        "values": [
          11.0,
          11.0,
          12.0,
          12.0,
          11.0,
          11.0,
          12.0,
          11.0,
          11.0,
          12.0,
          12.0,
          12.0,
          11.0,
          12.0,
          12.0,
          11.0,
          11.0,
          11.0,
          11.0,
          11.0,
          12.0,
          12.0,
          11.0,
          11.0,
          11.0,
          11.0,
          11.0,
          11.0,
          11.0,
          11.0
        ]
      },
      "ttfr": {
        "mean": 345.1388031360693,
        "std": 3.16778877081455,
        "values": [
          345.99264099961147,
          345.577618048992,
          345.0001049786806,
          345.86560900788754,
          345.0895060086623,
          344.3931179936044,
          339.4333519972861,
          343.5263430001214,
          342.89598499890417,
          346.1517000105232,
          348.75794599065557,
          345.71021201554686,
          345.8534450037405,
          346.4207209763117,
          346.8473050161265,
          343.11801701551303,
          343.15801999764517,
          336.50115999625996,
          341.824698029086,
          341.0507260123268,
          346.0526799899526,
          347.74520399514586,
          349.39075697911903,
          352.7279159752652,
          351.37920500710607,
          344.0916190156713,
          345.6835870165378,
          343.583621957805,
          346.3835750008002,
          343.95770204719156
        ]
      },
      "est_ppt": {
        "mean": 345.1388031360693,
        "std": 3.16778877081455,
        "values": [
          345.99264099961147,
          345.577618048992,
          345.0001049786806,
          345.86560900788754,
          345.0895060086623,
          344.3931179936044,
          339.4333519972861,
          343.5263430001214,
          342.89598499890417,
          346.1517000105232,
          348.75794599065557,
          345.71021201554686,
          345.8534450037405,
          346.4207209763117,
          346.8473050161265,
          343.11801701551303,
          343.15801999764517,
          336.50115999625996,
          341.824698029086,
          341.0507260123268,
          346.0526799899526,
          347.74520399514586,
          349.39075697911903,
          352.7279159752652,
          351.37920500710607,
          344.0916190156713,
          345.6835870165378,
          343.583621957805,
          346.3835750008002,
          343.95770204719156
        ]
      },
      "e2e_ttft": {
        "mean": 345.18218456457055,
        "std": 3.1687810914937176,