{
 "baseline_probe_mean": 0.056753577664494514,
 "batch": 2,
 "cache_id": "binrepair|5a622d5139e7|L0",
 "error": "FileNotFoundError: [Errno 2] No such file or directory: '$CORPUS_JSON'",
 "host": "spark-3",
 "last_grad_norm": 0.0017169540515169501,
 "last_kld_pre_update": 0.03817015886306763,
 "last_probe_mean": 0.05424416740424931,
 "last_probe_step": 32,
 "lr": 0.03,
 "manifest_md5": "5a622d5139e73452b719d5d2cfeb2571",
 "next_step": 37,
 "probe_wins": [
  4,
  84,
  160,
  236,
  304,
  373,
  442,
  511
 ],
 "state": "running",
 "steps": 48,
 "tag": "arm6_all43_lr3e2",
 "train_wins": [
  7,
  44,
  86,
  118,
  151,
  186,
  217,
  250,
  282,
  313,
  348,
  377,
  409,
  441,
  472,
  505
 ],
 "trainable": [
  0,
  1,
  2,
  3,
  4,
  5,
  6,
  7,
  8,
  9,
  10,
  11,
  12,
  13,
  14,
  15,
  16,
  17,
  18,
  19,
  20,
  21,
  22,
  23,
  24,
  25,
  26,
  27,
  28,
  29,
  30,
  31,
  32,
  33,
  34,
  35,
  36,
  37,
  38,
  39,
  40,
  41,
  42
 ],
 "updated_ts": 1784221311.5411584
}
