{
  "benchmarks": [
    {
      "prompt_size": 131072,
      "response_size": 128,
      "concurrency": 1,
      "runs": 3,
      "request_path": "raw_completions_tokenize_calibrated_debug",
      "server_prompt_tokens": 131072,
      "completion_token_counts": [
        128,
        128,
        128
      ],
      "latencies": [
        {
          "ttft_s": 84.05224033398554,
          "total_s": 89.30002553202212
        },
        {
          "ttft_s": 84.38368626497686,
          "total_s": 89.61229917197488
        },
        {
          "ttft_s": 84.6891314999666,
          "total_s": 89.98938351898687
        }
      ],
      "pp_throughput": {
        "mean": 1553.4603319303994,
        "median": 1553.2860177311425,
        "min": 1547.6838370936853,
        "max": 1559.4111409663708,
        "values": [
          1559.4111409663708,
          1553.2860177311425,
          1547.6838370936853
        ]
      },
      "tg_throughput": {
        "mean": 24.150411746982485,
        "median": 24.200685662118197,
        "min": 23.96112478128457,
        "max": 24.289424797544687,
        "values": [
          24.200685662118197,
          24.289424797544687,
          23.96112478128457
        ]
      }
    }
  ]
}