{
  "benchmarks": [
    {
      "prompt_size": 131072,
      "response_size": 128,
      "concurrency": 1,
      "runs": 3,
      "request_path": "raw_completions_tokenize_calibrated_debug",
      "server_prompt_tokens": 131072,
      "completion_token_counts": [
        128,
        128,
        128
      ],
      "latencies": [
        {
          "ttft_s": 83.25958030403126,
          "total_s": 99.06099626800278
        },
        {
          "ttft_s": 83.52019556099549,
          "total_s": 99.33796231303131
        },
        {
          "ttft_s": 83.8099572720239,
          "total_s": 99.65831377002178
        }
      ],
      "pp_throughput": {
        "mean": 1569.1738144873177,
        "median": 1569.3449844029285,
        "min": 1563.9191841439151,
        "max": 1574.2572749151097,
        "values": [
          1574.2572749151097,
          1569.3449844029285,
          1563.9191841439151
        ]
      },
      "tg_throughput": {
        "mean": 8.02654997675157,
        "median": 8.028946310240318,
        "min": 8.013449218917044,
        "max": 8.037254401097348,
        "values": [
          8.037254401097348,
          8.028946310240318,
          8.013449218917044
        ]
      }
    }
  ]
}