{
  "pp": 131072,
  "tg": 128,
  "concurrency": 1,
  "mbt": 2048,
  "max_model_len": 262144,
  "dflash": "on",
  "flashqla": "on",
  "nspec": 15,
  "temperature": 0.6,
  "forced_top_p": false,
  "forced_min_tokens": false,
  "forced_ignore_eos": false,
  "ar_prompt_request_skip_steps": 2,
  "raw_json": "results/golden-depth-grid-20260510/pp131072/measured-pp131072-tg128-c1-n3.json",
  "proof_log": "results/golden-depth-grid-20260510/pp131072/proof-pp131072.log",
  "prompt_size": 131072,
  "response_size": 128,
  "server_prompt_tokens": 131072,
  "completion_token_counts": [
    128,
    128,
    128
  ],
  "runs": 3,
  "pp_throughput": {
    "mean": 1553.4603319303994,
    "median": 1553.2860177311425,
    "min": 1547.6838370936853,
    "max": 1559.4111409663708,
    "values": [
      1559.4111409663708,
      1553.2860177311425,
      1547.6838370936853
    ]
  },
  "tg_throughput": {
    "mean": 24.150411746982485,
    "median": 24.200685662118197,
    "min": 23.96112478128457,
    "max": 24.289424797544687,
    "values": [
      24.200685662118197,
      24.289424797544687,
      23.96112478128457
    ]
  },
  "proof_counts": {
    "DFlash AR prompt threshold request-nsteps v34": 24,
    "SpecDecoding metrics": 5,
    "spec_counts=": 4,
    "DFlash proposer full-cudagraph path active": 44,
    "DFlash direct draft-query attention v2 path active": 23,
    "DFlash longctx feature metadata gpu path active": 4,
    "DFlash shifted suffix block-table path active": 81,
    "block_table_shifted=True": 81,
    "seq_lens_adjusted=True": 81,
    "slot_mapping_preserved=True": 81,
    "[flashqla-v2] active": 3,
    "Using Triton/FLA GDN prefill kernel": 1,
    "[flashqla-large-shape] optimized": 1,
    "Traceback": 0,
    "EngineDeadError": 0
  },
  "baseline_type": "paired_dflash_off_fqla_on_raw",
  "baseline_tg_mean": 8.232280473473045,
  "baseline_pp_mean": 1543.14256774609,
  "baseline_raw_json": "results/golden-depth-grid-20260510/baselines/pp131072/measured-pp131072-tg128-c1-n3.json",
  "tg_speedup_ratio": 2.933623535398555,
  "tg_speedup_pass": true
}
