{
  "version": "0.3.7",
  "timestamp": "2026-05-07 19:59:15Z",
  "latency_mode": "api",
  "latency_ms": 0.8788996674411464,
  "model": "qwen36-27b",
  "prefix_caching_enabled": false,
  "max_concurrency": 1,
  "benchmarks": [
    {
      "concurrency": 1,
      "context_size": 0,
      "prompt_size": 2048,
      "response_size": 32,
      "is_context_prefill_phase": false,
      "pp_throughput": {
        "mean": 3082.994929154097,
        "std": 44.028422916845905,
        "values": [
          3062.3900896627833,
          3119.4164958372744,
          3113.751311767176,
          3093.8199811963827,
          3096.576206826116,
          3098.63580972473,
          3083.3360640497367,
          3098.6467176387223,
          3093.6976326388503,
          2854.285475534924,
          3093.3326350083194,
          3076.0713552232883,
          3082.2888940375788,
          3087.9916683815068,
          3104.311437978127,
          3096.4691637237283,
          3083.886619092043,
          3076.0366516383847,
          3091.375385883233,
          3087.5201082075305,
          3089.7194381950244,
          3097.5795801655586,
          3084.8104586150926,
          3080.0322202173356,
          3099.6638144559165,
          3073.819333592647,
          3081.6777422369,
          3102.5003180752456,
          3098.9921855651296,
          3087.2130794536256
        ]
      },
      "pp_req_throughput": {
        "mean": 3082.994929154097,
        "std": 44.028422916845905,
        "values": [
          3062.3900896627833,
          3119.4164958372744,
          3113.751311767176,
          3093.8199811963827,
          3096.576206826116,
          3098.63580972473,
          3083.3360640497367,
          3098.6467176387223,
          3093.6976326388503,
          2854.285475534924,
          3093.3326350083194,
          3076.0713552232883,
          3082.2888940375788,
          3087.9916683815068,
          3104.311437978127,
          3096.4691637237283,
          3083.886619092043,
          3076.0366516383847,
          3091.375385883233,
          3087.5201082075305,
          3089.7194381950244,
          3097.5795801655586,
          3084.8104586150926,
          3080.0322202173356,
          3099.6638144559165,
          3073.819333592647,
          3081.6777422369,
          3102.5003180752456,
          3098.9921855651296,
          3087.2130794536256
        ]
      },
      "tg_throughput": {
        "mean": 10.767997397899832,
        "std": 0.026762025923252886,
        "values": [
          10.81502894742692,
          10.854753118919628,
          10.78664984366744,
          10.772302666948606,
          10.778272362370721,
          10.75449122983115,
          10.769190437939832,
          10.798860593969499,
          10.78522370912297,
          10.771149773308995,
          10.779110557464058,
          10.763684898376631,
          10.755758618416575,
          10.76203217302806,
          10.78805143457819,
          10.739526768369949,
          10.780638512400618,
          10.770489070765834,
          10.717920690912026,
          10.770351874129606,
          10.759226120473754,
          10.7932071407775,
          10.752231920117985,
          10.742767031060886,
          10.769743018292052,
          10.741349986011304,
          10.739997920138599,
          10.723669457541805,
          10.757088978105338,
          10.747153082528401
        ]
      },
      "tg_req_throughput": {
        "mean": 10.767997397899832,
        "std": 0.026762025923252886,
        "values": [
          10.81502894742692,
          10.854753118919628,
          10.78664984366744,
          10.772302666948606,
          10.778272362370721,
          10.75449122983115,
          10.769190437939832,
          10.798860593969499,
          10.78522370912297,
          10.771149773308995,
          10.779110557464058,
          10.763684898376631,
          10.755758618416575,
          10.76203217302806,
          10.78805143457819,
          10.739526768369949,
          10.780638512400618,
          10.770489070765834,
          10.717920690912026,
          10.770351874129606,
          10.759226120473754,
          10.7932071407775,
          10.752231920117985,
          10.742767031060886,
          10.769743018292052,
          10.741349986011304,
          10.739997920138599,
          10.723669457541805,
          10.757088978105338,
          10.747153082528401
        ]
      },
      "peak_throughput": {
        "mean": 11.0,
        "std": 0.0,
        "values": [
          11.0,
          11.0,
          11.0,
          11.0,
          11.0,
          11.0,
          11.0,
          11.0,
          11.0,
          11.0,
          11.0,
          11.0,
          11.0,
          11.0,
          11.0,
          11.0,
          11.0,
          11.0,
          11.0,
          11.0,
          11.0,
          11.0,
          11.0,
          11.0,
          11.0,
          11.0,
          11.0,
          11.0,
          11.0,
          11.0
        ]
      },
      "peak_req_throughput": {
        "mean": 11.0,
        "std": 0.0,
        "values": [
          11.0,
          11.0,
          11.0,
          11.0,
          11.0,
          11.0,
          11.0,
          11.0,
          11.0,
          11.0,
          11.0,
          11.0,
          11.0,
          11.0,
          11.0,
          11.0,
          11.0,
          11.0,
          11.0,
          11.0,
          11.0,
          11.0,
          11.0,
          11.0,
          11.0,
          11.0,
          11.0,
          11.0,
          11.0,
          11.0
        ]
      },
      "ttfr": {
        "mean": 668.55749173313,
        "std": 10.216136561968948,
        "values": [
          672.9030180013069,
          660.617669000203,
          661.8180030000076,
          666.0759739988862,
          665.4838899994502,
          665.0421400008781,
          668.3377680001286,
          665.0398020010471,
          666.1022809985297,
          721.8999809992965,
          666.1807739983487,
          669.9140950004221,
          668.5645289999229,
          667.3314750005375,
          663.8278469999932,
          665.5068649997702,
          668.2186090001778,
          669.9216429988155,
          666.6019980002602,
          667.4332629991113,
          666.9587950000277,
          665.2686100005667,
          668.0187539986946,
          669.0537279991986,
          664.8218699992867,
          670.4042610017495,
          668.6969429993042,
          664.214850999997,
          664.9657629986905,
          667.4995529992884
        ]
      },
      "est_ppt": {
        "mean": 667.6785920656888,
        "std": 10.216136561968948,
        "values": [
          672.0241183338658,
          659.7387693327619,
          660.9391033325664,
          665.197074331445,
          664.604990332009,
          664.163240333437,
          667.4588683326874,
          664.1609023336059,
          665.2233813310886,
          721.0210813318554,
          665.3018743309076,
          669.035195332981,
          667.6856293324818,
          666.4525753330963,
          662.948947332552,
          664.627965332329,
          667.3397093327367,
          669.0427433313744,
          665.7230983328191,
          666.5543633316702,
          666.0798953325866,
          664.3897103331255,
          667.1398543312534,
          668.1748283317575,
          663.9429703318456,
          669.5253613343084,
          667.818043331863,
          663.3359513325559,
          664.0868633312493,
          666.6206533318473
        ]
      },
      "e2e_ttft": {
        "mean": 668.55749173313,
        "std": 10.216136561968948,