{
  "version": "0.3.7",
  "timestamp": "2026-05-07 20:02:07Z",
  "latency_mode": "api",
  "latency_ms": 1.7556590003853974,
  "model": "qwen36-27b",
  "prefix_caching_enabled": false,
  "max_concurrency": 1,
  "benchmarks": [
    {
      "concurrency": 1,
      "context_size": 0,
      "prompt_size": 128,
      "response_size": 128,
      "is_context_prefill_phase": false,
      "pp_throughput": {
        "mean": 535.5205212199747,
        "std": 169.0724746345237,
        "values": [
          93.22936083775984,
          468.8633279476863,
          214.82883166272188,
          486.6839498590922,
          484.94291896923966,
          771.1765760347416,
          483.16750051187137,
          482.62704450903175,
          776.3413703533563,
          482.29785361281427,
          484.09798810377123,
          483.5812470695388,
          485.3961183965961,
          482.764018457629,
          482.9133176673378,
          486.85856019525204,
          484.8225146708425,
          818.7926496151028,
          824.5282662905311,
          779.6907964595167,
          482.8896295129982,
          483.79171373309396,
          479.7213903108156,
          484.4043267050485,
          820.7498281301145,
          481.6525026919082,
          823.0157096110385,
          480.9668103989515,
          486.3391443740715,
          484.4803699067714
        ]
      },
      "pp_req_throughput": {
        "mean": 535.5205212199747,
        "std": 169.0724746345237,
        "values": [
          93.22936083775984,
          468.8633279476863,
          214.82883166272188,
          486.6839498590922,
          484.94291896923966,
          771.1765760347416,
          483.16750051187137,
          482.62704450903175,
          776.3413703533563,
          482.29785361281427,
          484.09798810377123,
          483.5812470695388,
          485.3961183965961,
          482.764018457629,
          482.9133176673378,
          486.85856019525204,
          484.8225146708425,
          818.7926496151028,
          824.5282662905311,
          779.6907964595167,
          482.8896295129982,
          483.79171373309396,
          479.7213903108156,
          484.4043267050485,
          820.7498281301145,
          481.6525026919082,
          823.0157096110385,
          480.9668103989515,
          486.3391443740715,
          484.4803699067714
        ]
      },
      "tg_throughput": {
        "mean": 33.50415510658238,
        "std": 12.971943853512304,
        "values": [
          50.369074615127914,
          66.71516593069425,
          59.302755390057435,
          25.973392875562975,
          26.63248596656949,
          59.23881835992518,
          48.3903897604761,
          25.316183675285362,
          30.496062578674888,
          20.50893200605918,
          28.04372673088226,
          30.4904607526558,
          64.88861781212145,
          20.882316087420378,
          30.477361362699337,
          27.323905605106972,
          28.78409319679909,
          26.619806634683577,
          29.623708336715087,
          26.609774583088882,
          27.248227733856755,
          28.004359735479763,
          26.629892577116042,
          28.014428757861484,
          23.662926421727242,
          28.768135848783118,
          30.421128003639307,
          34.37041297661828,
          25.963268838702234,
          25.354840043081705
        ]
      },
      "tg_req_throughput": {
        "mean": 33.50415510658238,
        "std": 12.971943853512304,
        "values": [
          50.369074615127914,
          66.71516593069425,
          59.302755390057435,
          25.973392875562975,
          26.63248596656949,
          59.23881835992518,
          48.3903897604761,
          25.316183675285362,
          30.496062578674888,
          20.50893200605918,
          28.04372673088226,
          30.4904607526558,
          64.88861781212145,
          20.882316087420378,
          30.477361362699337,
          27.323905605106972,
          28.78409319679909,
          26.619806634683577,
          29.623708336715087,
          26.609774583088882,
          27.248227733856755,
          28.004359735479763,
          26.629892577116042,
          28.014428757861484,
          23.662926421727242,
          28.768135848783118,
          30.421128003639307,
          34.37041297661828,
          25.963268838702234,
          25.354840043081705
        ]
      },
      "peak_throughput": {
        "mean": 46.1,
        "std": 13.189263310233315,
        "values": [
          56.0,
          76.0,
          71.0,
          35.0,
          41.0,
          75.0,
          69.0,
          36.0,
          42.0,
          42.0,
          35.0,
          41.0,
          76.0,
          36.0,
          45.0,
          39.0,
          42.0,
          35.0,
          39.0,
          40.0,
          37.0,
          46.0,
          33.0,
          48.0,
          36.0,
          47.0,
          46.0,
          44.0,
          34.0,
          41.0
        ]
      },
      "peak_req_throughput": {
        "mean": 46.1,
        "std": 13.189263310233315,
        "values": [
          56.0,
          76.0,
          71.0,
          35.0,
          41.0,
          75.0,
          69.0,
          36.0,
          42.0,
          42.0,
          35.0,
          41.0,
          76.0,
          36.0,
          45.0,
          39.0,
          42.0,
          35.0,
          39.0,
          40.0,
          37.0,
          46.0,
          33.0,
          48.0,
          36.0,
          47.0,
          46.0,
          44.0,
          34.0,
          41.0
        ]
      },
      "ttfr": {
        "mean": 292.2613486999277,
        "std": 217.36835611678856,
        "values": [
          1385.4399279989593,
          276.8891409996286,
          597.5788499999908,
          266.81473899952834,
          267.766347998986,
          169.0325239997037,
          268.7438149987429,
          269.042793999688,
          166.63158200026373,
          269.22523000030196,
          266.16493800065655,
          268.5153830007039,
          267.5179819998448,
          268.9669570008846,
          268.8843449996057,
          268.77366100052313,
          267.8324110001995,
          159.3047040005331,
          158.20875499957765,
          168.4884210008022,
          268.8974489992688,
          268.3993329992518,
          270.6617420008115,
          268.0621159997827,
          158.92900900144014,
          269.58360400021775,
          158.496287998787,
          269.9654340012785,
          267.0026609994238,
          268.0203169984452
        ]
      },
      "est_ppt": {
        "mean": 290.5056896995423,
        "std": 217.36835611678856,
        "values": [
          1383.684268998574,
          275.1334819992432,
          595.8231909996053,
          265.05907999914297,
          266.01068899860064,
          167.2768649993183,
          266.9881559983575,
          267.2871349993026,
          164.87592299987833,
          267.4695709999166,
          264.40927900027117,
          266.7597240003185,
          265.7623229994594,
          267.2112980004992,
          267.1286859992203,
          267.01800200013776,
          266.0767519998141,
          157.5490450001477,
          156.45309599919224,
          166.73276200041678,
          267.14178999888344,
          266.6436739988664,
          268.9060830004261,
          266.3064569993973,
          157.17335000105473,
          267.82794499983237,
          156.7406289984016,
          268.2097750008931,
          265.24700199903845,
          266.2646579980598
        ]
      },
      "e2e_ttft": {
        "mean": 292.2613486999277,
        "std": 217.36835611678856,