{
  "version": "0.3.6",
  "timestamp": "2026-05-14 23:44:13Z",
  "latency_mode": "none",
  "latency_ms": 0.0,
  "model": "Qwen/Qwen3.6-27B",
  "prefix_caching_enabled": false,
  "max_concurrency": 1,
  "benchmarks": [
    {
      "concurrency": 1,
      "context_size": 0,
      "prompt_size": 128,
      "response_size": 128,
      "is_context_prefill_phase": false,
      "pp_throughput": {
        "mean": 41283.316378216055,
        "std": 5621.047946853879,
        "values": [
          42238.274063892764,
          40619.21399176765,
          50038.36310875417,
          44311.58138645221,
          51325.652108087255,
          35014.760507738865,
          42787.5129367862,
          36987.00119683873,
          37332.46051944611,
          36142.3916463858,
          44567.84167095601,
          37677.226337739325,
          45148.78006665154,
          41034.77833838622,
          32671.080989244936,
          42017.535998307685,
          35376.868454388656,
          33129.9123292649,
          54610.01529821796,
          34698.701941187646,
          50386.331246425965,
          37136.555989309134,
          46147.32930604789,
          38218.05298477442,
          47966.877180623196,
          44927.06615390504,
          36742.79853537258,
          38436.24657204317,
          40974.79616043375,
          39833.48432705179
        ]
      },
      "pp_req_throughput": {
        "mean": 41283.316378216055,
        "std": 5621.047946853879,
        "values": [
          42238.274063892764,
          40619.21399176765,
          50038.36310875417,
          44311.58138645221,
          51325.652108087255,
          35014.760507738865,
          42787.5129367862,
          36987.00119683873,
          37332.46051944611,
          36142.3916463858,
          44567.84167095601,
          37677.226337739325,
          45148.78006665154,
          41034.77833838622,
          32671.080989244936,
          42017.535998307685,
          35376.868454388656,
          33129.9123292649,
          54610.01529821796,
          34698.701941187646,
          50386.331246425965,
          37136.555989309134,
          46147.32930604789,
          38218.05298477442,
          47966.877180623196,
          44927.06615390504,
          36742.79853537258,
          38436.24657204317,
          40974.79616043375,
          39833.48432705179
        ]
      },
      "tg_throughput": {
        "mean": 54.87820425656609,
        "std": 16.448371780460157,
        "values": [
          39.29343848305817,
          37.739525293525965,
          64.48227591797986,
          75.59278398546155,
          39.79716377066703,
          36.32618097653786,
          69.74998730161803,
          63.68213858991482,
          75.39782254129506,
          41.56894418834055,
          75.96628533206379,
          59.66764299777125,
          59.58343439939874,
          75.4909507629675,
          69.19320723168293,
          36.02161316344209,
          33.269420985669925,
          37.850954794524775,
          31.872282937452617,
          46.32697371359169,
          43.48853686404675,
          39.540444010186455,
          59.41793862707012,
          51.64807322037785,
          82.98765457504365,
          55.17347846939473,
          75.07632443857956,
          37.723524196634465,
          83.67801879634085,
          48.73910713234396
        ]
      },
      "tg_req_throughput": {
        "mean": 54.87820425656609,
        "std": 16.448371780460157,
        "values": [
          39.29343848305817,
          37.739525293525965,
          64.48227591797986,
          75.59278398546155,
          39.79716377066703,
          36.32618097653786,
          69.74998730161803,
          63.68213858991482,
          75.39782254129506,
          41.56894418834055,
          75.96628533206379,
          59.66764299777125,
          59.58343439939874,
          75.4909507629675,
          69.19320723168293,
          36.02161316344209,
          33.269420985669925,
          37.850954794524775,
          31.872282937452617,
          46.32697371359169,
          43.48853686404675,
          39.540444010186455,
          59.41793862707012,
          51.64807322037785,
          82.98765457504365,
          55.17347846939473,
          75.07632443857956,
          37.723524196634465,
          83.67801879634085,
          48.73910713234396
        ]
      },
      "peak_throughput": {
        "mean": 71.1,
        "std": 18.43791383716354,
        "values": [
          55.0,
          60.0,
          91.0,
          96.0,
          53.0,
          43.0,
          83.0,
          86.0,
          96.0,
          44.0,
          87.0,
          82.0,
          82.0,
          93.0,
          87.0,
          56.0,
          42.0,
          54.0,
          49.0,
          68.0,
          57.0,
          56.0,
          74.0,
          73.0,
          96.0,
          69.0,
          93.0,
          53.0,
          99.0,
          56.0
        ]
      },
      "peak_req_throughput": {
        "mean": 71.1,
        "std": 18.43791383716354,
        "values": [
          55.0,
          60.0,
          91.0,
          96.0,
          53.0,
          43.0,
          83.0,
          86.0,
          96.0,
          44.0,
          87.0,
          82.0,
          82.0,
          93.0,
          87.0,
          56.0,
          42.0,
          54.0,
          49.0,
          68.0,
          57.0,
          56.0,
          74.0,
          73.0,
          96.0,
          69.0,
          93.0,
          53.0,
          99.0,
          56.0
        ]
      },
      "ttfr": {
        "mean": 3.4031266695819795,
        "std": 0.4419824146972729,
        "values": [
          3.267178952228278,
          3.3974069519899786,
          2.7578839799389243,
          3.114309976808727,
          2.6887140120379627,
          3.941195027437061,
          3.22524004150182,
          3.7040039896965027,
          3.696514992043376,
          3.8182309945113957,
          3.0964030302129686,
          3.662689996417612,
          3.0565609922632575,
          3.363000985700637,
          4.223919007927179,
          3.2843429944477975,
          3.9008540334179997,
          4.16542001767084,
          2.5270089972764254,
          3.977094020228833,
          2.7388380258344114,
          3.716015024110675,
          3.012091969139874,
          3.610858984757215,
          2.8978330083191395,
          3.0716450419276953,
          3.7558380281552672,
          3.5903609823435545,
          3.3679240150377154,
          3.4644220140762627
        ]
      },
      "est_ppt": {
        "mean": 3.4031266695819795,
        "std": 0.4419824146972729,
        "values": [
          3.267178952228278,
          3.3974069519899786,
          2.7578839799389243,
          3.114309976808727,
          2.6887140120379627,
          3.941195027437061,
          3.22524004150182,
          3.7040039896965027,
          3.696514992043376,
          3.8182309945113957,
          3.0964030302129686,
          3.662689996417612,
          3.0565609922632575,
          3.363000985700637,
          4.223919007927179,
          3.2843429944477975,
          3.9008540334179997,
          4.16542001767084,
          2.5270089972764254,
          3.977094020228833,
          2.7388380258344114,
          3.716015024110675,
          3.012091969139874,
          3.610858984757215,
          2.8978330083191395,
          3.0716450419276953,
          3.7558380281552672,
          3.5903609823435545,
          3.3679240150377154,
          3.4644220140762627
        ]
      },
      "e2e_ttft": {
        "mean": 575.4246967049161,
        "std": 27.497773248522392,