{
  "version": "0.3.7",
  "timestamp": "2026-05-14 07:57:48Z",
  "latency_mode": "api",
  "latency_ms": 2.634027332533151,
  "model": "aeon-ultimate",
  "prefix_caching_enabled": false,
  "max_concurrency": 1,
  "benchmarks": [
    {
      "concurrency": 1,
      "context_size": 0,
      "prompt_size": 16384,
      "response_size": 128,
      "is_context_prefill_phase": false,
      "pp_throughput": {
        "mean": 1798.243822236324,
        "std": 11.020127306409051,
        "values": [
          1812.7334167587821,
          1795.6011782729424,
          1790.5890839687609,
          1804.1144048666993,
          1801.7998028541615,
          1798.1714487015038,
          1745.6153426619455,
          1798.3906602912807,
          1797.6170370616808,
          1793.8266786611946,
          1805.111595314505,
          1796.9801069303048,
          1802.6989557675554,
          1811.8025280418155,
          1799.9318927860393,
          1798.80277102178,
          1798.8744099619637,
          1797.8700266325168,
          1804.396282307143,
          1805.4357119820784,
          1800.2767773305013,
          1796.7618755960655,
          1790.800923193466,
          1800.884772995597,
          1794.0131260439166,
          1804.906849388732,
          1800.9446823431038,
          1794.145637749118,
          1802.4913801636053,
          1801.7253074409527
        ]
      },
      "pp_req_throughput": {
        "mean": 1798.243822236324,
        "std": 11.020127306409051,
        "values": [
          1812.7334167587821,
          1795.6011782729424,
          1790.5890839687609,
          1804.1144048666993,
          1801.7998028541615,
          1798.1714487015038,
          1745.6153426619455,
          1798.3906602912807,
          1797.6170370616808,
          1793.8266786611946,
          1805.111595314505,
          1796.9801069303048,
          1802.6989557675554,
          1811.8025280418155,
          1799.9318927860393,
          1798.80277102178,
          1798.8744099619637,
          1797.8700266325168,
          1804.396282307143,
          1805.4357119820784,
          1800.2767773305013,
          1796.7618755960655,
          1790.800923193466,
          1800.884772995597,
          1794.0131260439166,
          1804.906849388732,
          1800.9446823431038,
          1794.145637749118,
          1802.4913801636053,
          1801.7253074409527
        ]
      },
      "tg_throughput": {
        "mean": 11.503766672735143,
        "std": 0.013079149642318986,
        "values": [
          11.552899613131398,
          11.535772155528099,
          11.498977113157407,
          11.503741477885406,
          11.50034741339487,
          11.500285889825019,
          11.513202632851325,
          11.505760614762805,
          11.509723034053387,
          11.512754075697506,
          11.492751773900247,
          11.49599160355481,
          11.504264154110519,
          11.499308323976047,
          11.499998439925358,
          11.496669365491067,
          11.50038341475275,
          11.488663035408052,
          11.504511542991363,
          11.495586325153573,
          11.484843976723173,
          11.494336803311624,
          11.497150918311362,
          11.509671764909804,
          11.504404106134716,
          11.500164615969428,
          11.488693661219811,
          11.501294805461374,
          11.511658856017394,
          11.509188674444573
        ]
      },
      "tg_req_throughput": {
        "mean": 11.503766672735143,
        "std": 0.013079149642318986,
        "values": [
          11.552899613131398,
          11.535772155528099,
          11.498977113157407,
          11.503741477885406,
          11.50034741339487,
          11.500285889825019,
          11.513202632851325,
          11.505760614762805,
          11.509723034053387,
          11.512754075697506,
          11.492751773900247,
          11.49599160355481,
          11.504264154110519,
          11.499308323976047,
          11.499998439925358,
          11.496669365491067,
          11.50038341475275,
          11.488663035408052,
          11.504511542991363,
          11.495586325153573,
          11.484843976723173,
          11.494336803311624,
          11.497150918311362,
          11.509671764909804,
          11.504404106134716,
          11.500164615969428,
          11.488693661219811,
          11.501294805461374,
          11.511658856017394,
          11.509188674444573
        ]
      },
      "peak_throughput": {
        "mean": 12.0,
        "std": 0.0,
        "values": [
          12.0,
          12.0,
          12.0,
          12.0,
          12.0,
          12.0,
          12.0,
          12.0,
          12.0,
          12.0,
          12.0,
          12.0,
          12.0,
          12.0,
          12.0,
          12.0,
          12.0,
          12.0,
          12.0,
          12.0,
          12.0,
          12.0,
          12.0,
          12.0,
          12.0,
          12.0,
          12.0,
          12.0,
          12.0,
          12.0
        ]
      },
      "peak_req_throughput": {
        "mean": 12.0,
        "std": 0.0,
        "values": [
          12.0,
          12.0,
          12.0,
          12.0,
          12.0,
          12.0,
          12.0,
          12.0,
          12.0,
          12.0,
          12.0,
          12.0,
          12.0,
          12.0,
          12.0,
          12.0,
          12.0,
          12.0,
          12.0,
          12.0,
          12.0,
          12.0,
          12.0,
          12.0,
          12.0,
          12.0,
          12.0,
          12.0,
          12.0,
          12.0
        ]
      },
      "ttfr": {
        "mean": 9114.706467732321,
        "std": 56.98864331642235,
        "values": [
          9041.4699910325,
          9127.711576991715,
          9153.253868978936,
          9084.652304998599,
          9096.319116011728,
          9114.668373018503,
          9388.436042005196,
          9113.557678007055,
          9117.478658969048,
          9136.73833903158,
          9080.18914499553,
          9121.822346001863,
          9091.783354000654,
          9046.114068012685,
          9105.756243050564,
          9111.470339994412,
          9111.66349000996,
          9116.196051996667,
          9083.233539015055,
          9078.005635004956,
          9104.01233000448,
          9121.816831990145,
          9152.729824010748,
          9100.93961894745,
          9135.789053980261,
          9080.664844019338,
          9100.081695010886,
          9135.11449896032,
          9092.830063949805,
          9096.695109969005
        ]
      },
      "est_ppt": {
        "mean": 9112.072440399788,
        "std": 56.98864331642235,
        "values": [
          9038.835963699967,
          9125.077549659181,
          9150.619841646403,
          9082.018277666066,
          9093.685088679194,
          9112.03434568597,
          9385.802014672663,
          9110.923650674522,
          9114.844631636515,
          9134.104311699048,
          9077.555117662996,
          9119.18831866933,
          9089.149326668121,
          9043.480040680151,
          9103.122215718031,
          9108.836312661879,
          9109.029462677427,
          9113.562024664134,
          9080.599511682522,
          9075.371607672423,
          9101.378302671947,
          9119.182804657612,
          9150.095796678215,
          9098.305591614917,
          9133.155026647728,
          9078.030816686805,
          9097.447667678352,
          9132.480471627787,
          9090.196036617272,
          9094.061082636472
        ]
      },
      "e2e_ttft": {
        "mean": 9115.680737597479,
        "std": 56.83653348072571,