{
  "version": "0.3.7",
  "timestamp": "2026-05-16 07:02:25Z",
  "latency_mode": "none",
  "latency_ms": 0.0,
  "model": "aeon-ultimate",
  "prefix_caching_enabled": false,
  "max_concurrency": 1,
  "benchmarks": [
    {
      "concurrency": 1,
      "context_size": 0,
      "prompt_size": 2048,
      "response_size": 128,
      "is_context_prefill_phase": false,
      "pp_throughput": {
        "mean": 2518.7789724032214,
        "std": 143.66992652394427,
        "values": [
          1985.3984373313278,
          2373.91866846819,
          2340.5377007906627,
          2462.052660164301,
          2445.2537943462457,
          2488.872020662268,
          2516.3446448920904,
          2529.9649819570973,
          2529.203022185475,
          2630.7420429694685,
          2575.8300514742646,
          2527.9739833543813,
          2592.406127703577,
          2554.2322371357277,
          2581.2233027678935,
          2614.860570285944,
          2592.4634217465136,
          2598.704285878344,
          2594.081927179198,
          2456.05296205902,
          2588.2670298047265,
          2625.1057443474933,
          2662.0168315071055,
          2641.2407734868425,
          2487.445073758505,
          2170.533495829886,
          2627.5396490336952,
          2646.8731505729766,
          2630.012121262507,
          2494.2184591408986
        ]
      },
      "pp_req_throughput": {
        "mean": 2518.7789724032214,
        "std": 143.66992652394427,
        "values": [
          1985.3984373313278,
          2373.91866846819,
          2340.5377007906627,
          2462.052660164301,
          2445.2537943462457,
          2488.872020662268,
          2516.3446448920904,
          2529.9649819570973,
          2529.203022185475,
          2630.7420429694685,
          2575.8300514742646,
          2527.9739833543813,
          2592.406127703577,
          2554.2322371357277,
          2581.2233027678935,
          2614.860570285944,
          2592.4634217465136,
          2598.704285878344,
          2594.081927179198,
          2456.05296205902,
          2588.2670298047265,
          2625.1057443474933,
          2662.0168315071055,
          2641.2407734868425,
          2487.445073758505,
          2170.533495829886,
          2627.5396490336952,
          2646.8731505729766,
          2630.012121262507,
          2494.2184591408986
        ]
      },
      "tg_throughput": {
        "mean": 11.97750929989217,
        "std": 0.1895734308706346,
        "values": [
          12.045603754744102,
          11.952350879253434,
          12.044882835900083,
          12.045999720365037,
          12.002638955394133,
          12.057419581883746,
          12.047023374385706,
          12.020983970093951,
          12.04193197972518,
          11.988076150519243,
          12.047871889230983,
          12.043652414676549,
          11.998328847763547,
          12.054547557812278,
          12.051543614715362,
          11.987723481126245,
          12.043279445519154,
          12.041661970373449,
          11.042801482634092,
          12.000490382384047,
          12.045040150606575,
          11.984932894563487,
          12.094540227577967,
          11.715027213700004,
          12.03578544171404,
          12.031952250586075,
          12.031775892806358,
          12.017344896551773,
          11.776372000346106,
          12.03369573981241
        ]
      },
      "tg_req_throughput": {
        "mean": 11.97750929989217,
        "std": 0.1895734308706346,
        "values": [
          12.045603754744102,
          11.952350879253434,
          12.044882835900083,
          12.045999720365037,
          12.002638955394133,
          12.057419581883746,
          12.047023374385706,
          12.020983970093951,
          12.04193197972518,
          11.988076150519243,
          12.047871889230983,
          12.043652414676549,
          11.998328847763547,
          12.054547557812278,
          12.051543614715362,
          11.987723481126245,
          12.043279445519154,
          12.041661970373449,
          11.042801482634092,
          12.000490382384047,
          12.045040150606575,
          11.984932894563487,
          12.094540227577967,
          11.715027213700004,
          12.03578544171404,
          12.031952250586075,
          12.031775892806358,
          12.017344896551773,
          11.776372000346106,
          12.03369573981241
        ]
      },
      "peak_throughput": {
        "mean": 13.013024526607238,
        "std": 0.07013922231488276,
        "values": [
          13.0,
          13.0,
          13.0,
          13.0,
          13.0,
          13.0,
          13.0,
          13.0,
          13.0,
          13.0,
          13.0,
          13.0,
          13.0,
          13.0,
          13.0,
          13.0,
          13.0,
          13.0,
          13.390735798217127,
          13.0,
          13.0,
          13.0,
          13.0,
          13.0,
          13.0,
          13.0,
          13.0,
          13.0,
          13.0,
          13.0
        ]
      },
      "peak_req_throughput": {
        "mean": 13.013024526607238,
        "std": 0.07013922231488276,
        "values": [
          13.0,
          13.0,
          13.0,
          13.0,
          13.0,
          13.0,
          13.0,
          13.0,
          13.0,
          13.0,
          13.0,
          13.0,
          13.0,
          13.0,
          13.0,
          13.0,
          13.0,
          13.0,
          13.390735798217127,
          13.0,
          13.0,
          13.0,
          13.0,
          13.0,
          13.0,
          13.0,
          13.0,
          13.0,
          13.0,
          13.0
        ]
      },
      "ttfr": {
        "mean": 820.9483054020287,
        "std": 53.97399431725279,
        "values": [
          1037.5751089886762,
          868.1847560219467,
          880.1396359922364,
          836.7002190207131,
          842.448340030387,
          827.6841809856705,
          818.6477969866246,
          814.2405190155841,
          814.4858209998347,
          783.4291490144096,
          799.7422030312009,
          814.8818039917387,
          794.628579984419,
          806.8960880045779,
          797.683795040939,
          788.1873410078697,
          794.2252850043587,
          792.7027369732969,
          794.1152430139482,
          838.7441280065104,
          795.8993319771253,
          784.7302930313163,
          773.8493519718759,
          779.9364679958671,
          828.1589900143445,
          949.0754249854945,
          784.0033929678611,
          778.2768129836768,
          783.2663520239294,
          825.9100129944272
        ]
      },
      "est_ppt": {
        "mean": 820.9483054020287,
        "std": 53.97399431725279,
        "values": [
          1037.5751089886762,
          868.1847560219467,
          880.1396359922364,
          836.7002190207131,
          842.448340030387,
          827.6841809856705,
          818.6477969866246,
          814.2405190155841,
          814.4858209998347,
          783.4291490144096,
          799.7422030312009,
          814.8818039917387,
          794.628579984419,
          806.8960880045779,
          797.683795040939,
          788.1873410078697,
          794.2252850043587,
          792.7027369732969,
          794.1152430139482,
          838.7441280065104,
          795.8993319771253,
          784.7302930313163,
          773.8493519718759,
          779.9364679958671,
          828.1589900143445,
          949.0754249854945,
          784.0033929678611,
          778.2768129836768,
          783.2663520239294,
          825.9100129944272
        ]
      },
      "e2e_ttft": {
        "mean": 820.9483054020287,
        "std": 53.97399431725279,