{
  "version": "0.3.7",
  "timestamp": "2026-05-14 07:32:43Z",
  "latency_mode": "api",
  "latency_ms": 1.8435976817272604,
  "model": "aeon-ultimate",
  "prefix_caching_enabled": false,
  "max_concurrency": 1,
  "benchmarks": [
    {
      "concurrency": 1,
      "context_size": 0,
      "prompt_size": 131072,
      "response_size": 128,
      "is_context_prefill_phase": false,
      "pp_throughput": {
        "mean": 1121.789119747192,
        "std": 11.192410442774028,
        "values": [
          1134.0533986000376,
          1138.9909034516888,
          1140.5794583943532,
          1138.538447567223,
          1139.624014098004,
          1138.9769593247488,
          1117.0577141586004,
          1121.7248620214618,
          1118.1085132557632,
          1124.3972660461488,
          1129.4206368966106,
          1117.8722967537926,
          1104.803157445021,
          1117.2163123573087,
          1126.0519263643937,
          1135.3381567356462,
          1106.8721116218765,
          1108.715978941005,
          1120.824265181805,
          1125.234886936974,
          1127.9253898237068,
          1107.0170121243611,
          1117.1793707438148,
          1110.0213634855822,
          1110.5172517099468,
          1111.6730015521641,
          1102.844051159224,
          1121.3978488670912,
          1116.9776514608166,
          1123.719385336594
        ]
      },
      "pp_req_throughput": {
        "mean": 1121.789119747192,
        "std": 11.192410442774028,
        "values": [
          1134.0533986000376,
          1138.9909034516888,
          1140.5794583943532,
          1138.538447567223,
          1139.624014098004,
          1138.9769593247488,
          1117.0577141586004,
          1121.7248620214618,
          1118.1085132557632,
          1124.3972660461488,
          1129.4206368966106,
          1117.8722967537926,
          1104.803157445021,
          1117.2163123573087,
          1126.0519263643937,
          1135.3381567356462,
          1106.8721116218765,
          1108.715978941005,
          1120.824265181805,
          1125.234886936974,
          1127.9253898237068,
          1107.0170121243611,
          1117.1793707438148,
          1110.0213634855822,
          1110.5172517099468,
          1111.6730015521641,
          1102.844051159224,
          1121.3978488670912,
          1116.9776514608166,
          1123.719385336594
        ]
      },
      "tg_throughput": {
        "mean": 15.945768315683377,
        "std": 3.077955064275541,
        "values": [
          19.901682507170065,
          17.40988480158601,
          19.09515691837239,
          15.484093893924756,
          13.950183030419332,
          15.14488940333847,
          21.279641018445254,
          10.5800400198991,
          12.974883621615763,
          15.914626411179993,
          11.436842844565074,
          17.413414727461582,
          18.525213473447458,
          12.460824786977431,
          20.539528614614362,
          11.209808218684545,
          17.943005867318515,
          13.618796474402632,
          12.996576703816615,
          12.468782277940223,
          15.410672266421953,
          16.89691299025218,
          16.365861931168574,
          13.96722921403462,
          18.562497723014257,
          14.335139183377521,
          14.683605161175407,
          22.966158558667612,
          16.84794627480831,
          17.989150552401316
        ]
      },
      "tg_req_throughput": {
        "mean": 15.945768315683377,
        "std": 3.077955064275541,
        "values": [
          19.901682507170065,
          17.40988480158601,
          19.09515691837239,
          15.484093893924756,
          13.950183030419332,
          15.14488940333847,
          21.279641018445254,
          10.5800400198991,
          12.974883621615763,
          15.914626411179993,
          11.436842844565074,
          17.413414727461582,
          18.525213473447458,
          12.460824786977431,
          20.539528614614362,
          11.209808218684545,
          17.943005867318515,
          13.618796474402632,
          12.996576703816615,
          12.468782277940223,
          15.410672266421953,
          16.89691299025218,
          16.365861931168574,
          13.96722921403462,
          18.562497723014257,
          14.335139183377521,
          14.683605161175407,
          22.966158558667612,
          16.84794627480831,
          17.989150552401316
        ]
      },
      "peak_throughput": {
        "mean": 33.06666666666667,
        "std": 6.016274225428521,
        "values": [
          36.0,
          44.0,
          30.0,
          27.0,
          35.0,
          27.0,
          35.0,
          27.0,
          31.0,
          27.0,
          33.0,
          36.0,
          31.0,
          33.0,
          46.0,
          26.0,
          45.0,
          33.0,
          27.0,
          26.0,
          36.0,
          30.0,
          36.0,
          25.0,
          33.0,
          28.0,
          28.0,
          42.0,
          36.0,
          43.0
        ]
      },
      "peak_req_throughput": {
        "mean": 33.06666666666667,
        "std": 6.016274225428521,
        "values": [
          36.0,
          44.0,
          30.0,
          27.0,
          35.0,
          27.0,
          35.0,
          27.0,
          31.0,
          27.0,
          33.0,
          36.0,
          31.0,
          33.0,
          46.0,
          26.0,
          45.0,
          33.0,
          27.0,
          26.0,
          36.0,
          30.0,
          36.0,
          25.0,
          33.0,
          28.0,
          28.0,
          42.0,
          36.0,
          43.0
        ]
      },
      "ttfr": {
        "mean": 116856.24470236555,
        "std": 1164.154712322864,
        "values": [
          115581.05720597086,
          115080.02341701649,
          114918.87023299932,
          115125.75555697549,
          115016.09248900786,
          115081.43228199333,
          117339.55886401236,
          116851.35316796368,
          117229.28480402334,
          116573.63184198039,
          116055.15068100067,
          117254.05601999955,
          118641.07730798423,
          117322.90179404663,
          116402.33715501381,
          115450.26680303272,
          118419.31805002969,
          118222.38203097368,
          116945.24326501414,
          116486.8562129559,
          116208.11147900531,
          118403.81806099322,
          117326.78123301594,
          118084.2556229909,
          118030.62684996985,
          117907.91833098046,
          118851.82956099743,
          116885.4278959916,
          117347.96939400258,
          116643.95346102538
        ]
      },
      "est_ppt": {
        "mean": 116854.40110468383,
        "std": 1164.154712322864,
        "values": [
          115579.21360828914,
          115078.17981933476,
          114917.0266353176,
          115123.91195929376,
          115014.24889132613,
          115079.5886843116,
          117337.71526633063,
          116849.50957028195,
          117227.44120634161,
          116571.78824429866,
          116053.30708331894,
          117252.21242231783,
          118639.2337103025,
          117321.0581963649,
          116400.49355733208,
          115448.42320535099,
          118417.47445234796,
          118220.53843329195,
          116943.39966733241,
          116485.01261527417,
          116206.26788132358,
          118401.97446331149,
          117324.93763533421,
          118082.41202530917,
          118028.78325228812,
          117906.07473329874,
          118849.9859633157,
          116883.58429830987,
          117346.12579632085,
          116642.10986334365
        ]
      },
      "e2e_ttft": {
        "mean": 116857.28917859572,
        "std": 1164.739293684309,