{
  "version": "0.3.6",
  "timestamp": "2026-05-22 11:38:30Z",
  "latency_mode": "none",
  "latency_ms": 0.0,
  "model": "Qwen3.6-27B-NVFP4-unsloth",
  "prefix_caching_enabled": false,
  "max_concurrency": 1,
  "benchmarks": [
    {
      "concurrency": 1,
      "context_size": 0,
      "prompt_size": 2048,
      "response_size": 128,
      "is_context_prefill_phase": false,
      "pp_throughput": {
        "mean": 444673.79309380567,
        "std": 91655.14075471263,
        "values": [
          317427.8906065416,
          529682.6617902976,
          486910.8268845778
        ]
      },
      "pp_req_throughput": {
        "mean": 444673.79309380567,
        "std": 91655.14075471263,
        "values": [
          317427.8906065416,
          529682.6617902976,
          486910.8268845778
        ]
      },
      "tg_throughput": {
        "mean": 14.123808904126973,
        "std": 0.0035147351771230594,
        "values": [
          14.12843710390392,
          14.12306479473734,
          14.119924813739656
        ]
      },
      "tg_req_throughput": {
        "mean": 14.123808904126973,
        "std": 0.0035147351771230594,
        "values": [
          14.12843710390392,
          14.12306479473734,
          14.119924813739656
        ]
      },
      "peak_throughput": {
        "mean": 50.666666666666664,
        "std": 17.98765008430939,
        "values": [
          40.0,
          36.0,
          76.0
        ]
      },
      "peak_req_throughput": {
        "mean": 50.666666666666664,
        "std": 17.98765008430939,
        "values": [
          40.0,
          36.0,
          76.0
        ]
      },
      "ttfr": {
        "mean": 4.841477998221914,
        "std": 1.1471223768772942,
        "values": [
          6.45185902249068,
          3.8664659950882196,
          4.206108977086842
        ]
      },
      "est_ppt": {
        "mean": 4.841477998221914,
        "std": 1.1471223768772942,
        "values": [
          6.45185902249068,
          3.8664659950882196,
          4.206108977086842
        ]
      },
      "e2e_ttft": {
        "mean": 6792.054267347946,
        "std": 30.6871239458002,
        "values": [
          6817.475370015018,
          6748.8826750195585,
          6809.80475700926
        ]
      },
      "throughput_over_time": null,
      "requests_throughput_over_time": null
    }
  ]
}