{
  "version": "0.3.6",
  "timestamp": "2026-05-22 11:37:36Z",
  "latency_mode": "none",
  "latency_ms": 0.0,
  "model": "Qwen3.6-27B-NVFP4-unsloth",
  "prefix_caching_enabled": false,
  "max_concurrency": 1,
  "benchmarks": [
    {
      "concurrency": 1,
      "context_size": 0,
      "prompt_size": 2048,
      "response_size": 128,
      "is_context_prefill_phase": false,
      "pp_throughput": {
        "mean": 277743.9178703261,
        "std": 51655.926583434404,
        "values": [
          206281.7240771683,
          326603.92448902654,
          300346.10504478344
        ]
      },
      "pp_req_throughput": {
        "mean": 277743.9178703261,
        "std": 51655.926583434404,
        "values": [
          206281.7240771683,
          326603.92448902654,
          300346.10504478344
        ]
      },
      "tg_throughput": {
        "mean": 13.895712730461298,
        "std": 0.06205749722258291,
        "values": [
          13.927858760482874,
          13.808917201300591,
          13.950362229600426
        ]
      },
      "tg_req_throughput": {
        "mean": 13.895712730461298,
        "std": 0.06205749722258291,
        "values": [
          13.927858760482874,
          13.808917201300591,
          13.950362229600426
        ]
      },
      "peak_throughput": {
        "mean": 38.0,
        "std": 2.943920288775949,
        "values": [
          34.0,
          41.0,
          39.0
        ]
      },
      "peak_req_throughput": {
        "mean": 38.0,
        "std": 2.943920288775949,
        "values": [
          34.0,
          41.0,
          39.0
        ]
      },
      "ttfr": {
        "mean": 6.916866327325503,
        "std": 1.6212041100628354,
        "values": [
          9.2010090011172,
          5.603116995189339,
          5.9464729856699705
        ]
      },
      "est_ppt": {
        "mean": 6.916866327325503,
        "std": 1.6212041100628354,
        "values": [
          9.2010090011172,
          5.603116995189339,
          5.9464729856699705
        ]
      },
      "e2e_ttft": {
        "mean": 12064.040667998293,
        "std": 291.6982278841226,
        "values": [
          12438.25798400212,
          12027.274400985334,
          11726.589619007427
        ]
      },
      "throughput_over_time": null,
      "requests_throughput_over_time": null
    }
  ]
}