{
  "version": "0.3.6",
  "timestamp": "2026-05-22 11:41:55Z",
  "latency_mode": "none",
  "latency_ms": 0.0,
  "model": "Qwen3.6-27B-NVFP4-unsloth",
  "prefix_caching_enabled": false,
  "max_concurrency": 1,
  "benchmarks": [
    {
      "concurrency": 1,
      "context_size": 0,
      "prompt_size": 2048,
      "response_size": 128,
      "is_context_prefill_phase": false,
      "pp_throughput": {
        "mean": 275057.74638601777,
        "std": 62822.527040122164,
        "values": [
          241688.4769762577,
          220434.08038295456,
          363050.68179884105
        ]
      },
      "pp_req_throughput": {
        "mean": 275057.74638601777,
        "std": 62822.527040122164,
        "values": [
          241688.4769762577,
          220434.08038295456,
          363050.68179884105
        ]
      },
      "tg_throughput": {
        "mean": 15.333245295814857,
        "std": 8.19095049467382,
        "values": [
          26.647698960715815,
          11.826566930128823,
          7.525469996599935
        ]
      },
      "tg_req_throughput": {
        "mean": 15.333245295814857,
        "std": 8.19095049467382,
        "values": [
          26.647698960715815,
          11.826566930128823,
          7.525469996599935
        ]
      },
      "peak_throughput": {
        "mean": 70.0,
        "std": 41.20679555607303,
        "values": [
          127.0,
          52.0,
          31.0
        ]
      },
      "peak_req_throughput": {
        "mean": 70.0,
        "std": 41.20679555607303,
        "values": [
          127.0,
          52.0,
          31.0
        ]
      },
      "ttfr": {
        "mean": 7.258414659493913,
        "std": 1.4246502717570837,
        "values": [
          7.538629986811429,
          8.846182026900351,
          5.3904319647699594
        ]
      },
      "est_ppt": {
        "mean": 7.258414659493913,
        "std": 1.4246502717570837,
        "values": [
          7.538629986811429,
          8.846182026900351,
          5.3904319647699594
        ]
      },
      "e2e_ttft": {
        "mean": 5189.406466670334,
        "std": 132.240782849225,
        "values": [
          5003.078831010498,
          5268.679780012462,
          5296.460788988043
        ]
      },
      "throughput_over_time": null,
      "requests_throughput_over_time": null
    }
  ]
}