{
  "version": "0.3.6",
  "timestamp": "2026-05-22 11:42:31Z",
  "latency_mode": "none",
  "latency_ms": 0.0,
  "model": "Qwen3.6-27B-NVFP4-unsloth",
  "prefix_caching_enabled": false,
  "max_concurrency": 1,
  "benchmarks": [
    {
      "concurrency": 1,
      "context_size": 0,
      "prompt_size": 2048,
      "response_size": 128,
      "is_context_prefill_phase": false,
      "pp_throughput": {
        "mean": 452420.93613514275,
        "std": 79534.05026184882,
        "values": [
          339969.37591680436,
          510763.9502718834,
          506529.48221674043
        ]
      },
      "pp_req_throughput": {
        "mean": 452420.93613514275,
        "std": 79534.05026184882,
        "values": [
          339969.37591680436,
          510763.9502718834,
          506529.48221674043
        ]
      },
      "tg_throughput": {
        "mean": 33.77820040112474,
        "std": 4.448630488331936,
        "values": [
          27.984561653044967,
          34.55115952196148,
          38.798880028367776
        ]
      },
      "tg_req_throughput": {
        "mean": 33.77820040112474,
        "std": 4.448630488331936,
        "values": [
          27.984561653044967,
          34.55115952196148,
          38.798880028367776
        ]
      },
      "peak_throughput": {
        "mean": 92.66666666666667,
        "std": 71.51845138765862,
        "values": [
          191.0,
          64.0,
          23.0
        ]
      },
      "peak_req_throughput": {
        "mean": 92.66666666666667,
        "std": 71.51845138765862,
        "values": [
          191.0,
          64.0,
          23.0
        ]
      },
      "ttfr": {
        "mean": 4.692317335866392,
        "std": 0.9417921820852444,
        "values": [
          6.024072004947811,
          4.009680007584393,
          4.043199995066971
        ]
      },
      "est_ppt": {
        "mean": 4.692317335866392,
        "std": 0.9417921820852444,
        "values": [
          6.024072004947811,
          4.009680007584393,
          4.043199995066971
        ]
      },
      "e2e_ttft": {
        "mean": 2392.9914176502884,
        "std": 93.79283888220209,
        "values": [
          2448.650620004628,
          2260.8920469647273,
          2469.4315859815106
        ]
      },
      "throughput_over_time": null,
      "requests_throughput_over_time": null
    }
  ]
}