{
  "version": "0.3.7",
  "timestamp": "2026-05-10 20:40:52Z",
  "latency_mode": "api",
  "latency_ms": 1.928300994525974,
  "model": "qwen36-27b",
  "prefix_caching_enabled": false,
  "max_concurrency": 1,
  "benchmarks": [
    {
      "concurrency": 1,
      "context_size": 0,
      "prompt_size": 131072,
      "response_size": 128,
      "is_context_prefill_phase": false,
      "pp_throughput": {
        "mean": 1468.006372454706,
        "std": 0.3834360035330281,
        "values": [
          1467.7344528649114,
          1467.7360324148472,
          1468.5486320843588
        ]
      },
      "pp_req_throughput": {
        "mean": 1468.006372454706,
        "std": 0.3834360035330281,
        "values": [
          1467.7344528649114,
          1467.7360324148472,
          1468.5486320843588
        ]
      },
      "tg_throughput": {
        "mean": 14.342496873611696,
        "std": 1.187387821620088,
        "values": [
          14.18726395702048,
          12.97209336843909,
          15.868133295375516
        ]
      },
      "tg_req_throughput": {
        "mean": 14.342496873611696,
        "std": 1.187387821620088,
        "values": [
          14.18726395702048,
          12.97209336843909,
          15.868133295375516
        ]
      },
      "peak_throughput": {
        "mean": 29.333333333333332,
        "std": 0.9428090415820634,
        "values": [
          28.0,
          30.0,
          30.0
        ]
      },
      "peak_req_throughput": {
        "mean": 29.333333333333332,
        "std": 0.9428090415820634,
        "values": [
          28.0,
          30.0,
          30.0
        ]
      },
      "ttfr": {
        "mean": 89288.33142233391,
        "std": 22.83648782360845,
        "values": [
          89304.18576599914,
          89304.77098200936,
          89256.03751899325
        ]
      },
      "est_ppt": {
        "mean": 89286.40312133939,
        "std": 22.83648782360845,
        "values": [
          89302.25746500462,
          89302.84268101484,
          89254.10921799873
        ]
      },
      "e2e_ttft": {
        "mean": 89288.33142233391,
        "std": 22.83648782360845,
        "values": [
          89304.18576599914,
          89304.77098200936,
          89256.03751899325
        ]
      },
      "throughput_over_time": null,
      "requests_throughput_over_time": null
    }
  ]
}