{
  "version": "0.3.7",
  "timestamp": "2026-05-10 22:57:51Z",
  "latency_mode": "api",
  "latency_ms": 1.659686667456602,
  "model": "qwen36-27b",
  "prefix_caching_enabled": false,
  "max_concurrency": 1,
  "benchmarks": [
    {
      "concurrency": 1,
      "context_size": 0,
      "prompt_size": 131072,
      "response_size": 128,
      "is_context_prefill_phase": false,
      "pp_throughput": {
        "mean": 1567.0446976291441,
        "std": 1.163021837596587,
        "values": [
          1568.688241028114,
          1566.2777302530944,
          1566.1681216062243
        ]
      },
      "pp_req_throughput": {
        "mean": 1567.0446976291441,
        "std": 1.163021837596587,
        "values": [
          1568.688241028114,
          1566.2777302530944,
          1566.1681216062243
        ]
      },
      "tg_throughput": {
        "mean": 4.593273157230004,
        "std": 0.00313589611333408,
        "values": [
          4.597626107881946,
          4.5903620853366895,
          4.591831278471376
        ]
      },
      "tg_req_throughput": {
        "mean": 4.593273157230004,
        "std": 0.00313589611333408,
        "values": [
          4.597626107881946,
          4.5903620853366895,
          4.591831278471376
        ]
      },
      "peak_throughput": {
        "mean": 6.0,
        "std": 0.0,
        "values": [
          6.0,
          6.0,
          6.0
        ]
      },
      "peak_req_throughput": {
        "mean": 6.0,
        "std": 0.0,
        "values": [
          6.0,
          6.0,
          6.0
        ]
      },
      "ttfr": {
        "mean": 83645.13990066673,
        "std": 62.045779034079786,
        "values": [
          83557.45909400866,
          83686.05196799035,
          83691.9086400012
        ]
      },
      "est_ppt": {
        "mean": 83643.48021399928,
        "std": 62.045779034079786,
        "values": [
          83555.79940734121,
          83684.3922813229,
          83690.24895333375
        ]
      },
      "e2e_ttft": {
        "mean": 83645.13990066673,
        "std": 62.045779034079786,
        "values": [
          83557.45909400866,
          83686.05196799035,
          83691.9086400012
        ]
      },
      "throughput_over_time": null,
      "requests_throughput_over_time": null
    }
  ]
}