{
  "version": "0.3.6",
  "timestamp": "2026-05-22 17:45:11Z",
  "latency_mode": "none",
  "latency_ms": 0.0,
  "model": "Qwen3.6-27B-NVFP4-unsloth",
  "prefix_caching_enabled": false,
  "max_concurrency": 1,
  "benchmarks": [
    {
      "concurrency": 1,
      "context_size": 0,
      "prompt_size": 2048,
      "response_size": 128,
      "is_context_prefill_phase": false,
      "pp_throughput": {
        "mean": 226858.92727560704,
        "std": 13252.812309107294,
        "values": [
          209619.81375686175,
          229109.3965833507,
          241847.57148660874
        ]
      },
      "pp_req_throughput": {
        "mean": 226858.92727560704,
        "std": 13252.812309107294,
        "values": [
          209619.81375686175,
          229109.3965833507,
          241847.57148660874
        ]
      },
      "tg_throughput": {
        "mean": 13.968943492379614,
        "std": 0.02743242891045101,
        "values": [
          14.007438626025461,
          13.953867345948067,
          13.94552450516531
        ]
      },
      "tg_req_throughput": {
        "mean": 13.968943492379614,
        "std": 0.02743242891045101,
        "values": [
          14.007438626025461,
          13.953867345948067,
          13.94552450516531
        ]
      },
      "peak_throughput": {
        "mean": 34.333333333333336,
        "std": 0.9428090415820634,
        "values": [
          35.0,
          35.0,
          33.0
        ]
      },
      "peak_req_throughput": {
        "mean": 34.333333333333336,
        "std": 0.9428090415820634,
        "values": [
          35.0,
          35.0,
          33.0
        ]
      },
      "ttfr": {
        "mean": 8.38176031053687,
        "std": 0.3383079970840645,
        "values": [
          8.811189967673272,
          8.349723007995635,
          7.984367955941707
        ]
      },
      "est_ppt": {
        "mean": 8.38176031053687,
        "std": 0.3383079970840645,
        "values": [
          8.811189967673272,
          8.349723007995635,
          7.984367955941707
        ]
      },
      "e2e_ttft": {
        "mean": 12330.708457001796,
        "std": 267.80723112602436,
        "values": [
          11981.986705970485,
          12377.100880024955,
          12633.037785009947
        ]
      },
      "throughput_over_time": null,
      "requests_throughput_over_time": null
    }
  ]
}