{
  "version": "0.3.6",
  "timestamp": "2026-05-22 17:47:07Z",
  "latency_mode": "none",
  "latency_ms": 0.0,
  "model": "Qwen3.6-27B-NVFP4-unsloth",
  "prefix_caching_enabled": false,
  "max_concurrency": 1,
  "benchmarks": [
    {
      "concurrency": 1,
      "context_size": 0,
      "prompt_size": 2048,
      "response_size": 128,
      "is_context_prefill_phase": false,
      "pp_throughput": {
        "mean": 290159.94320074195,
        "std": 29536.175910936043,
        "values": [
          248923.53644120533,
          316544.2197099607,
          305012.0734510598
        ]
      },
      "pp_req_throughput": {
        "mean": 290159.94320074195,
        "std": 29536.175910936043,
        "values": [
          248923.53644120533,
          316544.2197099607,
          305012.0734510598
        ]
      },
      "tg_throughput": {
        "mean": 14.071795909965672,
        "std": 0.13502664345621643,
        "values": [
          13.933588200964513,
          14.02678463162198,
          14.255014897310527
        ]
      },
      "tg_req_throughput": {
        "mean": 14.071795909965672,
        "std": 0.13502664345621643,
        "values": [
          13.933588200964513,
          14.02678463162198,
          14.255014897310527
        ]
      },
      "peak_throughput": {
        "mean": 33.333333333333336,
        "std": 0.9428090415820634,
        "values": [
          34.0,
          32.0,
          34.0
        ]
      },
      "peak_req_throughput": {
        "mean": 33.333333333333336,
        "std": 0.9428090415820634,
        "values": [
          34.0,
          32.0,
          34.0
        ]
      },
      "ttfr": {
        "mean": 6.643381668254733,
        "std": 0.6892674810504336,
        "values": [
          7.592693029437214,
          5.977048014756292,
          6.360403960570693
        ]
      },
      "est_ppt": {
        "mean": 6.643381668254733,
        "std": 0.6892674810504336,
        "values": [
          7.592693029437214,
          5.977048014756292,
          6.360403960570693
        ]
      },
      "e2e_ttft": {
        "mean": 5173.306617323154,
        "std": 64.51787643417441,
        "values": [
          5085.532110999338,
          5195.616993994918,
          5238.770746975206
        ]
      },
      "throughput_over_time": null,
      "requests_throughput_over_time": null
    }
  ]
}