{
  "benchmarks": [
    {
      "prompt_size": 16384,
      "response_size": 128,
      "concurrency": 1,
      "runs": 3,
      "request_path": "raw_completions_tokenize_calibrated_debug",
      "server_prompt_tokens": 16384,
      "completion_token_counts": [
        128,
        128,
        128
      ],
      "latencies": [
        {
          "ttft_s": 5.613274022995029,
          "total_s": 17.06551926996326
        },
        {
          "ttft_s": 5.6108559090062045,
          "total_s": 17.07462420599768
        },
        {
          "ttft_s": 5.604211040947121,
          "total_s": 17.065254516957793
        }
      ],
      "pp_throughput": {
        "mean": 2920.788390337489,
        "median": 2920.053600681743,
        "min": 2918.795685527236,
        "max": 2923.5158848034885,
        "values": [
          2918.795685527236,
          2920.053600681743,
          2923.5158848034885
        ]
      },
      "tg_throughput": {
        "mean": 11.082975193390853,
        "median": 11.081015464763405,
        "min": 11.07838162023299,
        "max": 11.089528495176165,
        "values": [
          11.089528495176165,
          11.07838162023299,
          11.081015464763405
        ]
      }
    }
  ]
}