{
  "version": "0.3.7",
  "timestamp": "2026-05-16 05:56:37Z",
  "latency_mode": "none",
  "latency_ms": 0.0,
  "model": "aeon-ultimate",
  "prefix_caching_enabled": false,
  "max_concurrency": 1,
  "benchmarks": [
    {
      "concurrency": 1,
      "context_size": 0,
      "prompt_size": 2048,
      "response_size": 128,
      "is_context_prefill_phase": false,
      "pp_throughput": {
        "mean": 2425.6631168334343,
        "std": 149.91308225656562,
        "values": [
          2614.1425722661315,
          2296.988003491398,
          2320.123086512442,
          2293.445022425115,
          2603.6168994720842
        ]
      },
      "pp_req_throughput": {
        "mean": 2425.6631168334343,
        "std": 149.91308225656562,
        "values": [
          2614.1425722661315,
          2296.988003491398,
          2320.123086512442,
          2293.445022425115,
          2603.6168994720842
        ]
      },
      "tg_throughput": {
        "mean": 36.61699286105479,
        "std": 7.5713472191596205,
        "values": [
          24.197722717112654,
          46.32721985081327,
          35.15991078876713,
          42.39453287967755,
          35.00557806890336
        ]
      },
      "tg_req_throughput": {
        "mean": 36.61699286105479,
        "std": 7.5713472191596205,
        "values": [
          24.197722717112654,
          46.32721985081327,
          35.15991078876713,
          42.39453287967755,
          35.00557806890336
        ]
      },
      "peak_throughput": {
        "mean": 59.2,
        "std": 12.82809416865966,
        "values": [
          37.0,
          75.0,
          58.0,
          68.0,
          58.0
        ]
      },
      "peak_req_throughput": {
        "mean": 59.2,
        "std": 12.82809416865966,
        "values": [
          37.0,
          75.0,
          58.0,
          68.0,
          58.0
        ]
      },
      "ttfr": {
        "mean": 851.6025868128054,
        "std": 51.37142035043726,
        "values": [
          787.256220006384,
          895.9559200447984,
          887.0219049858861,
          897.3400190006942,
          790.4388700262643
        ]
      },
      "est_ppt": {
        "mean": 851.6025868128054,
        "std": 51.37142035043726,
        "values": [
          787.256220006384,
          895.9559200447984,
          887.0219049858861,
          897.3400190006942,
          790.4388700262643
        ]
      },
      "e2e_ttft": {
        "mean": 851.6025868128054,
        "std": 51.37142035043726,
        "values": [
          787.256220006384,
          895.9559200447984,
          887.0219049858861,
          897.3400190006942,
          790.4388700262643
        ]
      },
      "throughput_over_time": null,
      "requests_throughput_over_time": null
    }
  ]
}