{
  "version": "0.3.7",
  "timestamp": "2026-05-14 08:15:08Z",
  "latency_mode": "api",
  "latency_ms": 3.132917006344845,
  "model": "aeon-ultimate",
  "prefix_caching_enabled": false,
  "max_concurrency": 1,
  "benchmarks": [
    {
      "concurrency": 1,
      "context_size": 0,
      "prompt_size": 32768,
      "response_size": 128,
      "is_context_prefill_phase": false,
      "pp_throughput": {
        "mean": 1587.8588756416066,
        "std": 4.1725083615444944,
        "values": [
          1584.7217924184365,
          1589.4060272289546,
          1597.9635821720428,
          1592.1572843775723,
          1582.408022415139,
          1586.5188747771579,
          1589.8202832931727,
          1586.0862528686412,
          1594.8978514057108,
          1591.0692353220143,
          1585.523464831725,
          1585.439001684691,
          1589.9100696585347,
          1585.7340933460919,
          1585.7216584202492,
          1584.44660983434,
          1585.2285629789924,
          1583.0471978092478,
          1584.2174356514522,
          1584.2391408120757,
          1587.7669107046243,
          1588.035680773022,
          1595.3162207445978,
          1591.5861217805013,
          1589.101766864968,
          1587.181324511544,
          1590.481123356503,
          1582.2913603741124,
          1581.0540489527887,
          1594.3952698792978
        ]
      },
      "pp_req_throughput": {
        "mean": 1587.8588756416066,
        "std": 4.1725083615444944,
        "values": [
          1584.7217924184365,
          1589.4060272289546,
          1597.9635821720428,
          1592.1572843775723,
          1582.408022415139,
          1586.5188747771579,
          1589.8202832931727,
          1586.0862528686412,
          1594.8978514057108,
          1591.0692353220143,
          1585.523464831725,
          1585.439001684691,
          1589.9100696585347,
          1585.7340933460919,
          1585.7216584202492,
          1584.44660983434,
          1585.2285629789924,
          1583.0471978092478,
          1584.2174356514522,
          1584.2391408120757,
          1587.7669107046243,
          1588.035680773022,
          1595.3162207445978,
          1591.5861217805013,
          1589.101766864968,
          1587.181324511544,
          1590.481123356503,
          1582.2913603741124,
          1581.0540489527887,
          1594.3952698792978
        ]
      },
      "tg_throughput": {
        "mean": 10.931832379810379,
        "std": 0.008358637126105203,
        "values": [
          10.94613343203607,
          10.940339435206859,
          10.932080716721536,
          10.941782276482916,
          10.939946316179086,
          10.94129473221241,
          10.945187867915504,
          10.929783670648847,
          10.940132581939448,
          10.925114882228835,
          10.926617627393936,
          10.922994145808872,
          10.92807346899229,
          10.914747285521567,
          10.940522787045593,
          10.928007089094221,
          10.921448858562053,
          10.934380685839407,
          10.922470958559177,
          10.93444420680406,
          10.944097666895715,
          10.920558927148763,
          10.928612467527744,
          10.939542987135136,
          10.931406447799455,
          10.934228433545051,
          10.929569219368766,
          10.921711795917464,
          10.924684261666865,
          10.925056162113638
        ]
      },
      "tg_req_throughput": {
        "mean": 10.931832379810379,
        "std": 0.008358637126105203,
        "values": [
          10.94613343203607,
          10.940339435206859,
          10.932080716721536,
          10.941782276482916,
          10.939946316179086,
          10.94129473221241,
          10.945187867915504,
          10.929783670648847,
          10.940132581939448,
          10.925114882228835,
          10.926617627393936,
          10.922994145808872,
          10.92807346899229,
          10.914747285521567,
          10.940522787045593,
          10.928007089094221,
          10.921448858562053,
          10.934380685839407,
          10.922470958559177,
          10.93444420680406,
          10.944097666895715,
          10.920558927148763,
          10.928612467527744,
          10.939542987135136,
          10.931406447799455,
          10.934228433545051,
          10.929569219368766,
          10.921711795917464,
          10.924684261666865,
          10.925056162113638
        ]
      },
      "peak_throughput": {
        "mean": 12.0,
        "std": 0.0,
        "values": [
          12.0,
          12.0,
          12.0,
          12.0,
          12.0,
          12.0,
          12.0,
          12.0,
          12.0,
          12.0,
          12.0,
          12.0,
          12.0,
          12.0,
          12.0,
          12.0,
          12.0,
          12.0,
          12.0,
          12.0,
          12.0,
          12.0,
          12.0,
          12.0,
          12.0,
          12.0,
          12.0,
          12.0,
          12.0,
          12.0
        ]
      },
      "peak_req_throughput": {
        "mean": 12.0,
        "std": 0.0,
        "values": [
          12.0,
          12.0,
          12.0,
          12.0,
          12.0,
          12.0,
          12.0,
          12.0,
          12.0,
          12.0,
          12.0,
          12.0,
          12.0,
          12.0,
          12.0,
          12.0,
          12.0,
          12.0,
          12.0,
          12.0,
          12.0,
          12.0,
          12.0,
          12.0,
          12.0,
          12.0,
          12.0,
          12.0,
          12.0,
          12.0
        ]
      },
      "ttfr": {
        "mean": 20640.541622737266,
        "std": 54.14451955658669,
        "values": [
          20681.210392038338,
          20620.268776954617,
          20509.85807995312,
          20584.642244968563,
          20711.445524008013,
          20657.787911011837,
          20614.8966140463,
          20663.421688019298,
          20549.27633999614,
          20598.716863023583,
          20670.75514199678,
          20671.85619502561,
          20613.732614030596,
          20668.009920977056,
          20668.171970988624,
          20684.801706986036,
          20674.599963007495,
          20703.0842800159,
          20687.793534016237,
          20687.51014000736,
          20641.552686982322,
          20638.059699034784,
          20543.888144020457,
          20592.028203012887,
          20624.84556203708,
          20649.797223042697,
          20606.332488998305,
          20712.972343957517,
          20729.179582966026,
          20555.752846994437
        ]
      },
      "est_ppt": {
        "mean": 20637.408705730915,
        "std": 54.144519556586694,
        "values": [
          20678.077475031994,
          20617.135859948274,
          20506.725162946776,
          20581.50932796222,
          20708.31260700167,
          20654.654994005494,
          20611.763697039958,
          20660.288771012954,
          20546.143422989797,
          20595.58394601724,
          20667.622224990435,
          20668.723278019268,
          20610.599697024252,
          20664.877003970712,
          20665.03905398228,
          20681.668789979693,
          20671.46704600115,
          20699.951363009557,
          20684.660617009893,
          20684.377223001018,
          20638.41976997598,
          20634.92678202844,
          20540.755227014113,
          20588.895286006544,
          20621.712645030737,
          20646.664306036353,
          20603.19957199196,
          20709.839426951174,
          20726.046665959682,
          20552.619929988094
        ]
      },
      "e2e_ttft": {
        "mean": 20640.83307130689,
        "std": 54.47495891747326,