{
  "version": "0.3.7",
  "timestamp": "2026-05-16 06:29:20Z",
  "latency_mode": "none",
  "latency_ms": 0.0,
  "model": "aeon-ultimate",
  "prefix_caching_enabled": false,
  "max_concurrency": 1,
  "benchmarks": [
    {
      "concurrency": 1,
      "context_size": 0,
      "prompt_size": 2048,
      "response_size": 128,
      "is_context_prefill_phase": false,
      "pp_throughput": {
        "mean": 2266.6766771882367,
        "std": 167.50183869285934,
        "values": [
          1556.3601685926546,
          2082.7507866147403,
          2122.9068154399965,
          2266.0198640180697,
          2242.3182924316748,
          2235.9948286964814,
          2309.5894155552096,
          2241.5273195010054,
          2333.3708922642027,
          2228.5409290740868,
          2224.831611212859,
          2419.592785417059,
          2226.294953806627,
          2223.273473213091,
          2218.63431073923,
          2223.1601727168418,
          2218.7193430751945,
          2419.864373473358,
          2404.839935007494,
          2234.80827115262,
          2216.468654598208,
          2237.131616047839,
          2217.4264979638906,
          2237.742798327275,
          2449.1633231975434,
          2428.354640960861,
          2446.351459097319,
          2435.7295023606916,
          2463.176085477846,
          2435.3571956131227
        ]
      },
      "pp_req_throughput": {
        "mean": 2266.6766771882367,
        "std": 167.50183869285934,
        "values": [
          1556.3601685926546,
          2082.7507866147403,
          2122.9068154399965,
          2266.0198640180697,
          2242.3182924316748,
          2235.9948286964814,
          2309.5894155552096,
          2241.5273195010054,
          2333.3708922642027,
          2228.5409290740868,
          2224.831611212859,
          2419.592785417059,
          2226.294953806627,
          2223.273473213091,
          2218.63431073923,
          2223.1601727168418,
          2218.7193430751945,
          2419.864373473358,
          2404.839935007494,
          2234.80827115262,
          2216.468654598208,
          2237.131616047839,
          2217.4264979638906,
          2237.742798327275,
          2449.1633231975434,
          2428.354640960861,
          2446.351459097319,
          2435.7295023606916,
          2463.176085477846,
          2435.3571956131227
        ]
      },
      "tg_throughput": {
        "mean": 19.455127674312553,
        "std": 5.746496005931527,
        "values": [
          24.190067557999505,
          15.896882215390074,
          18.471502129847696,
          19.768200161321328,
          31.785839471573414,
          20.64994046010793,
          35.93773303702772,
          14.66300852929893,
          15.226729863474572,
          23.483533589516245,
          15.84253243290326,
          13.312581976911241,
          6.638365244376436,
          20.05530878312892,
          24.057327492948467,
          22.455576145179894,
          18.34792410846809,
          12.726029137892398,
          10.635162118793064,
          23.01701970767293,
          20.6576443984788,
          21.943983891134543,
          18.949160567746045,
          22.511268353464335,
          22.46086064461827,
          24.15987676786806,
          17.134079681042937,
          17.706045724273228,
          14.66642820567397,
          16.303217831244183
        ]
      },
      "tg_req_throughput": {
        "mean": 19.455127674312553,
        "std": 5.746496005931527,
        "values": [
          24.190067557999505,
          15.896882215390074,
          18.471502129847696,
          19.768200161321328,
          31.785839471573414,
          20.64994046010793,
          35.93773303702772,
          14.66300852929893,
          15.226729863474572,
          23.483533589516245,
          15.84253243290326,
          13.312581976911241,
          6.638365244376436,
          20.05530878312892,
          24.057327492948467,
          22.455576145179894,
          18.34792410846809,
          12.726029137892398,
          10.635162118793064,
          23.01701970767293,
          20.6576443984788,
          21.943983891134543,
          18.949160567746045,
          22.511268353464335,
          22.46086064461827,
          24.15987676786806,
          17.134079681042937,
          17.706045724273228,
          14.66642820567397,
          16.303217831244183
        ]
      },
      "peak_throughput": {
        "mean": 30.46146062362386,
        "std": 9.924393518965939,
        "values": [
          44.0,
          22.0,
          26.0,
          29.0,
          46.0,
          36.0,
          37.27206144213092,
          19.0,
          22.0,
          43.0,
          24.0,
          22.0,
          9.571757266584907,
          25.0,
          40.0,
          33.0,
          34.0,
          21.0,
          13.0,
          42.0,
          33.0,
          33.0,
          39.0,
          44.0,
          34.0,
          48.0,
          24.0,
          26.0,
          21.0,
          24.0
        ]
      },
      "peak_req_throughput": {
        "mean": 30.46146062362386,
        "std": 9.924393518965939,
        "values": [
          44.0,
          22.0,
          26.0,
          29.0,
          46.0,
          36.0,
          37.27206144213092,
          19.0,
          22.0,
          43.0,
          24.0,
          22.0,
          9.571757266584907,
          25.0,
          40.0,
          33.0,
          34.0,
          21.0,
          13.0,
          42.0,
          33.0,
          33.0,
          39.0,
          44.0,
          34.0,
          48.0,
          24.0,
          26.0,
          21.0,
          24.0
        ]
      },
      "ttfr": {
        "mean": 915.0780886334056,
        "std": 85.85688194308412,
        "values": [
          1323.6010799882933,
          989.0765679883771,
          970.367603993509,
          909.0829399647191,
          919.1380219999701,
          921.2901450227946,
          891.9334259699099,
          919.016235973686,
          882.8429320128635,
          924.3716250057332,
          925.912770035211,
          851.3829320436344,
          925.3041680203751,
          926.5616780030541,
          928.0483899638057,
          926.6088990261778,
          928.4635329968296,
          851.2873789877631,
          856.6058680298738,
          922.2267639706843,
          929.4063309789635,
          920.8219959982671,
          929.004863020964,
          920.570496993605,
          841.103564016521,
          848.3110190136358,
          842.4791099969298,
          845.7425169763155,
          836.318610003218,
          845.4611930064857
        ]
      },
      "est_ppt": {
        "mean": 915.0780886334056,
        "std": 85.85688194308412,
        "values": [
          1323.6010799882933,
          989.0765679883771,
          970.367603993509,
          909.0829399647191,
          919.1380219999701,
          921.2901450227946,
          891.9334259699099,
          919.016235973686,
          882.8429320128635,
          924.3716250057332,
          925.912770035211,
          851.3829320436344,
          925.3041680203751,
          926.5616780030541,
          928.0483899638057,
          926.6088990261778,
          928.4635329968296,
          851.2873789877631,
          856.6058680298738,
          922.2267639706843,
          929.4063309789635,
          920.8219959982671,
          929.004863020964,
          920.570496993605,
          841.103564016521,
          848.3110190136358,
          842.4791099969298,
          845.7425169763155,
          836.318610003218,
          845.4611930064857
        ]
      },
      "e2e_ttft": {
        "mean": 915.0780886334056,
        "std": 85.85688194308412,