{
 "baseline_probe_mean": 0.056753577664494514,
 "best_checkpoint": "$MISSION_ROOT/ALTREPAIR_t_7a65a4c6/out/BINREPAIR_output_scale_all43_lr1e2_b2_r1.best.pt",
 "best_delta_pct": 1.0063705012365707,
 "best_gain_stats": {
  "down": {
   "max": 1.0802000761032104,
   "mean": 1.0055869817733765,
   "min": 0.9316966533660889,
   "std": 0.03136115148663521
  },
  "fused13": {
   "max": 1.0810012817382812,
   "mean": 1.005264163017273,
   "min": 0.9307653307914734,
   "std": 0.03116576559841633
  }
 },
 "best_probe_mean": 0.056182426400482655,
 "codes_hash": {
  "delta_sizes": {
   "0": 68425755,
   "1": 117970971,
   "10": 104601883,
   "11": 33036443,
   "12": 63707291,
   "13": 58988699,
   "14": 49551515,
   "15": 79436123,
   "16": 83368283,
   "17": 63707739,
   "18": 71571803,
   "19": 67639643,
   "2": 139204635,
   "20": 89659547,
   "21": 122689883,
   "22": 58988699,
   "23": 73931099,
   "24": 58988699,
   "25": 49551515,
   "26": 110106971,
   "27": 43260251,
   "28": 28317851,
   "29": 66067035,
   "3": 102242651,
   "30": 42473627,
   "31": 82581851,
   "32": 35395739,
   "33": 47192219,
   "34": 57416027,
   "35": 83368283,
   "36": 73931099,
   "37": 49551515,
   "38": 85727579,
   "39": 53483867,
   "4": 52697435,
   "40": 109320795,
   "41": 128981595,
   "42": 77076827,
   "5": 108534363,
   "6": 116398683,
   "7": 68425883,
   "8": 105388379,
   "9": 66066587
  },
  "plane_sizes": {
   "0": 3422621289,
   "1": 3422621289,
   "10": 3422621289,
   "11": 3422621289,
   "12": 3422621289,
   "13": 3422621289,
   "14": 3422621289,
   "15": 3422621289,
   "16": 3422621289,
   "17": 3422621289,
   "18": 3422621289,
   "19": 3422621289,
   "2": 3422621289,
   "20": 3422621289,
   "21": 3422621289,
   "22": 3422621289,
   "23": 3422621289,
   "24": 3422621289,
   "25": 3422621289,
   "26": 3422621289,
   "27": 3422621289,
   "28": 3422621289,
   "29": 3422621289,
   "3": 3422621289,
   "30": 3422621289,
   "31": 3422621289,
   "32": 3422621289,
   "33": 3422621289,
   "34": 3422621289,
   "35": 3422621289,
   "36": 3422621289,
   "37": 3422621289,
   "38": 3422621289,
   "39": 3422621289,
   "4": 3422621289,
   "40": 3422621289,
   "41": 3422621289,
   "42": 3422621289,
   "5": 3422621289,
   "6": 3422621289,
   "7": 3422621289,
   "8": 3422621289,
   "9": 3422621289
  },
  "policy": "exists-size-plus-one-header; ledger-parity-is-integrity-gate",
  "sample_header": {
   "cb13": {
    "dtype": "torch.float16",
    "shape": [
     4096,
     4
    ]
   },
   "cb2": {
    "dtype": "torch.float16",
    "shape": [
     4096,
     4
    ]
   },
   "codes13": {
    "dtype": "torch.int16",
    "shape": [
     256,
     4096,
     1024
    ]
   },
   "codes2": {
    "dtype": "torch.int16",
    "shape": [
     256,
     4096,
     512
    ]
   },
   "sc13": {
    "dtype": "torch.uint8",
    "shape": [
     256,
     4096,
     128
    ]
   },
   "sc2": {
    "dtype": "torch.uint8",
    "shape": [
     256,
     4096,
     64
    ]
   }
  },
  "sample_layer": 0
 },
 "format": "altrepair-output-scale-v1",
 "gain_clamp": 0.25,
 "host": "spark-5",
 "latest": "$MISSION_ROOT/ALTREPAIR_t_7a65a4c6/out/BINREPAIR_output_scale_all43_lr1e2_b2_r1.latest.pt",
 "lr": 0.01,
 "manifest_md5": "5a622d5139e73452b719d5d2cfeb2571",
 "mechanism": "per-expert-output-log-gain",
 "n_trainable_params": 22016,
 "state": "completed",
 "tag": "output_scale_all43_lr1e2_b2_r1",
 "trainable": [
  0,
  1,
  2,
  3,
  4,
  5,
  6,
  7,
  8,
  9,
  10,
  11,
  12,
  13,
  14,
  15,
  16,
  17,
  18,
  19,
  20,
  21,
  22,
  23,
  24,
  25,
  26,
  27,
  28,
  29,
  30,
  31,
  32,
  33,
  34,
  35,
  36,
  37,
  38,
  39,
  40,
  41,
  42
 ],
 "ts": 1784189305.2319531
}
