{
  "version": "0.3.7",
  "timestamp": "2026-05-16 06:57:03Z",
  "latency_mode": "none",
  "latency_ms": 0.0,
  "model": "aeon-ultimate",
  "prefix_caching_enabled": false,
  "max_concurrency": 1,
  "benchmarks": [
    {
      "concurrency": 1,
      "context_size": 0,
      "prompt_size": 2048,
      "response_size": 128,
      "is_context_prefill_phase": false,
      "pp_throughput": {
        "mean": 1489.7003819822896,
        "std": 0.0,
        "values": [
          1489.7003819822896
        ]
      },
      "pp_req_throughput": {
        "mean": 1489.7003819822896,
        "std": 0.0,
        "values": [
          1489.7003819822896
        ]
      },
      "tg_throughput": {
        "mean": 12.063600990256091,
        "std": 0.0,
        "values": [
          12.063600990256091
        ]
      },
      "tg_req_throughput": {
        "mean": 12.063600990256091,
        "std": 0.0,
        "values": [
          12.063600990256091
        ]
      },
      "peak_throughput": {
        "mean": 13.0,
        "std": 0.0,
        "values": [
          13.0
        ]
      },
      "peak_req_throughput": {
        "mean": 13.0,
        "std": 0.0,
        "values": [
          13.0
        ]
      },
      "ttfr": {
        "mean": 1382.157126965467,
        "std": 0.0,
        "values": [
          1382.157126965467
        ]
      },
      "est_ppt": {
        "mean": 1382.157126965467,
        "std": 0.0,
        "values": [
          1382.157126965467
        ]
      },
      "e2e_ttft": {
        "mean": 1382.157126965467,
        "std": 0.0,
        "values": [
          1382.157126965467
        ]
      },
      "throughput_over_time": null,
      "requests_throughput_over_time": null
    }
  ]
}