{
  "version": "0.3.7",
  "timestamp": "2026-05-10 22:49:59Z",
  "latency_mode": "api",
  "latency_ms": 1.4033419914388408,
  "model": "qwen36-27b",
  "prefix_caching_enabled": false,
  "max_concurrency": 1,
  "benchmarks": [
    {
      "concurrency": 1,
      "context_size": 0,
      "prompt_size": 65536,
      "response_size": 128,
      "is_context_prefill_phase": false,
      "pp_throughput": {
        "mean": 2063.887701740899,
        "std": 10.713050995540199,
        "values": [
          2078.288891843292,
          2060.762457616386,
          2052.6117557630187
        ]
      },
      "pp_req_throughput": {
        "mean": 2063.887701740899,
        "std": 10.713050995540199,
        "values": [
          2078.288891843292,
          2060.762457616386,
          2052.6117557630187
        ]
      },
      "tg_throughput": {
        "mean": 5.776241657618172,
        "std": 0.0016737314277370829,
        "values": [
          5.777026241028809,
          5.773915357900433,
          5.777783373925275
        ]
      },
      "tg_req_throughput": {
        "mean": 5.776241657618172,
        "std": 0.0016737314277370829,
        "values": [
          5.777026241028809,
          5.773915357900433,
          5.777783373925275
        ]
      },
      "peak_throughput": {
        "mean": 7.0,
        "std": 0.0,
        "values": [
          7.0,
          7.0,
          7.0
        ]
      },
      "peak_req_throughput": {
        "mean": 7.0,
        "std": 0.0,
        "values": [
          7.0,
          7.0,
          7.0
        ]
      },
      "ttfr": {
        "mean": 31756.245521993453,
        "std": 164.43457795663429,
        "values": [
          31535.517899988918,
          31803.224923991365,
          31929.99374200008
        ]
      },
      "est_ppt": {
        "mean": 31754.842180002015,
        "std": 164.43457795663429,
        "values": [
          31534.11455799748,
          31801.821581999928,
          31928.59040000864
        ]
      },
      "e2e_ttft": {
        "mean": 31756.245521993453,
        "std": 164.43457795663429,
        "values": [
          31535.517899988918,
          31803.224923991365,
          31929.99374200008
        ]
      },
      "throughput_over_time": null,
      "requests_throughput_over_time": null
    }
  ]
}