{
  "version": "0.3.7",
  "timestamp": "2026-05-10 20:33:53Z",
  "latency_mode": "api",
  "latency_ms": 1.7876986724634965,
  "model": "qwen36-27b",
  "prefix_caching_enabled": false,
  "max_concurrency": 1,
  "benchmarks": [
    {
      "concurrency": 1,
      "context_size": 0,
      "prompt_size": 65536,
      "response_size": 128,
      "is_context_prefill_phase": false,
      "pp_throughput": {
        "mean": 1973.5704068527164,
        "std": 5.597367523897654,
        "values": [
          1981.0077095645277,
          1967.5042715083584,
          1972.1992394852632
        ]
      },
      "pp_req_throughput": {
        "mean": 1973.5704068527164,
        "std": 5.597367523897654,
        "values": [
          1981.0077095645277,
          1967.5042715083584,
          1972.1992394852632
        ]
      },
      "tg_throughput": {
        "mean": 19.10986002967049,
        "std": 1.1636545631917241,
        "values": [
          19.929797060822086,
          17.464207346370145,
          19.935575681819248
        ]
      },
      "tg_req_throughput": {
        "mean": 19.10986002967049,
        "std": 1.1636545631917241,
        "values": [
          19.929797060822086,
          17.464207346370145,
          19.935575681819248
        ]
      },
      "peak_throughput": {
        "mean": 33.666666666666664,
        "std": 2.0548046676563256,
        "values": [
          36.0,
          34.0,
          31.0
        ]
      },
      "peak_req_throughput": {
        "mean": 33.666666666666664,
        "std": 2.0548046676563256,
        "values": [
          36.0,
          34.0,
          31.0
        ]
      },
      "ttfr": {
        "mean": 33209.21436932986,
        "std": 94.31191943482293,
        "values": [
          33083.94062699517,
          33311.49937200826,
          33232.20310898614
        ]
      },
      "est_ppt": {
        "mean": 33207.42667065739,
        "std": 94.31191943482293,
        "values": [
          33082.15292832271,
          33309.71167333579,
          33230.415410313675
        ]
      },
      "e2e_ttft": {
        "mean": 33210.723095330955,
        "std": 92.31079650367748,
        "values": [
          33088.46680499846,
          33311.49937200826,
          33232.20310898614
        ]
      },
      "throughput_over_time": null,
      "requests_throughput_over_time": null
    }
  ]
}