{
  "version": "0.3.7",
  "timestamp": "2026-05-16 06:12:24Z",
  "latency_mode": "none",
  "latency_ms": 0.0,
  "model": "aeon-ultimate",
  "prefix_caching_enabled": false,
  "max_concurrency": 1,
  "benchmarks": [
    {
      "concurrency": 1,
      "context_size": 0,
      "prompt_size": 2048,
      "response_size": 128,
      "is_context_prefill_phase": false,
      "pp_throughput": {
        "mean": 1162.6654688003669,
        "std": 0.0,
        "values": [
          1162.6654688003669
        ]
      },
      "pp_req_throughput": {
        "mean": 1162.6654688003669,
        "std": 0.0,
        "values": [
          1162.6654688003669
        ]
      },
      "tg_throughput": {
        "mean": 37.494526208857415,
        "std": 0.0,
        "values": [
          37.494526208857415
        ]
      },
      "tg_req_throughput": {
        "mean": 37.494526208857415,
        "std": 0.0,
        "values": [
          37.494526208857415
        ]
      },
      "peak_throughput": {
        "mean": 59.0,
        "std": 0.0,
        "values": [
          59.0
        ]
      },
      "peak_req_throughput": {
        "mean": 59.0,
        "std": 0.0,
        "values": [
          59.0
        ]
      },
      "ttfr": {
        "mean": 1770.0706309988163,
        "std": 0.0,
        "values": [
          1770.0706309988163
        ]
      },
      "est_ppt": {
        "mean": 1770.0706309988163,
        "std": 0.0,
        "values": [
          1770.0706309988163
        ]
      },
      "e2e_ttft": {
        "mean": 1770.0706309988163,
        "std": 0.0,
        "values": [
          1770.0706309988163
        ]
      },
      "throughput_over_time": null,
      "requests_throughput_over_time": null
    }
  ]
}