{
  "version": "0.3.7",
  "timestamp": "2026-05-16 06:38:56Z",
  "latency_mode": "none",
  "latency_ms": 0.0,
  "model": "aeon-ultimate",
  "prefix_caching_enabled": false,
  "max_concurrency": 1,
  "benchmarks": [
    {
      "concurrency": 1,
      "context_size": 0,
      "prompt_size": 2048,
      "response_size": 128,
      "is_context_prefill_phase": false,
      "pp_throughput": {
        "mean": 1415.9302186000482,
        "std": 0.0,
        "values": [
          1415.9302186000482
        ]
      },
      "pp_req_throughput": {
        "mean": 1415.9302186000482,
        "std": 0.0,
        "values": [
          1415.9302186000482
        ]
      },
      "tg_throughput": {
        "mean": 12.078978492564381,
        "std": 0.0,
        "values": [
          12.078978492564381
        ]
      },
      "tg_req_throughput": {
        "mean": 12.078978492564381,
        "std": 0.0,
        "values": [
          12.078978492564381
        ]
      },
      "peak_throughput": {
        "mean": 13.0,
        "std": 0.0,
        "values": [
          13.0
        ]
      },
      "peak_req_throughput": {
        "mean": 13.0,
        "std": 0.0,
        "values": [
          13.0
        ]
      },
      "ttfr": {
        "mean": 1453.4614580334164,
        "std": 0.0,
        "values": [
          1453.4614580334164
        ]
      },
      "est_ppt": {
        "mean": 1453.4614580334164,
        "std": 0.0,
        "values": [
          1453.4614580334164
        ]
      },
      "e2e_ttft": {
        "mean": 1453.4614580334164,
        "std": 0.0,
        "values": [
          1453.4614580334164
        ]
      },
      "throughput_over_time": null,
      "requests_throughput_over_time": null
    }
  ]
}