{
  "rows": [
    {
      "pp": 2048,
      "tg": 128,
      "concurrency": 1,
      "mbt": 2048,
      "dflash": "on",
      "flashqla": "on",
      "nspec": 15,
      "runs": 3,
      "raw_json": "results/golden-depth-grid-20260510/mbt2048-dflash_on-fqla_on-nousage-threshold0-nspec15-temp06-mlen132000-shifted_suffix_block_table_fullgraph_compact_delta_nosync_direct_attention_kvupdate_query_qkv_fused_qk_rope-warm1-n3-pp2048/measured-pp2048-tg128-c1-n3.json",
      "prompt_size": 2048,
      "response_size": 128,
      "benchmark_concurrency": 1,
      "pp_throughput.mean": 1934.7244989521257,
      "pp_throughput.median": 1912.1609385676168,
      "pp_throughput.min": 1908.9747872004393,
      "pp_throughput.max": 1983.0377710883206,
      "pp_throughput.values": [
        1908.9747872004393,
        1983.0377710883206,
        1912.1609385676168
      ],
      "tg_throughput.mean": 7.732378910250621,
      "tg_throughput.median": 7.727916889056185,
      "tg_throughput.min": 7.720508548666127,
      "tg_throughput.max": 7.748711293029551,
      "tg_throughput.values": [
        7.748711293029551,
        7.720508548666127,
        7.727916889056185
      ]
    },
    {
      "pp": 16384,
      "tg": 128,
      "concurrency": 1,
      "mbt": 2048,
      "dflash": "on",
      "flashqla": "on",
      "nspec": 15,
      "runs": 3,
      "raw_json": "results/golden-depth-grid-20260510/mbt2048-dflash_on-fqla_on-nousage-threshold0-nspec15-temp06-mlen132000-shifted_suffix_block_table_fullgraph_compact_delta_nosync_direct_attention_kvupdate_query_qkv_fused_qk_rope-warm1-n3-pp16384/measured-pp16384-tg128-c1-n3.json",
      "prompt_size": 16384,
      "response_size": 128,
      "benchmark_concurrency": 1,
      "pp_throughput.mean": 2650.6593619961786,
      "pp_throughput.median": 2647.311690335059,
      "pp_throughput.min": 2635.0394889525683,
      "pp_throughput.max": 2669.6269067009084,
      "pp_throughput.values": [
        2635.0394889525683,
        2669.6269067009084,
        2647.311690335059
      ],
      "tg_throughput.mean": 7.198828053382989,
      "tg_throughput.median": 7.200427776391199,
      "tg_throughput.min": 7.192609412051687,
      "tg_throughput.max": 7.203446971706081,
      "tg_throughput.values": [
        7.203446971706081,
        7.192609412051687,
        7.200427776391199
      ]
    },
    {
      "pp": 32768,
      "tg": 128,
      "concurrency": 1,
      "mbt": 2048,
      "dflash": "on",
      "flashqla": "on",
      "nspec": 15,
      "runs": 3,
      "raw_json": "results/golden-depth-grid-20260510/mbt2048-dflash_on-fqla_on-nousage-threshold0-nspec15-temp06-mlen132000-shifted_suffix_block_table_fullgraph_compact_delta_nosync_direct_attention_kvupdate_query_qkv_fused_qk_rope-warm1-n3-pp32768/measured-pp32768-tg128-c1-n3.json",
      "prompt_size": 32768,
      "response_size": 128,
      "benchmark_concurrency": 1,
      "pp_throughput.mean": 2460.8408498695785,
      "pp_throughput.median": 2459.861035636127,
      "pp_throughput.min": 2457.675818773137,
      "pp_throughput.max": 2464.985695199472,
      "pp_throughput.values": [
        2464.985695199472,
        2457.675818773137,
        2459.861035636127
      ],
      "tg_throughput.mean": 6.65921426641122,
      "tg_throughput.median": 6.6573432978181994,
      "tg_throughput.min": 6.6543062515850835,
      "tg_throughput.max": 6.665993249830377,
      "tg_throughput.values": [
        6.6543062515850835,
        6.6573432978181994,
        6.665993249830377
      ]
    },
    {
      "pp": 65536,
      "tg": 128,
      "concurrency": 1,
      "mbt": 2048,
      "dflash": "on",
      "flashqla": "on",
      "nspec": 15,
      "runs": 3,
      "raw_json": "results/golden-depth-grid-20260510/mbt2048-dflash_on-fqla_on-nousage-threshold0-nspec15-temp06-mlen132000-shifted_suffix_block_table_fullgraph_compact_delta_nosync_direct_attention_kvupdate_query_qkv_fused_qk_rope-warm1-n3-pp65536/measured-pp65536-tg128-c1-n3.json",
      "prompt_size": 65536,
      "response_size": 128,
      "benchmark_concurrency": 1,
      "pp_throughput.mean": 2063.887701740899,
      "pp_throughput.median": 2060.762457616386,
      "pp_throughput.min": 2052.6117557630187,
      "pp_throughput.max": 2078.288891843292,
      "pp_throughput.values": [
        2078.288891843292,
        2060.762457616386,
        2052.6117557630187
      ],
      "tg_throughput.mean": 5.776241657618172,
      "tg_throughput.median": 5.777026241028809,
      "tg_throughput.min": 5.773915357900433,
      "tg_throughput.max": 5.777783373925275,
      "tg_throughput.values": [
        5.777026241028809,
        5.773915357900433,
        5.777783373925275
      ]
    },
    {
      "pp": 131072,
      "tg": 128,
      "concurrency": 1,
      "mbt": 2048,
      "dflash": "on",
      "flashqla": "on",
      "nspec": 15,
      "runs": 3,
      "raw_json": "results/golden-depth-grid-20260510/mbt2048-dflash_on-fqla_on-nousage-threshold0-nspec15-temp06-mlen132000-shifted_suffix_block_table_fullgraph_compact_delta_nosync_direct_attention_kvupdate_query_qkv_fused_qk_rope-warm1-n3-pp131072/measured-pp131072-tg128-c1-n3.json",
      "prompt_size": 131072,
      "response_size": 128,
      "benchmark_concurrency": 1,
      "pp_throughput.mean": 1567.0446976291441,
      "pp_throughput.median": 1566.2777302530944,
      "pp_throughput.min": 1566.1681216062243,
      "pp_throughput.max": 1568.688241028114,
      "pp_throughput.values": [
        1568.688241028114,
        1566.2777302530944,
        1566.1681216062243
      ],
      "tg_throughput.mean": 4.593273157230004,
      "tg_throughput.median": 4.591831278471376,
      "tg_throughput.min": 4.5903620853366895,
      "tg_throughput.max": 4.597626107881946,
      "tg_throughput.values": [
        4.597626107881946,
        4.5903620853366895,
        4.591831278471376
      ]
    }
  ]
}
