{
  "version": "0.3.7",
  "timestamp": "2026-05-13 19:09:44Z",
  "latency_mode": "api",
  "latency_ms": 1.818495336920023,
  "model": "qwen36-27b",
  "prefix_caching_enabled": false,
  "max_concurrency": 1,
  "benchmarks": [
    {
      "concurrency": 1,
      "context_size": 0,
      "prompt_size": 16384,
      "response_size": 128,
      "is_context_prefill_phase": false,
      "pp_throughput": {
        "mean": 2781.076337435535,
        "std": 22.82289371430921,
        "values": [
          2801.9537829453293,
          2783.683642890453,
          2790.7959496701033,
          2782.202631247966,
          2779.6425214525634,
          2789.572164343376,
          2775.285463750363,
          2781.380889809877,
          2781.664010025269,
          2783.4526440455156,
          2789.8936305207544,
          2787.106106690067,
          2784.133685244379,
          2776.491149704159,
          2772.8291902521946,
          2787.1061934508093,
          2730.6518102031455,
          2779.8784297933234,
          2780.765741512879,
          2785.3086479225344,
          2780.2803960476026,
          2722.035627232845,
          2819.806122786437,
          2773.1300207659274,
          2772.860578894695,
          2824.2361927614816,
          2724.6827064938316,
          2781.057146723061,
          2784.7172923974426,
          2825.6857534876754
        ]
      },
      "pp_req_throughput": {
        "mean": 2781.076337435535,
        "std": 22.82289371430921,
        "values": [
          2801.9537829453293,
          2783.683642890453,
          2790.7959496701033,
          2782.202631247966,
          2779.6425214525634,
          2789.572164343376,
          2775.285463750363,
          2781.380889809877,
          2781.664010025269,
          2783.4526440455156,
          2789.8936305207544,
          2787.106106690067,
          2784.133685244379,
          2776.491149704159,
          2772.8291902521946,
          2787.1061934508093,
          2730.6518102031455,
          2779.8784297933234,
          2780.765741512879,
          2785.3086479225344,
          2780.2803960476026,
          2722.035627232845,
          2819.806122786437,
          2773.1300207659274,
          2772.860578894695,
          2824.2361927614816,
          2724.6827064938316,
          2781.057146723061,
          2784.7172923974426,
          2825.6857534876754
        ]
      },
      "tg_throughput": {
        "mean": 18.974975488429084,
        "std": 2.216789959826309,
        "values": [
          17.132931242205697,
          16.880753966732886,
          18.561151841469954,
          19.346434756111552,
          18.524355678666076,
          17.042137183577204,
          18.45083638718068,
          19.722754307666285,
          23.772683298995204,
          18.131304215117453,
          18.37887178532378,
          20.636599629113157,
          22.16359766046757,
          17.65539231098724,
          18.918947220098683,
          17.15837549175289,
          18.173083032545833,
          22.09950712773791,
          21.971889499498705,
          15.877614276952572,
          18.866525050433165,
          23.77761236373851,
          17.41107163281464,
          20.417931488504422,
          16.516516010101608,
          15.841959603128517,
          16.405624997136897,
          20.044130464437842,
          17.306398910635377,
          22.06227321974021
        ]
      },
      "tg_req_throughput": {
        "mean": 18.974975488429084,
        "std": 2.216789959826309,
        "values": [
          17.132931242205697,
          16.880753966732886,
          18.561151841469954,
          19.346434756111552,
          18.524355678666076,
          17.042137183577204,
          18.45083638718068,
          19.722754307666285,
          23.772683298995204,
          18.131304215117453,
          18.37887178532378,
          20.636599629113157,
          22.16359766046757,
          17.65539231098724,
          18.918947220098683,
          17.15837549175289,
          18.173083032545833,
          22.09950712773791,
          21.971889499498705,
          15.877614276952572,
          18.866525050433165,
          23.77761236373851,
          17.41107163281464,
          20.417931488504422,
          16.516516010101608,
          15.841959603128517,
          16.405624997136897,
          20.044130464437842,
          17.306398910635377,
          22.06227321974021
        ]
      },
      "peak_throughput": {
        "mean": 31.5,
        "std": 3.730504880933232,
        "values": [
          27.0,
          31.0,
          30.0,
          34.0,
          30.0,
          28.0,
          31.0,
          37.0,
          42.0,
          30.0,
          33.0,
          38.0,
          32.0,
          31.0,
          29.0,
          34.0,
          28.0,
          33.0,
          36.0,
          27.0,
          27.0,
          31.0,
          29.0,
          39.0,
          27.0,
          29.0,
          29.0,
          30.0,
          31.0,
          32.0
        ]
      },
      "peak_req_throughput": {
        "mean": 31.5,
        "std": 3.730504880933232,
        "values": [
          27.0,
          31.0,
          30.0,
          34.0,
          30.0,
          28.0,
          31.0,
          37.0,
          42.0,
          30.0,
          33.0,
          38.0,
          32.0,
          31.0,
          29.0,
          34.0,
          28.0,
          33.0,
          36.0,
          27.0,
          27.0,
          31.0,
          29.0,
          39.0,
          27.0,
          29.0,
          29.0,
          30.0,
          31.0,
          32.0
        ]
      },
      "ttfr": {
        "mean": 5893.786317804673,
        "std": 48.74017887010698,
        "values": [
          5849.523800017778,
          5888.622494006995,
          5872.90340999607,
          5890.677853021771,
          5896.4613760472275,
          5875.479054986499,
          5905.715667002369,
          5892.777213011868,
          5891.818128991872,
          5888.392508029938,
          5874.802261008881,
          5880.676125001628,
          5886.952563014347,
          5903.151910984889,
          5910.945555020589,
          5880.675941996742,
          6002.217352041043,
          5895.961139991414,
          5894.080383994151,
          5884.4699609908275,
          5895.108979020733,
          6021.210687002167,
          5812.147037999239,
          5910.3045299998485,
          5910.8786639990285,
          5803.033012023661,
          6015.362737001851,
          5893.462979991455,
          5885.71918598609,
          5800.057021959219
        ]
      },
      "est_ppt": {
        "mean": 5891.967822467753,
        "std": 48.74017887010698,
        "values": [
          5847.705304680858,
          5886.803998670075,
          5871.08491465915,
          5888.859357684851,
          5894.6428807103075,
          5873.660559649579,
          5903.897171665449,
          5890.958717674948,
          5889.999633654952,
          5886.574012693018,
          5872.983765671961,
          5878.857629664708,
          5885.134067677427,
          5901.333415647969,
          5909.127059683669,
          5878.857446659822,
          6000.398856704123,
          5894.142644654494,
          5892.261888657231,
          5882.6514656539075,
          5893.290483683813,
          6019.392191665247,
          5810.328542662319,
          5908.486034662928,
          5909.0601686621085,
          5801.214516686741,
          6013.544241664931,
          5891.644484654535,
          5883.90069064917,
          5798.238526622299
        ]
      },
      "e2e_ttft": {
        "mean": 5893.934663503509,
        "std": 48.713533172574074,