{
  "version": "0.3.7",
  "timestamp": "2026-05-13 19:03:21Z",
  "latency_mode": "api",
  "latency_ms": 1.0956253196733694,
  "model": "qwen36-27b",
  "prefix_caching_enabled": false,
  "max_concurrency": 1,
  "benchmarks": [
    {
      "concurrency": 1,
      "context_size": 0,
      "prompt_size": 16384,
      "response_size": 128,
      "is_context_prefill_phase": false,
      "pp_throughput": {
        "mean": 2785.4230373677246,
        "std": 0.0,
        "values": [
          2785.4230373677246
        ]
      },
      "pp_req_throughput": {
        "mean": 2785.4230373677246,
        "std": 0.0,
        "values": [
          2785.4230373677246
        ]
      },
      "tg_throughput": {
        "mean": 21.77733208756237,
        "std": 0.0,
        "values": [
          21.77733208756237
        ]
      },
      "tg_req_throughput": {
        "mean": 21.77733208756237,
        "std": 0.0,
        "values": [
          21.77733208756237
        ]
      },
      "peak_throughput": {
        "mean": 32.0,
        "std": 0.0,
        "values": [
          32.0
        ]
      },
      "peak_req_throughput": {
        "mean": 32.0,
        "std": 0.0,
        "values": [
          32.0
        ]
      },
      "ttfr": {
        "mean": 5883.864519011695,
        "std": 0.0,
        "values": [
          5883.864519011695
        ]
      },
      "est_ppt": {
        "mean": 5882.768893692021,
        "std": 0.0,
        "values": [
          5882.768893692021
        ]
      },
      "e2e_ttft": {
        "mean": 5883.864519011695,
        "std": 0.0,
        "values": [
          5883.864519011695
        ]
      },
      "throughput_over_time": null,
      "requests_throughput_over_time": null
    }
  ]
}