{
  "payload": {
    "candidate_global": {
      "mean": 0.07937094569206238,
      "n_positions": 524288,
      "p90": 0.1770869344472885,
      "p95": 0.3435939848423004,
      "p99": 1.088129997253418
    },
    "headline_code": {
      "BQ3_GKD_step4": {
        "mean": 0.06855111569166183,
        "p90": 0.1541665941476822,
        "p95": 0.3068483769893646,
        "p99": 0.9729663729667664
      },
      "BQ3_step0": {
        "mean": 0.06724732369184494,
        "p90": 0.14783421158790588,
        "p95": 0.2890014946460724,
        "p99": 0.9877611994743347
      },
      "UD_IQ4_XS": {
        "mean": 0.054215965394205624,
        "p90": 0.11995211243629456,
        "p95": 0.2538055181503296,
        "p99": 0.8477671146392822
      },
      "delta_step4_minus_IQ4": {
        "mean": 0.01433515029745621,
        "p90": 0.034214481711387634,
        "p95": 0.053042858839035034,
        "p99": 0.12519925832748413
      },
      "delta_step4_minus_step0": {
        "mean": 0.0013037919998168945,
        "p90": 0.006332382559776306,
        "p95": 0.017846882343292236,
        "p99": -0.01479482650756836
      },
      "n_positions": 77824
    },
    "instrument": {
      "direction": "KL(teacher||candidate)",
      "note": "UD-IQ4_XS is a cross-quant damage-location comparator, not a standalone quality ranking.",
      "positions_per_window": 1024,
      "support": 8192,
      "support_policy": "teacher top-8192; teacher and candidate renormalized on identical support",
      "windows": 512
    },
    "provenance": {
      "BQ3_step0": {
        "path": "<private-path-redacted>",
        "sha256": "5a49b0d92cf7f1c403b2d6bb49487c6d97f273211d6b1c68efb27782a8a20a88"
      },
      "UD_IQ4_XS": {
        "path": "<private-path-redacted>",
        "sha256": "97cc4440301b1f1db461ab33f524a393432a8b8bace71798db4ebb2021383c37"
      },
      "candidate_build_receipt": {
        "path": "<private-path-redacted>",
        "sha256": "8dff8b75aa80b01de14f13fb6be2518cf4d32088827c7e53e3a86dd08fb7c2fd"
      },
      "candidate_done": {
        "path": "<private-path-redacted>",
        "sha256": "08436e8bda7b8b1d97d5df2857262d8afa18ba20716381aebb8454db7628046f"
      }
    },
    "schema": "code-repair-leg1-three-way-per-class-v1",
    "sealed_unix": 1784566887.4829347,
    "status": "PASS",
    "task_id": "<internal-task-redacted>",
    "three_way": {
      "agentic": {
        "BQ3_GKD_step4": {
          "mean": 0.0845775455236435,
          "p90": 0.19244885444641113,
          "p95": 0.3878535032272339,
          "p99": 1.2416741847991943
        },
        "BQ3_step0": {
          "mean": 0.08441002666950226,
          "p90": 0.17807501554489136,
          "p95": 0.37587466835975647,
          "p99": 1.3533358573913574
        },
        "UD_IQ4_XS": {
          "mean": 0.10261290969085012,
          "p90": 0.2164466381072998,
          "p95": 0.5057876110076904,
          "p99": 1.7678661346435547
        },
        "delta_step4_minus_IQ4": {
          "mean": -0.01803536416720662,
          "p90": -0.023997783660888672,
          "p95": -0.11793410778045654,
          "p99": -0.5261919498443604
        },
        "delta_step4_minus_step0": {
          "mean": 0.00016751885414123535,
          "p90": 0.014373838901519775,
          "p95": 0.011978834867477417,
          "p99": -0.11166167259216309
        },
        "n_positions": 157696
      },
      "chat": {
        "BQ3_GKD_step4": {
          "mean": 0.036795858293771744,
          "p90": 0.07464238256216049,
          "p95": 0.12398932874202728,
          "p99": 0.3570505976676941
        },
        "BQ3_step0": {
          "mean": 0.033820249140262604,
          "p90": 0.06667134910821915,
          "p95": 0.11178331077098846,
          "p99": 0.3453536629676819
        },
        "UD_IQ4_XS": {
          "mean": 0.03041755674709749,
          "p90": 0.05992186814546585,
          "p95": 0.10301103442907333,
          "p99": 0.3947320282459259
        },
        "delta_step4_minus_IQ4": {
          "mean": 0.006378301546674254,
          "p90": 0.014720514416694641,
          "p95": 0.02097829431295395,
          "p99": -0.03768143057823181
        },
        "delta_step4_minus_step0": {
          "mean": 0.00297560915350914,
          "p90": 0.007971033453941345,
          "p95": 0.012206017971038818,
          "p99": 0.011696934700012207
        },
        "n_positions": 53248
      },
      "code": {
        "BQ3_GKD_step4": {
          "mean": 0.06855111569166183,
          "p90": 0.1541665941476822,
          "p95": 0.3068483769893646,
          "p99": 0.9729663729667664
        },
        "BQ3_step0": {
          "mean": 0.06724732369184494,
          "p90": 0.14783421158790588,
          "p95": 0.2890014946460724,
          "p99": 0.9877611994743347
        },
        "UD_IQ4_XS": {
          "mean": 0.054215965394205624,
          "p90": 0.11995211243629456,
          "p95": 0.2538055181503296,
          "p99": 0.8477671146392822
        },
        "delta_step4_minus_IQ4": {
          "mean": 0.01433515029745621,
          "p90": 0.034214481711387634,
          "p95": 0.053042858839035034,
          "p99": 0.12519925832748413
        },
        "delta_step4_minus_step0": {
          "mean": 0.0013037919998168945,
          "p90": 0.006332382559776306,
          "p95": 0.017846882343292236,
          "p99": -0.01479482650756836
        },
        "n_positions": 77824
      },
      "multilingual": {
        "BQ3_GKD_step4": {
          "mean": 0.1396094262599945,
          "p90": 0.3469127416610718,
          "p95": 0.6196368336677551,
          "p99": 1.676423192024231
        },
        "BQ3_step0": {
          "mean": 0.13705866038799286,
          "p90": 0.3352590501308441,
          "p95": 0.6069099307060242,
          "p99": 1.7063432931900024
        },
        "UD_IQ4_XS": {
          "mean": 0.09910831449718628,
          "p90": 0.24790148437023163,
          "p95": 0.44682350754737854,
          "p99": 1.236114263534546
        },
        "delta_step4_minus_IQ4": {
          "mean": 0.040501111762808226,
          "p90": 0.09901125729084015,
          "p95": 0.1728133261203766,
          "p99": 0.44030892848968506
        },
        "delta_step4_minus_step0": {
          "mean": 0.002550765872001648,
          "p90": 0.011653691530227661,
          "p95": 0.012726902961730957,
          "p99": -0.029920101165771484
        },
        "n_positions": 77824
      },
      "prose": {
        "BQ3_GKD_step4": {
          "mean": 0.103838711977005,
          "p90": 0.23810948431491852,
          "p95": 0.4032789170742035,
          "p99": 1.0736944675445557
        },
        "BQ3_step0": {
          "mean": 0.09666712582111359,
          "p90": 0.21630065143108368,
          "p95": 0.3699488341808319,
          "p99": 1.0300244092941284
        },
        "UD_IQ4_XS": {
          "mean": 0.0850245496464369,
          "p90": 0.1905723214149475,
          "p95": 0.34176066517829895,
          "p99": 0.9990205764770508
        },
        "delta_step4_minus_IQ4": {
          "mean": 0.01881416233056811,
          "p90": 0.04753716289997101,
          "p95": 0.06151825189590454,
          "p99": 0.07467389106750488
        },
        "delta_step4_minus_step0": {
          "mean": 0.0071715861558914185,
          "p90": 0.02180883288383484,
          "p95": 0.03333008289337158,
          "p99": 0.043670058250427246
        },
        "n_positions": 79872
      },
      "reasoning": {
        "BQ3_GKD_step4": {
          "mean": 0.023420756682753563,
          "p90": 0.0526411272585392,
          "p95": 0.0823097676038742,
          "p99": 0.2041601836681366
        },
        "BQ3_step0": {
          "mean": 0.021449530497193336,
          "p90": 0.04721231013536453,
          "p95": 0.07526873052120209,
          "p99": 0.19052596390247345
        },
        "UD_IQ4_XS": {
          "mean": 0.016024186240848302,
          "p90": 0.039979755878448486,