{
  "benchmarks": [
    {
      "prompt_size": 2048,
      "response_size": 128,
      "concurrency": 1,
      "runs": 3,
      "request_path": "raw_completions_tokenize_calibrated_debug",
      "server_prompt_tokens": 2048,
      "completion_token_counts": [
        128,
        128,
        128
      ],
      "latencies": [
        {
          "ttft_s": 0.639711685013026,
          "total_s": 11.569692693999968
        },
        {
          "ttft_s": 0.6440027200151235,
          "total_s": 11.585933594033122
        },
        {
          "ttft_s": 0.6441984500270337,
          "total_s": 11.630433336016722
        }
      ],
      "pp_throughput": {
        "mean": 3186.899193270149,
        "median": 3180.1107920039617,
        "min": 3179.1445631607094,
        "max": 3201.442224645776,
        "values": [
          3201.442224645776,
          3180.1107920039617,
          3179.1445631607094
        ]
      },
      "tg_throughput": {
        "mean": 11.595354421166252,
        "median": 11.606726588043614,
        "min": 11.559920329207424,
        "max": 11.619416346247718,
        "values": [
          11.619416346247718,
          11.606726588043614,
          11.559920329207424
        ]
      }
    }
  ]
}