{
  "version": "0.3.7",
  "timestamp": "2026-05-10 22:41:19Z",
  "latency_mode": "api",
  "latency_ms": 1.540559334292387,
  "model": "qwen36-27b",
  "prefix_caching_enabled": false,
  "max_concurrency": 1,
  "benchmarks": [
    {
      "concurrency": 1,
      "context_size": 0,
      "prompt_size": 2048,
      "response_size": 128,
      "is_context_prefill_phase": false,
      "pp_throughput": {
        "mean": 1934.7244989521257,
        "std": 34.18739620106774,
        "values": [
          1908.9747872004393,
          1983.0377710883206,
          1912.1609385676168
        ]
      },
      "pp_req_throughput": {
        "mean": 1934.7244989521257,
        "std": 34.18739620106774,
        "values": [
          1908.9747872004393,
          1983.0377710883206,
          1912.1609385676168
        ]
      },
      "tg_throughput": {
        "mean": 7.732378910250621,
        "std": 0.011938199815769403,
        "values": [
          7.748711293029551,
          7.720508548666127,
          7.727916889056185
        ]
      },
      "tg_req_throughput": {
        "mean": 7.732378910250621,
        "std": 0.011938199815769403,
        "values": [
          7.748711293029551,
          7.720508548666127,
          7.727916889056185
        ]
      },
      "peak_throughput": {
        "mean": 9.0,
        "std": 0.0,
        "values": [
          9.0,
          9.0,
          9.0
        ]
      },
      "peak_req_throughput": {
        "mean": 9.0,
        "std": 0.0,
        "values": [
          9.0,
          9.0,
          9.0
        ]
      },
      "ttfr": {
        "mean": 1061.1071316719365,
        "std": 18.606450360199585,
        "values": [
          1074.891561002005,
          1034.8037829971872,
          1073.6260510166176
        ]
      },
      "est_ppt": {
        "mean": 1059.5665723376442,
        "std": 18.606450360199585,
        "values": [
          1073.3510016677126,
          1033.263223662895,
          1072.0854916823253
        ]
      },
      "e2e_ttft": {
        "mean": 1061.1071316719365,
        "std": 18.606450360199585,
        "values": [
          1074.891561002005,
          1034.8037829971872,
          1073.6260510166176
        ]
      },
      "throughput_over_time": null,
      "requests_throughput_over_time": null
    }
  ]
}