{
  "version": "0.3.7",
  "timestamp": "2026-05-10 20:27:17Z",
  "latency_mode": "api",
  "latency_ms": 1.7060880102993299,
  "model": "qwen36-27b",
  "prefix_caching_enabled": false,
  "max_concurrency": 1,
  "benchmarks": [
    {
      "concurrency": 1,
      "context_size": 0,
      "prompt_size": 2048,
      "response_size": 128,
      "is_context_prefill_phase": false,
      "pp_throughput": {
        "mean": 2122.683175755085,
        "std": 49.90109431138613,
        "values": [
          2055.126399599648,
          2138.791240779055,
          2174.1318868865533
        ]
      },
      "pp_req_throughput": {
        "mean": 2122.683175755085,
        "std": 49.90109431138613,
        "values": [
          2055.126399599648,
          2138.791240779055,
          2174.1318868865533
        ]
      },
      "tg_throughput": {
        "mean": 7.7188866448741935,
        "std": 0.019510452660351965,
        "values": [
          7.732701637677489,
          7.732663590086992,
          7.6912947068581
        ]
      },
      "tg_req_throughput": {
        "mean": 7.7188866448741935,
        "std": 0.019510452660351965,
        "values": [
          7.732701637677489,
          7.732663590086992,
          7.6912947068581
        ]
      },
      "peak_throughput": {
        "mean": 9.0,
        "std": 0.0,
        "values": [
          9.0,
          9.0,
          9.0
        ]
      },
      "peak_req_throughput": {
        "mean": 9.0,
        "std": 0.0,
        "values": [
          9.0,
          9.0,
          9.0
        ]
      },
      "ttfr": {
        "mean": 967.5333733321168,
        "std": 22.953830629058242,
        "values": [
          998.7250550184399,
          959.7238510032184,
          944.1512139746919
        ]
      },
      "est_ppt": {
        "mean": 965.8272853218174,
        "std": 22.953830629058242,
        "values": [
          997.0189670081405,
          958.0177629929191,
          942.4451259643926
        ]
      },
      "e2e_ttft": {
        "mean": 967.5333733321168,
        "std": 22.953830629058242,
        "values": [
          998.7250550184399,
          959.7238510032184,
          944.1512139746919
        ]
      },
      "throughput_over_time": null,
      "requests_throughput_over_time": null
    }
  ]
}