{
  "rows": [
    {
      "pp": 2048,
      "path": "results/golden-depth-grid-single-server-llamabenchy-n30-20260513/single-server-llamabenchy-v34-mlen262144-warm1-n30-pp2048/measured-pp2048-tg128-c1-n30.json",
      "timestamp": "2026-05-13 19:00:26Z",
      "exit": "0",
      "n_pp": 30,
      "n_tg": 30,
      "prefill": {
        "mean": 2371.620505208661,
        "median": 2338.6018721404753,
        "min": 2139.8281512687813,
        "max": 3091.240166365534,
        "stdev": 179.34247903662236,
        "cv_pct": 7.562022618827179
      },
      "decode_tg": {
        "mean": 20.393344248702395,
        "median": 20.06747799749584,
        "min": 16.766315070993578,
        "max": 27.36790802013806,
        "stdev": 2.5943735197418203,
        "cv_pct": 12.721667854485894
      },
      "prefill_values": [
        2920.120534785686,
        2305.909713207922,
        2298.113928911568,
        2327.50367002865,
        2329.3924350851566,
        2285.4924490667395,
        2268.428923463793,
        2342.064646867719,
        2341.3462279053574,
        2317.5230630494093,
        2340.899007203257,
        3091.240166365534,
        2321.9637959266915,
        2346.5438554483812,
        2339.6264823425045,
        2354.9608831925093,
        2331.8595637801177,
        2339.8069624540976,
        2139.8281512687813,
        2377.1013089734474,
        2395.2450133107845,
        2387.296049696762,
        2351.5659352145126,
        2337.577261938446,
        2315.4082182811903,
        2315.965594656677,
        2315.5674361853107,
        2315.8332655235995,
        2352.2885638549637,
        2342.1420482702592
      ],
      "tg_values": [
        22.025453342942743,
        17.97435043466522,
        16.766315070993578,
        20.12961085214698,
        19.129769738529692,
        17.29863510123538,
        20.093661168328964,
        23.995392448018876,
        21.307886491875173,
        20.96918106874902,
        20.937625079521794,
        17.649642416473952,
        27.36790802013806,
        17.819999306135305,
        19.254229299243914,
        23.29310016295408,
        20.467040814332876,
        18.500169819189672,
        23.352502550625623,
        19.650363182949004,
        18.540411586921618,
        19.638396482814258,
        20.43333689659212,
        17.25161877147451,
        20.90894478014854,
        20.068367593710253,
        19.58437480027466,
        27.26585040362858,
        20.059601375175923,
        20.066588401281425
      ],
      "ttfr_ms": {
        "mean": 869.5861730627561,
        "median": 877.7680394996423,
        "min": 664.1206169733778,
        "max": 959.6242029801942,
        "stdev": 53.82542994124577,
        "cv_pct": 6.18977527571167
      }
    },
    {
      "pp": 16384,
      "path": "results/golden-depth-grid-single-server-llamabenchy-n30-20260513/single-server-llamabenchy-v34-mlen262144-warm1-n30-pp16384/measured-pp16384-tg128-c1-n30.json",
      "timestamp": "2026-05-13 19:09:44Z",
      "exit": "0",
      "n_pp": 30,
      "n_tg": 30,
      "prefill": {
        "mean": 2781.076337435535,
        "median": 2781.9333206366173,
        "min": 2722.035627232845,
        "max": 2825.6857534876754,
        "stdev": 23.213056912034805,
        "cv_pct": 0.8346788831204774
      },
      "decode_tg": {
        "mean": 18.974975488429084,
        "median": 18.487596032923378,
        "min": 15.841959603128517,
        "max": 23.77761236373851,
        "stdev": 2.254686550426894,
        "cv_pct": 11.882421412358603
      },
      "prefill_values": [
        2801.9537829453293,
        2783.683642890453,
        2790.7959496701033,
        2782.202631247966,
        2779.6425214525634,
        2789.572164343376,
        2775.285463750363,
        2781.380889809877,
        2781.664010025269,
        2783.4526440455156,
        2789.8936305207544,
        2787.106106690067,
        2784.133685244379,
        2776.491149704159,
        2772.8291902521946,
        2787.1061934508093,
        2730.6518102031455,
        2779.8784297933234,
        2780.765741512879,
        2785.3086479225344,
        2780.2803960476026,
        2722.035627232845,
        2819.806122786437,
        2773.1300207659274,
        2772.860578894695,
        2824.2361927614816,
        2724.6827064938316,
        2781.057146723061,
        2784.7172923974426,
        2825.6857534876754
      ],
      "tg_values": [
        17.132931242205697,
        16.880753966732886,
        18.561151841469954,
        19.346434756111552,
        18.524355678666076,
        17.042137183577204,
        18.45083638718068,
        19.722754307666285,
        23.772683298995204,
        18.131304215117453,
        18.37887178532378,
        20.636599629113157,
        22.16359766046757,
        17.65539231098724,
        18.918947220098683,
        17.15837549175289,
        18.173083032545833,
        22.09950712773791,
        21.971889499498705,
        15.877614276952572,
        18.866525050433165,
        23.77761236373851,
        17.41107163281464,
        20.417931488504422,
        16.516516010101608,
        15.841959603128517,
        16.405624997136897,
        20.044130464437842,
        17.306398910635377,
        22.06227321974021
      ],
      "ttfr_ms": {
        "mean": 5893.786317804673,
        "median": 5891.247991006821,
        "min": 5800.057021959219,
        "max": 6021.210687002167,
        "stdev": 49.573404677654594,
        "cv_pct": 0.8411130299701768
      }
    },
    {
      "pp": 32768,
      "path": "results/golden-depth-grid-single-server-llamabenchy-n30-20260513/single-server-llamabenchy-v34-mlen262144-warm1-n30-pp32768/measured-pp32768-tg128-c1-n30.json",
      "timestamp": "2026-05-13 19:20:48Z",
      "exit": "0",
      "n_pp": 30,
      "n_tg": 30,
      "prefill": {
        "mean": 2521.2863491432095,
        "median": 2524.2420685625407,
        "min": 2505.295722820963,
        "max": 2547.2744506102085,
        "stdev": 9.96239324392661,
        "cv_pct": 0.39513136805393234
      },
      "decode_tg": {
        "mean": 17.867467336722413,
        "median": 17.638837376882012,
        "min": 13.690614265311433,
        "max": 23.314961723096555,
        "stdev": 2.159444213818024,
        "cv_pct": 12.085899882294957
      },
      "prefill_values": [
        2534.9274783480823,
        2515.1874874232076,
        2534.2720286463536,
        2506.8646529029347,
        2525.2929591830602,
        2527.3144570630493,
        2514.195531808476,
        2527.381757164992,
        2509.1473470120577,
        2524.7276923457057,
        2528.5580926508187,
        2512.671811847868,
        2527.13088113973,
        2526.6451444260806,
        2514.528461993352,
        2523.7564447793757,
        2510.4111691457015,
        2513.253115330908,
        2527.5842098484354,
        2510.2722040117205,
        2531.2165915947176,
        2528.512585293239,
        2509.5414030603256,
        2525.8559002733914,
        2526.6218724529026,
        2505.295722820963,
        2522.695831885637,
        2511.68736146422,
        2515.7658277687697,
        2547.2744506102085
      ],