{
  "version": "0.3.7",
  "timestamp": "2026-05-16 06:05:03Z",
  "latency_mode": "none",
  "latency_ms": 0.0,
  "model": "aeon-ultimate",
  "prefix_caching_enabled": false,
  "max_concurrency": 1,
  "benchmarks": [
    {
      "concurrency": 1,
      "context_size": 0,
      "prompt_size": 2048,
      "response_size": 128,
      "is_context_prefill_phase": false,
      "pp_throughput": {
        "mean": 2360.4502110390144,
        "std": 303.26212570589547,
        "values": [
          1790.7896098469532,
          2367.336120164567,
          2442.493252732336,
          2681.427597486227,
          2520.2044749649904
        ]
      },
      "pp_req_throughput": {
        "mean": 2360.4502110390144,
        "std": 303.26212570589547,
        "values": [
          1790.7896098469532,
          2367.336120164567,
          2442.493252732336,
          2681.427597486227,
          2520.2044749649904
        ]
      },
      "tg_throughput": {
        "mean": 12.059865335888194,
        "std": 0.02558145848356273,
        "values": [
          12.107342622025302,
          12.062350341768436,
          12.05151057219896,
          12.032881286355684,
          12.045241857092583
        ]
      },
      "tg_req_throughput": {
        "mean": 12.059865335888194,
        "std": 0.02558145848356273,
        "values": [
          12.107342622025302,
          12.062350341768436,
          12.05151057219896,
          12.032881286355684,
          12.045241857092583
        ]
      },
      "peak_throughput": {
        "mean": 13.0,
        "std": 0.0,
        "values": [
          13.0,
          13.0,
          13.0,
          13.0,
          13.0
        ]
      },
      "peak_req_throughput": {
        "mean": 13.0,
        "std": 0.0,
        "values": [
          13.0,
          13.0,
          13.0,
          13.0,
          13.0
        ]
      },
      "ttfr": {
        "mean": 888.9712038100697,
        "std": 134.42247622083565,
        "values": [
          1149.2137259920128,
          869.3315589916892,
          842.5816520466469,
          767.128675011918,
          816.6004070080817
        ]
      },
      "est_ppt": {
        "mean": 888.9712038100697,
        "std": 134.42247622083565,
        "values": [
          1149.2137259920128,
          869.3315589916892,
          842.5816520466469,
          767.128675011918,
          816.6004070080817
        ]
      },
      "e2e_ttft": {
        "mean": 888.9712038100697,
        "std": 134.42247622083565,
        "values": [
          1149.2137259920128,
          869.3315589916892,
          842.5816520466469,
          767.128675011918,
          816.6004070080817
        ]
      },
      "throughput_over_time": null,
      "requests_throughput_over_time": null
    }
  ]
}