{
  "contract": "For T<=4, moe_align packs every expert's valid assignments before filler; each token routes to an expert at most once, so min(T,4) rows per compact expert block exactly covers every live row. The CUDA grid's z dimension computes those rows and leaves later filler rows untouched.",
  "created_unix": 1784380738.189279,
  "cuda": "13.0",
  "device": "NVIDIA GB10",
  "extension": "$HOME/missions/V2_PRODUCT_MTP_<source-task>/kernel/vq_warp_m4/vq_warp_gemv/__init__.py",
  "format": "vq-warp-real-plane-small-m-gate-v1",
  "module": "runtime_patch_m4/moe_vq_triton.py",
  "prefix": "$HOME/missions/IQ3_VQ_SERVE_<source-task>/wire_arm4/layer_042",
  "projections": {
    "13": {
      "bits": [
        10,
        10,
        12,
        11,
        8,
        12,
        8,
        9
      ],
      "dimensions": [
        4,
        8,
        8,
        4,
        4,
        4,
        8,
        8
      ],
      "experts": [
        0,
        1,
        2,
        3,
        4,
        7,
        43,
        57
      ],
      "pass": true,
      "projection": "13",
      "shape": {
        "k": 4096,
        "mblock": 4,
        "n": 4096,
        "pairs": 8
      },
      "valid_m": {
        "1": {
          "candidate_timing": {
            "median_ms": 0.3614720106124878,
            "reps": 15,
            "samples_ms": [
              0.37116798758506775,
              0.3702400028705597,
              0.3664320111274719,
              0.36108800768852234,
              0.35814398527145386,
              0.358240008354187,
              0.3578239977359772,
              0.3606399893760681,
              0.3614720106124878,
              0.3638719916343689,
              0.3623040020465851,
              0.36054399609565735,
              0.3663040101528168,
              0.36233600974082947,
              0.35951998829841614
            ],
            "warmup": 5
          },
          "correctness": {
            "bit_equal": false,
            "cosine": 1.0,
            "equal_fraction": 0.997528076171875,
            "finite": true,
            "max_abs": 0.015625,
            "mean_abs": 5.375943146646023e-06,
            "pass": true,
            "rms_abs": 0.00022442542831413448,
            "thresholds": {
              "max_abs": 0.5,
              "max_mean_abs": 0.01,
              "min_cosine": 0.9999
            }
          },
          "oracle_timing": {
            "median_ms": 1.6853439807891846,
            "reps": 15,
            "samples_ms": [
              1.6731200218200684,
              1.6730879545211792,
              1.6781120300292969,
              1.6722240447998047,
              1.6734399795532227,
              1.6883200407028198,
              1.6807039976119995,
              1.6872639656066895,
              2.0932159423828125,
              2.01529598236084,
              1.6946239471435547,
              1.687615990638733,
              1.6853439807891846,
              1.6861759424209595,
              1.6822400093078613
            ],
            "warmup": 5
          },
          "padded_rows_untouched": true,
          "pass": true,
          "speedup": 4.662446693821447
        },
        "2": {
          "candidate_timing": {
            "median_ms": 0.6993920207023621,
            "reps": 15,
            "samples_ms": [
              0.6977599859237671,
              0.6993920207023621,
              0.6995199918746948,
              0.6971840262413025,
              0.7004160284996033,
              0.6929600238800049,
              0.6981440186500549,
              0.703711986541748,
              0.7000640034675598,
              0.7012159824371338,
              0.6984959840774536,
              0.7013440132141113,
              0.6955199837684631,
              0.6986560225486755,
              0.6997439861297607
            ],
            "warmup": 5
          },
          "correctness": {
            "bit_equal": false,
            "cosine": 0.9999998807907104,
            "equal_fraction": 0.99755859375,
            "finite": true,
            "max_abs": 0.015625,
            "mean_abs": 5.555668394663371e-06,
            "pass": true,
            "rms_abs": 0.00023159717966336757,
            "thresholds": {
              "max_abs": 0.5,
              "max_mean_abs": 0.01,
              "min_cosine": 0.9999
            }
          },
          "oracle_timing": {
            "median_ms": 1.6904000043869019,
            "reps": 15,
            "samples_ms": [
              1.7322880029678345,
              2.185663938522339,
              1.92467200756073,
              1.694591999053955,
              1.6884160041809082,
              1.686527967453003,
              1.6875840425491333,
              1.6886080503463745,
              1.6884479522705078,
              1.6892800331115723,
              1.6904000043869019,
              1.6894079446792603,
              2.1069118976593018,
              2.0365118980407715,
              1.6915199756622314
            ],
            "warmup": 5
          },
          "padded_rows_untouched": true,
          "pass": true,
          "speedup": 2.4169563768962123
        },
        "3": {
          "candidate_timing": {
            "median_ms": 1.0390080213546753,
            "reps": 15,
            "samples_ms": [
              1.0390080213546753,
              1.0385279655456543,
              1.0348800420761108,
              1.0372480154037476,
              1.0372159481048584,
              1.1027840375900269,
              1.398144006729126,
              1.0404800176620483,
              1.332800030708313,
              1.0456000566482544,
              1.0423680543899536,
              1.039199948310852,
              1.033344030380249,
              1.0372799634933472,
              1.037503957748413
            ],
            "warmup": 5
          },
          "correctness": {
            "bit_equal": false,
            "cosine": 1.0,
            "equal_fraction": 0.9975993037223816,
            "finite": true,
            "max_abs": 0.015625,
            "mean_abs": 5.368091478885617e-06,
            "pass": true,
            "rms_abs": 0.0002230938262073323,
            "thresholds": {
              "max_abs": 0.5,
              "max_mean_abs": 0.01,
              "min_cosine": 0.9999
            }
          },
          "oracle_timing": {
            "median_ms": 1.690335988998413,
            "reps": 15,
            "samples_ms": [
              1.687008023262024,
              2.183199882507324,
              2.0582079887390137,
              1.6945279836654663,
              1.6898239850997925,
              1.6883519887924194,
              1.6872960329055786,
              1.687648057937622,
              1.686560034751892,
              1.6896640062332153,
              1.690335988998413,
              1.690335988998413,
              2.1798720359802246,
              2.013823986053467,
              1.6985280513763428
            ],
            "warmup": 5
          },
          "padded_rows_untouched": true,
          "pass": true,
          "speedup": 1.6268748212304713
        },
        "4": {
          "candidate_timing": {
            "median_ms": 1.3831679821014404,
            "reps": 15,
            "samples_ms": [
              1.3796160221099854,
              1.3831679821014404,
              1.4461439847946167,
              1.7762880325317383,
              1.6272319555282593,
              1.484768033027649,
              1.3825279474258423,
              1.3763519525527954,
              1.3775360584259033,
              1.3852159976959229,
              1.3742719888687134,
              1.3855359554290771,
              1.3800959587097168,
              1.3939839601516724,
              1.3744959831237793
            ],
            "warmup": 5
          },
          "correctness": {
            "bit_equal": false,
            "cosine": 1.0,
            "equal_fraction": 0.9975662231445312,