{
  "version": "0.3.7",
  "timestamp": "2026-05-13 19:00:26Z",
  "latency_mode": "api",
  "latency_ms": 1.603345658319692,
  "model": "qwen36-27b",
  "prefix_caching_enabled": false,
  "max_concurrency": 1,
  "benchmarks": [
    {
      "concurrency": 1,
      "context_size": 0,
      "prompt_size": 2048,
      "response_size": 128,
      "is_context_prefill_phase": false,
      "pp_throughput": {
        "mean": 2371.6205052086607,
        "std": 176.32810504124015,
        "values": [
          2920.120534785686,
          2305.909713207922,
          2298.113928911568,
          2327.50367002865,
          2329.3924350851566,
          2285.4924490667395,
          2268.428923463793,
          2342.064646867719,
          2341.3462279053574,
          2317.5230630494093,
          2340.899007203257,
          3091.240166365534,
          2321.9637959266915,
          2346.5438554483812,
          2339.6264823425045,
          2354.9608831925093,
          2331.8595637801177,
          2339.8069624540976,
          2139.8281512687813,
          2377.1013089734474,
          2395.2450133107845,
          2387.296049696762,
          2351.5659352145126,
          2337.577261938446,
          2315.4082182811903,
          2315.965594656677,
          2315.5674361853107,
          2315.8332655235995,
          2352.2885638549637,
          2342.1420482702592
        ]
      },
      "pp_req_throughput": {
        "mean": 2371.6205052086607,
        "std": 176.32810504124015,
        "values": [
          2920.120534785686,
          2305.909713207922,
          2298.113928911568,
          2327.50367002865,
          2329.3924350851566,
          2285.4924490667395,
          2268.428923463793,
          2342.064646867719,
          2341.3462279053574,
          2317.5230630494093,
          2340.899007203257,
          3091.240166365534,
          2321.9637959266915,
          2346.5438554483812,
          2339.6264823425045,
          2354.9608831925093,
          2331.8595637801177,
          2339.8069624540976,
          2139.8281512687813,
          2377.1013089734474,
          2395.2450133107845,
          2387.296049696762,
          2351.5659352145126,
          2337.577261938446,
          2315.4082182811903,
          2315.965594656677,
          2315.5674361853107,
          2315.8332655235995,
          2352.2885638549637,
          2342.1420482702592
        ]
      },
      "tg_throughput": {
        "mean": 20.393344248702398,
        "std": 2.550767497820929,
        "values": [
          22.025453342942743,
          17.97435043466522,
          16.766315070993578,
          20.12961085214698,
          19.129769738529692,
          17.29863510123538,
          20.093661168328964,
          23.995392448018876,
          21.307886491875173,
          20.96918106874902,
          20.937625079521794,
          17.649642416473952,
          27.36790802013806,
          17.819999306135305,
          19.254229299243914,
          23.29310016295408,
          20.467040814332876,
          18.500169819189672,
          23.352502550625623,
          19.650363182949004,
          18.540411586921618,
          19.638396482814258,
          20.43333689659212,
          17.25161877147451,
          20.90894478014854,
          20.068367593710253,
          19.58437480027466,
          27.26585040362858,
          20.059601375175923,
          20.066588401281425
        ]
      },
      "tg_req_throughput": {
        "mean": 20.393344248702398,
        "std": 2.550767497820929,
        "values": [
          22.025453342942743,
          17.97435043466522,
          16.766315070993578,
          20.12961085214698,
          19.129769738529692,
          17.29863510123538,
          20.093661168328964,
          23.995392448018876,
          21.307886491875173,
          20.96918106874902,
          20.937625079521794,
          17.649642416473952,
          27.36790802013806,
          17.819999306135305,
          19.254229299243914,
          23.29310016295408,
          20.467040814332876,
          18.500169819189672,
          23.352502550625623,
          19.650363182949004,
          18.540411586921618,
          19.638396482814258,
          20.43333689659212,
          17.25161877147451,
          20.90894478014854,
          20.068367593710253,
          19.58437480027466,
          27.26585040362858,
          20.059601375175923,
          20.066588401281425
        ]
      },
      "peak_throughput": {
        "mean": 34.13333333333333,
        "std": 4.169199230334552,
        "values": [
          36.0,
          34.0,
          34.0,
          45.0,
          32.0,
          32.0,
          33.0,
          34.0,
          35.0,
          37.0,
          29.0,
          32.0,
          42.0,
          33.0,
          31.0,
          35.0,
          31.0,
          33.0,
          36.0,
          29.0,
          31.0,
          28.0,
          30.0,
          31.0,
          33.0,
          34.0,
          43.0,
          43.0,
          35.0,
          33.0
        ]
      },
      "peak_req_throughput": {
        "mean": 34.13333333333333,
        "std": 4.169199230334552,
        "values": [
          36.0,
          34.0,
          34.0,
          45.0,
          32.0,
          32.0,
          33.0,
          34.0,
          35.0,
          37.0,
          29.0,
          32.0,
          42.0,
          33.0,
          31.0,
          35.0,
          31.0,
          33.0,
          36.0,
          29.0,
          31.0,
          28.0,
          30.0,
          31.0,
          33.0,
          34.0,
          43.0,
          43.0,
          35.0,
          33.0
        ]
      },
      "ttfr": {
        "mean": 869.586173062756,
        "std": 52.920736434293495,
        "values": [
          702.9442579951137,
          890.189740981441,
          893.2040510117076,
          881.9456739583984,
          881.2318569980562,
          898.5653989948332,
          905.3125070058741,
          876.4724500360899,
          876.740894978866,
          886.1684370203875,
          876.9080869969912,
          664.1206169733778,
          884.4767150003463,
          874.8024530359544,
          877.3841660004109,
          871.681492018979,
          880.3012020071037,
          877.3166129831225,
          959.6242029801942,
          863.5775460279547,
          857.048191013746,
          859.8965599667281,
          872.9376209666952,
          878.1519129988737,
          886.976380017586,
          886.7632999899797,
          886.9155019638129,
          886.8138789548539,
          872.6699450053275,
          876.4435379998758
        ]
      },
      "est_ppt": {
        "mean": 867.9828274044361,
        "std": 52.9207364342935,
        "values": [
          701.3409123367941,
          888.5863953231213,
          891.600705353388,
          880.3423283000787,
          879.6285113397365,
          896.9620533365136,
          903.7091613475544,
          874.8691043777702,
          875.1375493205463,
          884.5650913620678,
          875.3047413386715,
          662.5172713150581,
          882.8733693420266,
          873.1991073776347,
          875.7808203420913,
          870.0781463606594,
          878.6978563487841,
          875.7132673248028,
          958.0208573218746,
          861.974200369635,
          855.4448453554263,
          858.2932143084084,
          871.3342753083756,
          876.5485673405541,
          885.3730343592664,
          885.1599543316601,
          885.3121563054932,
          885.2105332965342,
          871.0665993470078,
          874.8401923415562
        ]
      },
      "e2e_ttft": {
        "mean": 869.586173062756,
        "std": 52.920736434293495,