{
  "benchmarks": [
    {
      "prompt_size": 16384,
      "response_size": 128,
      "concurrency": 1,
      "runs": 3,
      "request_path": "raw_completions_tokenize_calibrated_debug",
      "server_prompt_tokens": 16384,
      "completion_token_counts": [
        128,
        128,
        128
      ],
      "latencies": [
        {
          "ttft_s": 5.7071881360025145,
          "total_s": 9.749807032989338
        },
        {
          "ttft_s": 5.722109285998158,
          "total_s": 9.780093030014541
        },
        {
          "ttft_s": 5.73056934797205,
          "total_s": 9.781135088996962
        }
      ],
      "pp_throughput": {
        "mean": 2864.3660874440193,
        "median": 2863.2798118853116,
        "min": 2859.0527406841375,
        "max": 2870.765709762609,
        "values": [
          2870.765709762609,
          2863.2798118853116,
          2859.0527406841375
        ]
      },
      "tg_throughput": {
        "mean": 31.35508473051363,
        "median": 31.353644927600975,
        "min": 31.296330397396307,
        "max": 31.415278866543613,
        "values": [
          31.415278866543613,
          31.296330397396307,
          31.353644927600975
        ]
      }
    }
  ]
}