{
  "benchmarks": [
    {
      "prompt_size": 16384,
      "response_size": 128,
      "concurrency": 1,
      "runs": 3,
      "request_path": "raw_completions_tokenize_calibrated_debug",
      "server_prompt_tokens": 16384,
      "completion_token_counts": [
        128,
        128,
        128
      ],
      "latencies": [
        {
          "ttft_s": 5.621254593017511,
          "total_s": 15.09362192399567
        },
        {
          "ttft_s": 5.638774935971014,
          "total_s": 15.092025126970839
        },
        {
          "ttft_s": 5.644662907987367,
          "total_s": 17.271474261011463
        }
      ],
      "pp_throughput": {
        "mean": 2907.6041065507707,
        "median": 2905.5956632499688,
        "min": 2902.5648239890725,
        "max": 2914.6518324132703,
        "values": [
          2914.6518324132703,
          2905.5956632499688,
          2902.5648239890725
        ]
      },
      "tg_throughput": {
        "mean": 12.588327091011251,
        "median": 13.407419239820106,
        "min": 10.923029207570975,
        "max": 13.434532825642671,
        "values": [
          13.407419239820106,
          13.434532825642671,
          10.923029207570975
        ]
      }
    }
  ]
}