{
  "version": "0.3.7",
  "timestamp": "2026-05-14 05:45:23Z",
  "latency_mode": "api",
  "latency_ms": 2.498208351122836,
  "model": "aeon-ultimate",
  "prefix_caching_enabled": false,
  "max_concurrency": 1,
  "benchmarks": [
    {
      "concurrency": 1,
      "context_size": 0,
      "prompt_size": 16384,
      "response_size": 128,
      "is_context_prefill_phase": false,
      "pp_throughput": {
        "mean": 1763.5605598305378,
        "std": 47.25398005743681,
        "values": [
          1764.9499209896835,
          1664.1998042179425,
          1806.624777756691,
          1682.7515195357169,
          1771.018443436979,
          1792.6671940194772,
          1757.4675809723233,
          1795.6712633651016,
          1690.6308576751746,
          1809.9567439593,
          1697.004551168838,
          1791.4337206345754,
          1785.642412288497,
          1769.0516529280144,
          1795.0371922173601,
          1707.5043569947775,
          1793.8256745462124,
          1804.7972728527918,
          1786.616683756202,
          1806.1713757646592,
          1684.432961144418,
          1799.4558420129058,
          1810.1020735555726,
          1792.154002977931,
          1793.4449986920781,
          1695.8335125822805,
          1789.0942507369577,
          1685.0680470488292,
          1789.9120896173238,
          1794.2960174675216
        ]
      },
      "pp_req_throughput": {
        "mean": 1763.5605598305378,
        "std": 47.25398005743681,
        "values": [
          1764.9499209896835,
          1664.1998042179425,
          1806.624777756691,
          1682.7515195357169,
          1771.018443436979,
          1792.6671940194772,
          1757.4675809723233,
          1795.6712633651016,
          1690.6308576751746,
          1809.9567439593,
          1697.004551168838,
          1791.4337206345754,
          1785.642412288497,
          1769.0516529280144,
          1795.0371922173601,
          1707.5043569947775,
          1793.8256745462124,
          1804.7972728527918,
          1786.616683756202,
          1806.1713757646592,
          1684.432961144418,
          1799.4558420129058,
          1810.1020735555726,
          1792.154002977931,
          1793.4449986920781,
          1695.8335125822805,
          1789.0942507369577,
          1685.0680470488292,
          1789.9120896173238,
          1794.2960174675216
        ]
      },
      "tg_throughput": {
        "mean": 29.34876420055789,
        "std": 7.024610099718296,
        "values": [
          34.59275212283843,
          23.961913407377047,
          19.828883972851358,
          26.6486380420047,
          22.748932397965653,
          41.15743322565051,
          37.40145662944463,
          21.156845873840798,
          25.79085957936726,
          17.867918624028004,
          29.097374768073266,
          26.61617152800945,
          36.42306299194072,
          35.79989777713278,
          42.522711374987345,
          40.53808211212928,
          29.04078690629495,
          20.954765695180562,
          24.407245810850256,
          24.43566456558046,
          29.061323879483712,
          34.54410030421983,
          31.64279491496006,
          33.30266848994173,
          30.010801735984995,
          38.75768662578781,
          23.866838348429255,
          35.83820749321962,
          23.26034236872193,
          19.186764450440243
        ]
      },
      "tg_req_throughput": {
        "mean": 29.34876420055789,
        "std": 7.024610099718296,
        "values": [
          34.59275212283843,
          23.961913407377047,
          19.828883972851358,
          26.6486380420047,
          22.748932397965653,
          41.15743322565051,
          37.40145662944463,
          21.156845873840798,
          25.79085957936726,
          17.867918624028004,
          29.097374768073266,
          26.61617152800945,
          36.42306299194072,
          35.79989777713278,
          42.522711374987345,
          40.53808211212928,
          29.04078690629495,
          20.954765695180562,
          24.407245810850256,
          24.43566456558046,
          29.061323879483712,
          34.54410030421983,
          31.64279491496006,
          33.30266848994173,
          30.010801735984995,
          38.75768662578781,
          23.866838348429255,
          35.83820749321962,
          23.26034236872193,
          19.186764450440243
        ]
      },
      "peak_throughput": {
        "mean": 43.3,
        "std": 7.7423080107506275,
        "values": [
          47.0,
          34.0,
          42.0,
          42.0,
          44.0,
          56.0,
          48.0,
          36.0,
          36.0,
          36.0,
          43.0,
          36.0,
          50.0,
          49.0,
          50.0,
          52.0,
          40.0,
          32.0,
          36.0,
          42.0,
          36.0,
          56.0,
          46.0,
          60.0,
          40.0,
          50.0,
          37.0,
          55.0,
          34.0,
          34.0
        ]
      },
      "peak_req_throughput": {
        "mean": 43.3,
        "std": 7.7423080107506275,
        "values": [
          47.0,
          34.0,
          42.0,
          42.0,
          44.0,
          56.0,
          48.0,
          36.0,
          36.0,
          36.0,
          43.0,
          36.0,
          50.0,
          49.0,
          50.0,
          52.0,
          40.0,
          32.0,
          36.0,
          42.0,
          36.0,
          56.0,
          46.0,
          60.0,
          40.0,
          50.0,
          37.0,
          55.0,
          34.0,
          34.0
        ]
      },
      "ttfr": {
        "mean": 9300.168939163752,
        "std": 255.50182532128778,
        "values": [
          9286.047732981388,
          9847.469922970049,
          9071.89668097999,
          9739.527003024705,
          9253.6723340163,
          9142.510395031422,
          9325.572031957563,
          9127.219606016297,
          9694.146698981058,
          9055.200740986038,
          9657.74632699322,
          9148.803657037206,
          9178.467533027288,
          9264.522849000059,
          9130.442783003673,
          9598.959812021349,
          9136.6076329723,
          9081.080188974738,
          9173.463726008777,
          9074.173366010655,
          9729.807266034186,
          9108.02867898019,
          9054.473916999996,
          9145.127677009441,
          9137.988848960958,
          9664.413649006747,
          9160.763622960076,
          9726.141137012746,
          9156.579067988787,
          9134.213287965395
        ]
      },
      "est_ppt": {
        "mean": 9297.67073081263,
        "std": 255.50182532128778,
        "values": [
          9283.549524630265,
          9844.971714618927,
          9069.398472628867,
          9737.028794673583,
          9251.174125665179,
          9140.0121866803,
          9323.07382360644,
          9124.721397665175,
          9691.648490629936,
          9052.702532634916,
          9655.248118642097,
          9146.305448686084,
          9175.969324676165,
          9262.024640648937,
          9127.94457465255,
          9596.461603670226,
          9134.109424621178,
          9078.581980623616,
          9170.965517657654,
          9071.675157659532,
          9727.309057683064,
          9105.530470629068,
          9051.975708648873,
          9142.629468658319,
          9135.490640609836,
          9661.915440655624,
          9158.265414608954,
          9723.642928661624,
          9154.080859637665,
          9131.715079614272
        ]
      },
      "e2e_ttft": {
        "mean": 9300.514302297961,
        "std": 255.56787642879837,