{
  "version": "0.3.7",
  "timestamp": "2026-05-14 05:59:03Z",
  "latency_mode": "api",
  "latency_ms": 1.8418530041041474,
  "model": "aeon-ultimate",
  "prefix_caching_enabled": false,
  "max_concurrency": 1,
  "benchmarks": [
    {
      "concurrency": 1,
      "context_size": 0,
      "prompt_size": 32768,
      "response_size": 128,
      "is_context_prefill_phase": false,
      "pp_throughput": {
        "mean": 1588.0998341999832,
        "std": 29.16773770920862,
        "values": [
          1612.5375583010964,
          1553.833440374281,
          1543.3374762736605,
          1536.7959149262263,
          1607.2186752880389,
          1605.633358634806,
          1545.528486830391,
          1608.9149099114327,
          1570.0314669574389,
          1610.5409669116978,
          1550.9492725434666,
          1612.6225100036104,
          1547.4788213134368,
          1610.3142051001512,
          1605.573797205307,
          1545.4914815562927,
          1545.5754295577055,
          1606.2804027528837,
          1610.9698772022737,
          1609.8312726814067,
          1537.6500245960372,
          1611.202859189365,
          1606.1166810285617,
          1608.3150003898215,
          1608.310298381629,
          1603.7673469016977,
          1599.7287794188753,
          1608.880429465627,
          1607.186409127191,
          1612.377873175085
        ]
      },
      "pp_req_throughput": {
        "mean": 1588.0998341999832,
        "std": 29.16773770920862,
        "values": [
          1612.5375583010964,
          1553.833440374281,
          1543.3374762736605,
          1536.7959149262263,
          1607.2186752880389,
          1605.633358634806,
          1545.528486830391,
          1608.9149099114327,
          1570.0314669574389,
          1610.5409669116978,
          1550.9492725434666,
          1612.6225100036104,
          1547.4788213134368,
          1610.3142051001512,
          1605.573797205307,
          1545.4914815562927,
          1545.5754295577055,
          1606.2804027528837,
          1610.9698772022737,
          1609.8312726814067,
          1537.6500245960372,
          1611.202859189365,
          1606.1166810285617,
          1608.3150003898215,
          1608.310298381629,
          1603.7673469016977,
          1599.7287794188753,
          1608.880429465627,
          1607.186409127191,
          1612.377873175085
        ]
      },
      "tg_throughput": {
        "mean": 25.37047780493589,
        "std": 4.974689691158806,
        "values": [
          28.594923904159845,
          24.48946064537183,
          18.605803184008998,
          25.968876700554436,
          21.216243252800087,
          26.810383070603564,
          19.040687931593826,
          21.437162432847227,
          30.669229605556286,
          31.722560754187104,
          26.765895605915762,
          33.04616461739966,
          30.697118986352432,
          26.74473105771913,
          19.909893665586836,
          24.467473549073404,
          21.937950653055147,
          20.898220535795183,
          24.858042739761046,
          23.121557690925936,
          26.805595636351242,
          20.901110357432593,
          20.426012810522757,
          17.122832302889893,
          26.839550499226668,
          28.593151048942815,
          33.05797025481719,
          29.584745885948355,
          37.35791920673955,
          19.42306556193803
        ]
      },
      "tg_req_throughput": {
        "mean": 25.37047780493589,
        "std": 4.974689691158806,
        "values": [
          28.594923904159845,
          24.48946064537183,
          18.605803184008998,
          25.968876700554436,
          21.216243252800087,
          26.810383070603564,
          19.040687931593826,
          21.437162432847227,
          30.669229605556286,
          31.722560754187104,
          26.765895605915762,
          33.04616461739966,
          30.697118986352432,
          26.74473105771913,
          19.909893665586836,
          24.467473549073404,
          21.937950653055147,
          20.898220535795183,
          24.858042739761046,
          23.121557690925936,
          26.805595636351242,
          20.901110357432593,
          20.426012810522757,
          17.122832302889893,
          26.839550499226668,
          28.593151048942815,
          33.05797025481719,
          29.584745885948355,
          37.35791920673955,
          19.42306556193803
        ]
      },
      "peak_throughput": {
        "mean": 41.56666666666667,
        "std": 7.710094393427071,
        "values": [
          41.0,
          34.0,
          34.0,
          49.0,
          36.0,
          45.0,
          34.0,
          35.0,
          38.0,
          58.0,
          45.0,
          48.0,
          47.0,
          45.0,
          34.0,
          45.0,
          37.0,
          35.0,
          48.0,
          34.0,
          46.0,
          36.0,
          35.0,
          34.0,
          40.0,
          49.0,
          64.0,
          40.0,
          49.0,
          32.0
        ]
      },
      "peak_req_throughput": {
        "mean": 41.56666666666667,
        "std": 7.710094393427071,
        "values": [
          41.0,
          34.0,
          34.0,
          49.0,
          36.0,
          45.0,
          34.0,
          35.0,
          38.0,
          58.0,
          45.0,
          48.0,
          47.0,
          45.0,
          34.0,
          45.0,
          37.0,
          35.0,
          48.0,
          34.0,
          46.0,
          36.0,
          35.0,
          34.0,
          40.0,
          49.0,
          64.0,
          40.0,
          49.0,
          32.0
        ]
      },
      "ttfr": {
        "mean": 20643.081662200468,
        "std": 384.54956067089387,
        "values": [
          20323.228992987424,
          21090.97479900811,
          21234.398247033823,
          21324.777241970878,
          20390.480004018173,
          20411.23346396489,
          21204.298022028524,
          20368.984825036023,
          20873.3980540419,
          20348.421463975683,
          21129.547691030893,
          20322.77858600719,
          21178.222135989927,
          20351.28663602518,
          20411.36775398627,
          21204.805693996605,
          21203.654054028448,
          20402.389567985665,
          20343.00431900192,
          20357.3912550346,
          21313.583455979824,
          20340.062960982323,
          20404.469126020558,
          20376.581871008966,
          20376.641437993385,
          20434.356621000916,
          20485.939170990605,
          20369.421319977846,
          20390.889329952188,
          20325.861764955334
        ]
      },
      "est_ppt": {
        "mean": 20641.23980919637,
        "std": 384.54956067089387,
        "values": [
          20321.38713998332,
          21089.132946004003,
          21232.556394029718,
          21322.935388966773,
          20388.638151014067,
          20409.391610960785,
          21202.45616902442,
          20367.142972031917,
          20871.556201037794,
          20346.579610971577,
          21127.705838026788,
          20320.936733003084,
          21176.38028298582,
          20349.444783021074,
          20409.525900982164,
          21202.9638409925,
          21201.812201024342,
          20400.54771498156,
          20341.162465997815,
          20355.549402030494,
          21311.74160297572,
          20338.221107978217,
          20402.627273016453,
          20374.74001800486,
          20374.79958498928,
          20432.51476799681,
          20484.0973179865,
          20367.57946697374,
          20389.047476948082,
          20324.01991195123
        ]
      },
      "e2e_ttft": {
        "mean": 20644.893874260983,
        "std": 384.5772966670367,