{
  "version": "0.3.7",
  "timestamp": "2026-04-28 03:53:13Z",
  "latency_mode": "api",
  "latency_ms": 1.2816699988131102,
  "model": "MiniMax-M2.7-UD-IQ4_XS",
  "prefix_caching_enabled": false,
  "max_concurrency": 1,
  "benchmarks": [
    {
      "concurrency": 1,
      "context_size": 0,
      "prompt_size": 128,
      "response_size": 128,
      "is_context_prefill_phase": false,
      "pp_throughput": {
        "mean": 93.97955901024714,
        "std": 4.8457135132776985,
        "values": [
          112.59530263718196,
          95.10256673405144,
          88.75362748356432,
          93.96811389147449,
          95.24692044453121,
          88.30790035367788,
          94.07306867181096,
          92.85508005143524,
          94.6249851126493,
          93.6332537673017,
          95.37087612274942,
          93.84710320556037,
          96.09565510067708,
          94.45168838115161,
          87.79827801565372,
          94.17692962623529,
          93.83527632592947,
          88.43865186054826,
          88.90674232882428,
          95.63060818455962,
          95.04504166130906,
          94.79262826456011
        ]
      },
      "pp_req_throughput": {
        "mean": 93.97955901024714,
        "std": 4.8457135132776985,
        "values": [
          112.59530263718196,
          95.10256673405144,
          88.75362748356432,
          93.96811389147449,
          95.24692044453121,
          88.30790035367788,
          94.07306867181096,
          92.85508005143524,
          94.6249851126493,
          93.6332537673017,
          95.37087612274942,
          93.84710320556037,
          96.09565510067708,
          94.45168838115161,
          87.79827801565372,
          94.17692962623529,
          93.83527632592947,
          88.43865186054826,
          88.90674232882428,
          95.63060818455962,
          95.04504166130906,
          94.79262826456011
        ]
      },
      "tg_throughput": {
        "mean": 16.74759977197893,
        "std": 9.02583591704043,
        "values": [
          25.19223548668342,
          2.217253458642981,
          24.36201360437993,
          24.102054519211183,
          24.51097303920752,
          16.657696152521577,
          6.632581574481073,
          23.6226797185538,
          2.2079630025239583,
          24.36328919567035,
          8.458048412494776,
          5.706532527818815,
          6.804595285901703,
          4.409092046396176,
          24.244862411793683,
          25.153822583727393,
          25.248291634943655,
          6.21186687369076,
          23.694037783656523,
          15.823570192210834,
          24.294170249495842,
          24.529565229530526
        ]
      },
      "tg_req_throughput": {
        "mean": 16.74759977197893,
        "std": 9.02583591704043,
        "values": [
          25.19223548668342,
          2.217253458642981,
          24.36201360437993,
          24.102054519211183,
          24.51097303920752,
          16.657696152521577,
          6.632581574481073,
          23.6226797185538,
          2.2079630025239583,
          24.36328919567035,
          8.458048412494776,
          5.706532527818815,
          6.804595285901703,
          4.409092046396176,
          24.244862411793683,
          25.153822583727393,
          25.248291634943655,
          6.21186687369076,
          23.694037783656523,
          15.823570192210834,
          24.294170249495842,
          24.529565229530526
        ]
      },
      "peak_throughput": {
        "mean": 25.956649041782324,
        "std": 1.1127959269268124,
        "values": [
          28.0,
          25.425833572324855,
          26.0,
          26.0,
          27.0,
          26.0,
          26.0,
          26.0,
          24.602049966662022,
          26.0,
          24.0,
          25.0,
          24.0,
          26.01839538022415,
          26.0,
          27.0,
          28.0,
          24.0,
          26.0,
          27.0,
          26.0,
          27.0
        ]
      },
      "peak_req_throughput": {
        "mean": 25.956649041782324,
        "std": 1.1127959269268124,
        "values": [
          28.0,
          25.425833572324855,
          26.0,
          26.0,
          27.0,
          26.0,
          26.0,
          26.0,
          24.602049966662022,
          26.0,
          24.0,
          25.0,
          24.0,
          26.01839538022415,
          26.0,
          27.0,
          28.0,
          24.0,
          26.0,
          27.0,
          26.0,
          27.0
        ]
      },
      "ttfr": {
        "mean": 968.1102266390966,
        "std": 28.527861641847725,
        "values": [
          951.5877439989708,
          947.6283679978224,
          1015.3247300040675,
          959.0533680020599,
          946.1941100016702,
          1020.4430320009124,
          957.9848080029478,
          970.5339710053522,
          952.4046730075497,
          962.4786420026794,
          944.9659859965323,
          960.2883620100329,
          937.8484680055408,
          954.1497610043734,
          1026.3587220106274,
          956.9297289999668,
          960.4092340014176,
          1018.9362600067398,
          1013.5783489968162,
          942.402946006041,
          948.2011349900858,
          950.7225880079204
        ]
      },
      "est_ppt": {
        "mean": 966.8285566402832,
        "std": 28.527861641847682,
        "values": [
          950.3060740001578,
          946.3466979990093,
          1014.0430600052543,
          957.7716980032468,
          944.9124400028571,
          1019.1613620020992,
          956.7031380041348,
          969.2523010065391,
          951.1230030087366,
          961.1969720038663,
          943.6843159977192,
          959.0066920112198,
          936.5667980067277,
          952.8680910055604,
          1025.0770520118142,
          955.6480590011537,
          959.1275640026046,
          1017.6545900079266,
          1012.296678998003,
          941.121276007228,
          946.9194649912728,
          949.4409180091073
        ]
      },
      "e2e_ttft": {
        "mean": 968.1102266390966,
        "std": 28.527861641847725,
        "values": [
          951.5877439989708,
          947.6283679978224,
          1015.3247300040675,
          959.0533680020599,
          946.1941100016702,
          1020.4430320009124,
          957.9848080029478,
          970.5339710053522,
          952.4046730075497,
          962.4786420026794,
          944.9659859965323,
          960.2883620100329,
          937.8484680055408,
          954.1497610043734,
          1026.3587220106274,
          956.9297289999668,
          960.4092340014176,
          1018.9362600067398,
          1013.5783489968162,
          942.402946006041,
          948.2011349900858,
          950.7225880079204
        ]
      },
      "throughput_over_time": null,
      "requests_throughput_over_time": null
    }
  ]
}