{
  "version": "0.3.6",
  "timestamp": "2026-04-27 11:17:52Z",
  "latency_mode": "api",
  "latency_ms": 1.3349306645977776,
  "model": "MiniMax-M2.7-UD-IQ4_XS",
  "prefix_caching_enabled": false,
  "max_concurrency": 1,
  "benchmarks": [
    {
      "concurrency": 1,
      "context_size": 0,
      "prompt_size": 128,
      "response_size": 128,
      "is_context_prefill_phase": false,
      "pp_throughput": {
        "mean": 113.05555566386059,
        "std": 5.774755767879576,
        "values": [
          96.10164978132259,
          100.92325973502979,
          108.00876659609304,
          109.86623640782,
          111.89334681559286,
          114.79873469413802,
          113.29921616390972,
          115.29685166702878,
          111.7558421072013,
          121.40524968499408,
          110.99228779184159,
          116.00328315221488,
          115.79407535848328,
          112.3176108944615,
          113.23469738442144,
          115.10315918750491,
          106.37048279023762,
          117.8176129344549,
          115.51367758263845,
          115.93560897789567,
          115.77633000113129,
          114.73283969577835,
          119.91137041453872,
          98.80541982210664,
          117.20777719905415,
          116.54501203325106,
          116.41311836984389,
          115.27599135972953,
          117.87890114573374,
          116.68826016736604
        ]
      },
      "pp_req_throughput": {
        "mean": 113.05555566386059,
        "std": 5.774755767879576,
        "values": [
          96.10164978132259,
          100.92325973502979,
          108.00876659609304,
          109.86623640782,
          111.89334681559286,
          114.79873469413802,
          113.29921616390972,
          115.29685166702878,
          111.7558421072013,
          121.40524968499408,
          110.99228779184159,
          116.00328315221488,
          115.79407535848328,
          112.3176108944615,
          113.23469738442144,
          115.10315918750491,
          106.37048279023762,
          117.8176129344549,
          115.51367758263845,
          115.93560897789567,
          115.77633000113129,
          114.73283969577835,
          119.91137041453872,
          98.80541982210664,
          117.20777719905415,
          116.54501203325106,
          116.41311836984389,
          115.27599135972953,
          117.87890114573374,
          116.68826016736604
        ]
      },
      "tg_throughput": {
        "mean": 30.965764932751863,
        "std": 3.941190991701611,
        "values": [
          29.996554864325176,
          31.489275529459455,
          28.720439716191528,
          31.75623176014429,
          27.601218017381154,
          42.56238798376544,
          27.008280974054685,
          25.943221925322682,
          26.842783477740085,
          28.579151777899966,
          30.336372643884353,
          37.24051753210803,
          33.90900630556268,
          32.34557117466786,
          32.68840490070074,
          30.981246903015887,
          26.01223895092515,
          31.15448396504881,
          29.293881236648165,
          35.03559823356953,
          31.85084620659734,
          32.53210227123767,
          37.47302765973416,
          26.09333059446391,
          25.045082134468554,
          30.041960664843018,
          32.05134888815837,
          30.689042379638835,
          36.56365847966855,
          27.13568083132974
        ]
      },
      "tg_req_throughput": {
        "mean": 30.965764932751863,
        "std": 3.941190991701611,
        "values": [
          29.996554864325176,
          31.489275529459455,
          28.720439716191528,
          31.75623176014429,
          27.601218017381154,
          42.56238798376544,
          27.008280974054685,
          25.943221925322682,
          26.842783477740085,
          28.579151777899966,
          30.336372643884353,
          37.24051753210803,
          33.90900630556268,
          32.34557117466786,
          32.68840490070074,
          30.981246903015887,
          26.01223895092515,
          31.15448396504881,
          29.293881236648165,
          35.03559823356953,
          31.85084620659734,
          32.53210227123767,
          37.47302765973416,
          26.09333059446391,
          25.045082134468554,
          30.041960664843018,
          32.05134888815837,
          30.689042379638835,
          36.56365847966855,
          27.13568083132974
        ]
      },
      "peak_throughput": {
        "mean": 49.6,
        "std": 11.083320801997928,
        "values": [
          43.0,
          49.0,
          38.0,
          47.0,
          44.0,
          87.0,
          42.0,
          37.0,
          40.0,
          47.0,
          43.0,
          63.0,
          51.0,
          59.0,
          52.0,
          51.0,
          45.0,
          48.0,
          43.0,
          63.0,
          52.0,
          53.0,
          66.0,
          27.0,
          38.0,
          51.0,
          48.0,
          50.0,
          65.0,
          46.0
        ]
      },
      "peak_req_throughput": {
        "mean": 49.6,
        "std": 11.083320801997928,
        "values": [
          43.0,
          49.0,
          38.0,
          47.0,
          44.0,
          87.0,
          42.0,
          37.0,
          40.0,
          47.0,
          43.0,
          63.0,
          51.0,
          59.0,
          52.0,
          51.0,
          45.0,
          48.0,
          43.0,
          63.0,
          52.0,
          53.0,
          66.0,
          27.0,
          38.0,
          51.0,
          48.0,
          50.0,
          65.0,
          46.0
        ]
      },
      "ttfr": {
        "mean": 799.6670986335326,
        "std": 44.40490723203448,
        "values": [
          937.843307001458,
          893.1016080023255,
          834.600625999883,
          820.5128960034926,
          805.6722979999904,
          785.3156970013515,
          795.6917060000706,
          781.9286650010326,
          806.6619570017792,
          742.6537800020014,
          812.2020800001337,
          777.1750409992819,
          778.5767690002103,
          802.6340260003053,
          796.1443139975017,
          783.2422270003008,
          847.434314997372,
          765.2275079999526,
          780.4634449967125,
          777.6279159988917,
          778.695899000013,
          785.7659639994381,
          751.8892750013038,
          912.216136999632,
          769.2020650029008,
          773.5687519998464,
          774.4436770008178,
          782.0699209987652,
          764.830340998742,
          772.6207470004738
        ]
      },
      "est_ppt": {
        "mean": 798.3321679689349,
        "std": 44.40490723203448,
        "values": [
          936.5083763368602,
          891.7666773377277,
          833.2656953352853,
          819.1779653388949,
          804.3373673353926,
          783.9807663367537,
          794.3567753354728,
          780.5937343364349,
          805.3270263371815,
          741.3188493374037,
          810.8671493355359,
          775.8401103346841,
          777.2418383356126,
          801.2990953357075,
          794.809383332904,
          781.907296335703,
          846.0993843327742,
          763.8925773353549,
          779.1285143321147,
          776.2929853342939,
          777.3609683354152,
          784.4310333348403,
          750.554344336706,
          910.8812063350342,
          767.867134338303,
          772.2338213352486,
          773.1087463362201,
          780.7349903341674,
          763.4954103341443,
          771.285816335876
        ]
      },
      "e2e_ttft": {
        "mean": 799.7051731669974,
        "std": 44.40611394238626,