{
  "version": "0.3.6",
  "timestamp": "2026-04-27 06:26:55Z",
  "latency_mode": "api",
  "latency_ms": 1.8942813333827264,
  "model": "MiniMax-M2.7-UD-IQ4_XS",
  "prefix_caching_enabled": false,
  "max_concurrency": 1,
  "benchmarks": [
    {
      "concurrency": 1,
      "context_size": 0,
      "prompt_size": 128,
      "response_size": 128,
      "is_context_prefill_phase": false,
      "pp_throughput": {
        "mean": 114.3197653082336,
        "std": 5.776583578284203,
        "values": [
          96.1944073410252,
          102.1381427823455,
          99.35592459326502,
          110.62101009760516,
          111.28093039033354,
          113.08818256945071,
          117.33782049383174,
          116.22180580221438,
          112.70797034357983,
          119.52383002283831,
          113.48684805748609,
          116.64555115061388,
          117.54214060637416,
          115.22982145318885,
          118.00969603763048,
          114.69898402250367,
          113.83503686957741,
          118.02222034945417,
          114.74281049662387,
          119.20711443500431,
          120.08309499336207,
          111.71420206989909,
          116.25314311363996,
          118.88116502651823,
          120.10974464737102,
          117.84374624910852,
          116.36459538972686,
          116.29953102210528,
          117.83372351209746
        ]
      },
      "pp_req_throughput": {
        "mean": 114.3197653082336,
        "std": 5.776583578284203,
        "values": [
          96.1944073410252,
          102.1381427823455,
          99.35592459326502,
          110.62101009760516,
          111.28093039033354,
          113.08818256945071,
          117.33782049383174,
          116.22180580221438,
          112.70797034357983,
          119.52383002283831,
          113.48684805748609,
          116.64555115061388,
          117.54214060637416,
          115.22982145318885,
          118.00969603763048,
          114.69898402250367,
          113.83503686957741,
          118.02222034945417,
          114.74281049662387,
          119.20711443500431,
          120.08309499336207,
          111.71420206989909,
          116.25314311363996,
          118.88116502651823,
          120.10974464737102,
          117.84374624910852,
          116.36459538972686,
          116.29953102210528,
          117.83372351209746
        ]
      },
      "tg_throughput": {
        "mean": 24.752699419363918,
        "std": 0.4159614935353638,
        "values": [
          24.16897040403265,
          25.23665664330878,
          24.328263495277923,
          25.780147928136714,
          25.26632357732192,
          24.715955723031367,
          24.63816290022517,
          24.192119415057903,
          24.388048168219285,
          24.483842951456136,
          25.588428789676186,
          24.034579507133266,
          24.632817887354193,
          24.304666422927074,
          24.649303317288105,
          25.041111163011,
          25.007554978028434,
          25.133090785781807,
          24.56061456090628,
          24.81854217845154,
          24.550046625573085,
          24.88285524045862,
          24.607278794870066,
          24.8103910948696,
          24.836462354627855,
          24.412966978536865,
          24.447003868763222,
          25.080439618086388,
          25.231637789142194
        ]
      },
      "tg_req_throughput": {
        "mean": 24.752699419363918,
        "std": 0.4159614935353638,
        "values": [
          24.16897040403265,
          25.23665664330878,
          24.328263495277923,
          25.780147928136714,
          25.26632357732192,
          24.715955723031367,
          24.63816290022517,
          24.192119415057903,
          24.388048168219285,
          24.483842951456136,
          25.588428789676186,
          24.034579507133266,
          24.632817887354193,
          24.304666422927074,
          24.649303317288105,
          25.041111163011,
          25.007554978028434,
          25.133090785781807,
          24.56061456090628,
          24.81854217845154,
          24.550046625573085,
          24.88285524045862,
          24.607278794870066,
          24.8103910948696,
          24.836462354627855,
          24.412966978536865,
          24.447003868763222,
          25.080439618086388,
          25.231637789142194
        ]
      },
      "peak_throughput": {
        "mean": 26.79310344827586,
        "std": 0.8460582169920894,
        "values": [
          28.0,
          27.0,
          27.0,
          28.0,
          28.0,
          27.0,
          26.0,
          26.0,
          26.0,
          26.0,
          28.0,
          25.0,
          26.0,
          26.0,
          27.0,
          28.0,
          27.0,
          27.0,
          27.0,
          27.0,
          26.0,
          27.0,
          27.0,
          26.0,
          26.0,
          26.0,
          26.0,
          28.0,
          28.0
        ]
      },
      "peak_req_throughput": {
        "mean": 26.79310344827586,
        "std": 0.8460582169920894,
        "values": [
          28.0,
          27.0,
          27.0,
          28.0,
          28.0,
          27.0,
          26.0,
          26.0,
          26.0,
          26.0,
          28.0,
          25.0,
          26.0,
          26.0,
          27.0,
          28.0,
          27.0,
          27.0,
          27.0,
          27.0,
          26.0,
          27.0,
          27.0,
          26.0,
          26.0,
          26.0,
          26.0,
          28.0,
          28.0
        ]
      },
      "ttfr": {
        "mean": 791.3891729999705,
        "std": 44.207721632356666,
        "values": [
          937.4996090000423,
          883.0538319998595,
          907.7285369999117,
          815.482946999964,
          810.6581880001613,
          797.7334039997004,
          768.9104030000635,
          776.2756409997564,
          800.4181100000096,
          754.8822000003383,
          794.9377180002557,
          773.4624989998338,
          767.5771210001585,
          782.942094000191,
          764.5434790001673,
          786.5568549996169,
          792.5120249997235,
          764.4625479997558,
          786.2571499999831,
          756.882776999646,
          751.3752969998677,
          807.5214830000732,
          776.0668979999537,
          758.9528109997445,
          751.2090039999748,
          765.6174560002,
          775.3254069998547,
          775.7581070000015,
          765.6824170003347
        ]
      },
      "est_ppt": {
        "mean": 789.4948916665879,
        "std": 44.207721632356666,
        "values": [
          935.6053276666595,
          881.1595506664768,
          905.834255666529,
          813.5886656665813,
          808.7639066667786,
          795.8391226663176,
          767.0161216666808,
          774.3813596663737,
          798.5238286666269,
          752.9879186669556,
          793.0434366668729,
          771.568217666451,
          765.6828396667757,
          781.0478126668082,
          762.6491976667845,
          784.6625736662342,
          790.6177436663407,
          762.568266666373,
          784.3628686666003,
          754.9884956662632,
          749.481015666485,
          805.6272016666904,
          774.1726166665709,
          757.0585296663618,
          749.314722666592,
          763.7231746668173,
          773.431125666472,
          773.8638256666187,
          763.7881356669519
        ]
      },
      "e2e_ttft": {
        "mean": 791.4240643792317,
        "std": 44.21229747177253,