{
  "version": "0.3.7",
  "timestamp": "2026-04-28 03:50:50Z",
  "latency_mode": "api",
  "latency_ms": 1.3378143339650705,
  "model": "MiniMax-M2.7-UD-IQ4_XS",
  "prefix_caching_enabled": false,
  "max_concurrency": 1,
  "benchmarks": [
    {
      "concurrency": 1,
      "context_size": 0,
      "prompt_size": 128,
      "response_size": 128,
      "is_context_prefill_phase": false,
      "pp_throughput": {
        "mean": 85.3549685106125,
        "std": 2.0328046343945387,
        "values": [
          79.22570704733216,
          81.57984085013588,
          84.59241485196269,
          84.0872752075604,
          83.59832441125948,
          84.89986534697286,
          85.97418997492679,
          87.15567332302903,
          85.36519858245995,
          86.98190964403403,
          83.87619187774133,
          85.84204543902096,
          85.10927478921234,
          84.60399098558585,
          85.86767403034233,
          88.32498574462642,
          85.64948195675487,
          87.37614328852975,
          86.04871489159724,
          87.5318351139517,
          87.02024631607644,
          87.09832356036225
        ]
      },
      "pp_req_throughput": {
        "mean": 85.3549685106125,
        "std": 2.0328046343945387,
        "values": [
          79.22570704733216,
          81.57984085013588,
          84.59241485196269,
          84.0872752075604,
          83.59832441125948,
          84.89986534697286,
          85.97418997492679,
          87.15567332302903,
          85.36519858245995,
          86.98190964403403,
          83.87619187774133,
          85.84204543902096,
          85.10927478921234,
          84.60399098558585,
          85.86767403034233,
          88.32498574462642,
          85.64948195675487,
          87.37614328852975,
          86.04871489159724,
          87.5318351139517,
          87.02024631607644,
          87.09832356036225
        ]
      },
      "tg_throughput": {
        "mean": 17.459746420203473,
        "std": 8.928523534104272,
        "values": [
          24.133971499496624,
          17.82756777003862,
          24.80861730768713,
          1.0934902354434357,
          23.113149128142755,
          4.0105658481309785,
          5.598846638467233,
          24.18996671423624,
          12.111621612270378,
          24.0952133790593,
          23.976643845543773,
          23.999651660335537,
          5.124062486974191,
          24.14021249896756,
          24.13974675218509,
          24.701286351540766,
          25.02141295351762,
          7.982326189362784,
          0.9120151919501525,
          25.06564276233935,
          13.882445280347161,
          24.185965138439837
        ]
      },
      "tg_req_throughput": {
        "mean": 17.459746420203473,
        "std": 8.928523534104272,
        "values": [
          24.133971499496624,
          17.82756777003862,
          24.80861730768713,
          1.0934902354434357,
          23.113149128142755,
          4.0105658481309785,
          5.598846638467233,
          24.18996671423624,
          12.111621612270378,
          24.0952133790593,
          23.976643845543773,
          23.999651660335537,
          5.124062486974191,
          24.14021249896756,
          24.13974675218509,
          24.701286351540766,
          25.02141295351762,
          7.982326189362784,
          0.9120151919501525,
          25.06564276233935,
          13.882445280347161,
          24.185965138439837
        ]
      },
      "peak_throughput": {
        "mean": 26.32856894764815,
        "std": 1.4419489681525632,
        "values": [
          26.0,
          25.0,
          27.0,
          26.103998021665685,
          25.0,
          24.197747205304175,
          24.0,
          28.0,
          27.0,
          26.0,
          28.0,
          26.0,
          24.0,
          26.0,
          28.0,
          27.0,
          29.0,
          26.0,
          26.92677162128949,
          29.0,
          25.0,
          26.0
        ]
      },
      "peak_req_throughput": {
        "mean": 26.32856894764815,
        "std": 1.4419489681525632,
        "values": [
          26.0,
          25.0,
          27.0,
          26.103998021665685,
          25.0,
          24.197747205304175,
          24.0,
          28.0,
          27.0,
          26.0,
          28.0,
          26.0,
          24.0,
          26.0,
          28.0,
          27.0,
          29.0,
          26.0,
          26.92677162128949,
          29.0,
          25.0,
          26.0
        ]
      },
      "ttfr": {
        "mean": 1056.3754885006347,
        "std": 25.94535764103166,
        "values": [
          1137.3327250039438,
          1104.551537995576,
          1065.2629919932224,
          1071.6543369926512,
          1077.9144160042051,
          1061.410167007125,
          1048.1636120093754,
          1033.9728289982304,
          1055.6316190049984,
          1036.0357229947113,
          1074.3479020020459,
          1049.7750869981246,
          1058.801883002161,
          1065.1174180093221,
          1049.4621639954858,
          1020.3020320041105,
          1052.1322610002244,
          1031.3672550109914,
          1047.2569789999397,
          1029.5351539971307,
          1035.5798879900249,
          1034.652766000363
        ]
      },
      "est_ppt": {
        "mean": 1055.0376741666696,
        "std": 25.94535764103166,
        "values": [
          1135.9949106699787,
          1103.2137236616109,
          1063.9251776592573,
          1070.3165226586862,
          1076.57660167024,
          1060.07235267316,
          1046.8257976754103,
          1032.6350146642653,
          1054.2938046710333,
          1034.6979086607462,
          1073.0100876680808,
          1048.4372726641595,
          1057.464068668196,
          1063.779603675357,
          1048.1243496615207,
          1018.9642176701454,
          1050.7944466662593,
          1030.0294406770263,
          1045.9191646659747,
          1028.1973396631656,
          1034.2420736560598,
          1033.314951666398
        ]
      },
      "e2e_ttft": {
        "mean": 1056.3754885006347,
        "std": 25.94535764103166,
        "values": [
          1137.3327250039438,
          1104.551537995576,
          1065.2629919932224,
          1071.6543369926512,
          1077.9144160042051,
          1061.410167007125,
          1048.1636120093754,
          1033.9728289982304,
          1055.6316190049984,
          1036.0357229947113,
          1074.3479020020459,
          1049.7750869981246,
          1058.801883002161,
          1065.1174180093221,
          1049.4621639954858,
          1020.3020320041105,
          1052.1322610002244,
          1031.3672550109914,
          1047.2569789999397,
          1029.5351539971307,
          1035.5798879900249,
          1034.652766000363
        ]
      },
      "throughput_over_time": null,
      "requests_throughput_over_time": null
    }
  ]
}