{
  "version": "0.3.7",
  "timestamp": "2026-05-16 07:08:27Z",
  "latency_mode": "none",
  "latency_ms": 0.0,
  "model": "aeon-ultimate",
  "prefix_caching_enabled": false,
  "max_concurrency": 1,
  "benchmarks": [
    {
      "concurrency": 1,
      "context_size": 0,
      "prompt_size": 2048,
      "response_size": 128,
      "is_context_prefill_phase": false,
      "pp_throughput": {
        "mean": 2671.951814002558,
        "std": 32.24756373348468,
        "values": [
          2593.931412833057,
          2644.448017743792,
          2617.706939760089,
          2645.3353435526897,
          2650.534276597473,
          2621.300946278846,
          2698.415358941978,
          2646.9236689538807,
          2658.6991425523147,
          2629.430803610684,
          2690.281314084785,
          2690.0613554043366,
          2651.6554922995065,
          2672.1706358396127,
          2689.38074824974,
          2676.602537604672,
          2693.9839428257674,
          2684.6813372783126,
          2657.3331150905897,
          2679.6844129759543,
          2655.0037556787033,
          2705.1200018941886,
          2696.6180505369794,
          2669.3429896280722,
          2698.79671659891,
          2736.0663123918853,
          2736.9651163918707,
          2684.4418699561993,
          2687.36933220653,
          2696.269472315314
        ]
      },
      "pp_req_throughput": {
        "mean": 2671.951814002558,
        "std": 32.24756373348468,
        "values": [
          2593.931412833057,
          2644.448017743792,
          2617.706939760089,
          2645.3353435526897,
          2650.534276597473,
          2621.300946278846,
          2698.415358941978,
          2646.9236689538807,
          2658.6991425523147,
          2629.430803610684,
          2690.281314084785,
          2690.0613554043366,
          2651.6554922995065,
          2672.1706358396127,
          2689.38074824974,
          2676.602537604672,
          2693.9839428257674,
          2684.6813372783126,
          2657.3331150905897,
          2679.6844129759543,
          2655.0037556787033,
          2705.1200018941886,
          2696.6180505369794,
          2669.3429896280722,
          2698.79671659891,
          2736.0663123918853,
          2736.9651163918707,
          2684.4418699561993,
          2687.36933220653,
          2696.269472315314
        ]
      },
      "tg_throughput": {
        "mean": 12.035999811603169,
        "std": 0.008441701416369669,
        "values": [
          12.027767352520419,
          12.028645053258082,
          12.011323344662758,
          12.02587322270578,
          12.048459579101111,
          12.033246669377185,
          12.02988877892999,
          12.027230071271743,
          12.04423961876129,
          12.053285277830598,
          12.035729435904411,
          12.034414216210582,
          12.047214617435396,
          12.041874015590828,
          12.035302294391027,
          12.038061253906118,
          12.032180899292797,
          12.03683466728796,
          12.046131567220778,
          12.039250553454425,
          12.04346868884925,
          12.0308335292037,
          12.028751019520685,
          12.043338756044614,
          12.02973837640923,
          12.0431038062879,
          12.043723414041809,
          12.034764865454358,
          12.033804576184512,
          12.031514826985646
        ]
      },
      "tg_req_throughput": {
        "mean": 12.035999811603169,
        "std": 0.008441701416369669,
        "values": [
          12.027767352520419,
          12.028645053258082,
          12.011323344662758,
          12.02587322270578,
          12.048459579101111,
          12.033246669377185,
          12.02988877892999,
          12.027230071271743,
          12.04423961876129,
          12.053285277830598,
          12.035729435904411,
          12.034414216210582,
          12.047214617435396,
          12.041874015590828,
          12.035302294391027,
          12.038061253906118,
          12.032180899292797,
          12.03683466728796,
          12.046131567220778,
          12.039250553454425,
          12.04346868884925,
          12.0308335292037,
          12.028751019520685,
          12.043338756044614,
          12.02973837640923,
          12.0431038062879,
          12.043723414041809,
          12.034764865454358,
          12.033804576184512,
          12.031514826985646
        ]
      },
      "peak_throughput": {
        "mean": 13.0,
        "std": 0.0,
        "values": [
          13.0,
          13.0,
          13.0,
          13.0,
          13.0,
          13.0,
          13.0,
          13.0,
          13.0,
          13.0,
          13.0,
          13.0,
          13.0,
          13.0,
          13.0,
          13.0,
          13.0,
          13.0,
          13.0,
          13.0,
          13.0,
          13.0,
          13.0,
          13.0,
          13.0,
          13.0,
          13.0,
          13.0,
          13.0,
          13.0
        ]
      },
      "peak_req_throughput": {
        "mean": 13.0,
        "std": 0.0,
        "values": [
          13.0,
          13.0,
          13.0,
          13.0,
          13.0,
          13.0,
          13.0,
          13.0,
          13.0,
          13.0,
          13.0,
          13.0,
          13.0,
          13.0,
          13.0,
          13.0,
          13.0,
          13.0,
          13.0,
          13.0,
          13.0,
          13.0,
          13.0,
          13.0,
          13.0,
          13.0,
          13.0,
          13.0,
          13.0,
          13.0
        ]
      },
      "ttfr": {
        "mean": 770.9358523716219,
        "std": 9.412038533159436,
        "values": [
          794.1613220027648,
          778.9905440295115,
          786.9482900132425,
          778.3512230380438,
          777.201795950532,
          785.4878330253996,
          763.4110120125115,
          778.261959028896,
          774.8150089755654,
          783.0592070240527,
          765.3474709950387,
          765.7817900180817,
          776.8731669639237,
          770.9088530391455,
          765.9755880013108,
          769.6323869749904,
          764.6667700028047,
          767.316392972134,
          775.2133100293577,
          768.3740630163811,
          775.8934410521761,
          761.5188969648443,
          763.9198289834894,
          771.3508559972979,
          763.3031370351091,
          752.1747520077042,
          751.9277420360595,
          767.0123249990866,
          766.5488979546353,
          763.6477070045657
        ]
      },
      "est_ppt": {
        "mean": 770.9358523716219,
        "std": 9.412038533159436,
        "values": [
          794.1613220027648,
          778.9905440295115,
          786.9482900132425,
          778.3512230380438,
          777.201795950532,
          785.4878330253996,
          763.4110120125115,
          778.261959028896,
          774.8150089755654,
          783.0592070240527,
          765.3474709950387,
          765.7817900180817,
          776.8731669639237,
          770.9088530391455,
          765.9755880013108,
          769.6323869749904,
          764.6667700028047,
          767.316392972134,
          775.2133100293577,
          768.3740630163811,
          775.8934410521761,
          761.5188969648443,
          763.9198289834894,
          771.3508559972979,
          763.3031370351091,
          752.1747520077042,
          751.9277420360595,
          767.0123249990866,
          766.5488979546353,
          763.6477070045657
        ]
      },
      "e2e_ttft": {
        "mean": 770.9358523716219,
        "std": 9.412038533159436,