{
  "version": "0.3.6",
  "timestamp": "2026-05-22 18:52:07Z",
  "latency_mode": "none",
  "latency_ms": 0.0,
  "model": "Qwen3.6-27B-NVFP4-unsloth",
  "prefix_caching_enabled": false,
  "max_concurrency": 1,
  "benchmarks": [
    {
      "concurrency": 1,
      "context_size": 0,
      "prompt_size": 2048,
      "response_size": 128,
      "is_context_prefill_phase": false,
      "pp_throughput": {
        "mean": 265606.5544797995,
        "std": 52423.307171770866,
        "values": [
          204376.9190059447,
          332422.2493752007,
          260020.49505825317
        ]
      },
      "pp_req_throughput": {
        "mean": 265606.5544797995,
        "std": 52423.307171770866,
        "values": [
          204376.9190059447,
          332422.2493752007,
          260020.49505825317
        ]
      },
      "tg_throughput": {
        "mean": 13.888752201556992,
        "std": 0.059574328730884786,
        "values": [
          13.949277106553444,
          13.807733440367322,
          13.90924605775021
        ]
      },
      "tg_req_throughput": {
        "mean": 13.888752201556992,
        "std": 0.059574328730884786,
        "values": [
          13.949277106553444,
          13.807733440367322,
          13.90924605775021
        ]
      },
      "peak_throughput": {
        "mean": 33.333333333333336,
        "std": 0.4714045207910317,
        "values": [
          34.0,
          33.0,
          33.0
        ]
      },
      "peak_req_throughput": {
        "mean": 33.333333333333336,
        "std": 0.4714045207910317,
        "values": [
          34.0,
          33.0,
          33.0
        ]
      },
      "ttfr": {
        "mean": 7.297544352089365,
        "std": 1.2866794748767347,
        "values": [
          8.914901001844555,
          5.766762013081461,
          7.21097004134208
        ]
      },
      "est_ppt": {
        "mean": 7.297544352089365,
        "std": 1.2866794748767347,
        "values": [
          8.914901001844555,
          5.766762013081461,
          7.21097004134208
        ]
      },
      "e2e_ttft": {
        "mean": 12268.910053690584,
        "std": 206.38750711377583,
        "values": [
          11977.642869984265,
          12430.861593049485,
          12398.225698038004
        ]
      },
      "throughput_over_time": null,
      "requests_throughput_over_time": null
    }
  ]
}