{
  "version": "0.3.6",
  "timestamp": "2026-05-22 18:53:47Z",
  "latency_mode": "none",
  "latency_ms": 0.0,
  "model": "Qwen3.6-27B-NVFP4-unsloth",
  "prefix_caching_enabled": false,
  "max_concurrency": 1,
  "benchmarks": [
    {
      "concurrency": 1,
      "context_size": 0,
      "prompt_size": 2048,
      "response_size": 128,
      "is_context_prefill_phase": false,
      "pp_throughput": {
        "mean": 237759.57811636676,
        "std": 104996.49408112501,
        "values": [
          89642.64919990671,
          302739.10099207633,
          320896.9841571172
        ]
      },
      "pp_req_throughput": {
        "mean": 237759.57811636676,
        "std": 104996.49408112501,
        "values": [
          89642.64919990671,
          302739.10099207633,
          320896.9841571172
        ]
      },
      "tg_throughput": {
        "mean": 36.35064007225849,
        "std": 5.541999642303249,
        "values": [
          40.215543279202286,
          28.513314850016194,
          40.323062087557005
        ]
      },
      "tg_req_throughput": {
        "mean": 36.35064007225849,
        "std": 5.541999642303249,
        "values": [
          40.215543279202286,
          28.513314850016194,
          40.323062087557005
        ]
      },
      "peak_throughput": {
        "mean": 127.66666666666667,
        "std": 51.84806864505391,
        "values": [
          128.0,
          64.0,
          191.0
        ]
      },
      "peak_req_throughput": {
        "mean": 127.66666666666667,
        "std": 51.84806864505391,
        "values": [
          128.0,
          64.0,
          191.0
        ]
      },
      "ttfr": {
        "mean": 11.292883000957469,
        "std": 7.611239798971548,
        "values": [
          22.043079021386802,
          6.388338981196284,
          5.447231000289321
        ]
      },
      "est_ppt": {
        "mean": 11.292883000957469,
        "std": 7.611239798971548,
        "values": [
          22.043079021386802,
          6.388338981196284,
          5.447231000289321
        ]
      },
      "e2e_ttft": {
        "mean": 5164.682971682244,
        "std": 262.43388485157504,
        "values": [
          5384.56902501639,
          5313.670261006337,
          4795.809629024006
        ]
      },
      "throughput_over_time": null,
      "requests_throughput_over_time": null
    }
  ]
}