{
  "version": "0.3.7",
  "timestamp": "2026-05-10 18:03:56Z",
  "latency_mode": "api",
  "latency_ms": 2.2546243271790445,
  "model": "qwen36-27b",
  "prefix_caching_enabled": false,
  "max_concurrency": 1,
  "benchmarks": [
    {
      "concurrency": 1,
      "context_size": 0,
      "prompt_size": 131072,
      "response_size": 128,
      "is_context_prefill_phase": false,
      "pp_throughput": {
        "mean": 1468.124455131486,
        "std": 3.8394734862373645,
        "values": [
          1473.5486183839778,
          1465.6272565781408,
          1465.19749043234
        ]
      },
      "pp_req_throughput": {
        "mean": 1468.124455131486,
        "std": 3.8394734862373645,
        "values": [
          1473.5486183839778,
          1465.6272565781408,
          1465.19749043234
        ]
      },
      "tg_throughput": {
        "mean": 13.75700469530661,
        "std": 0.4111890743327362,
        "values": [
          13.336116989088275,
          14.31494651436899,
          13.619950582462561
        ]
      },
      "tg_req_throughput": {
        "mean": 13.75700469530661,
        "std": 0.4111890743327362,
        "values": [
          13.336116989088275,
          14.31494651436899,
          13.619950582462561
        ]
      },
      "peak_throughput": {
        "mean": 30.333333333333332,
        "std": 2.6246692913372702,
        "values": [
          29.0,
          28.0,
          34.0
        ]
      },
      "peak_req_throughput": {
        "mean": 30.333333333333332,
        "std": 2.6246692913372702,
        "values": [
          29.0,
          28.0,
          34.0
        ]
      },
      "ttfr": {
        "mean": 89282.07989299942,
        "std": 233.059776458306,
        "values": [
          88952.83173100324,
          89433.5881449806,
          89459.8198030144
        ]
      },
      "est_ppt": {
        "mean": 89279.82526867224,
        "std": 233.059776458306,
        "values": [
          88950.57710667606,
          89431.33352065342,
          89457.56517868722
        ]
      },
      "e2e_ttft": {
        "mean": 89285.80852167215,
        "std": 235.53025447135352,
        "values": [
          88952.83173100324,
          89444.77403099881,
          89459.8198030144
        ]
      },
      "throughput_over_time": null,
      "requests_throughput_over_time": null
    }
  ]
}