{
  "version": "0.3.7",
  "timestamp": "2026-05-10 10:01:04Z",
  "latency_mode": "api",
  "latency_ms": 1.64153499645181,
  "model": "qwen36-27b",
  "prefix_caching_enabled": false,
  "max_concurrency": 1,
  "benchmarks": [
    {
      "concurrency": 1,
      "context_size": 0,
      "prompt_size": 32768,
      "response_size": 128,
      "is_context_prefill_phase": false,
      "pp_throughput": {
        "mean": 2316.0057847876137,
        "std": 2.7178804209767113,
        "values": [
          2316.0161737818203,
          2315.9614727661483,
          2315.9724990540853,
          2313.718285895109,
          2312.7869162221364,
          2313.6093768315723,
          2318.4267007071653,
          2319.5142973615666,
          2317.819477813228,
          2319.976416087414,
          2315.5314875460385,
          2316.0118972437936,
          2320.395475877983,
          2318.306335763363,
          2316.0734546658355,
          2314.5746037271865,
          2314.509982008989,
          2317.527009691359,
          2308.0668284669423,
          2311.7897898889573,
          2315.067833976679,
          2316.915445060734,
          2317.3700878688064,
          2318.412031914625,
          2318.536381175421,
          2316.7630755939254,
          2317.4992155508594,
          2318.291003141166,
          2312.8886266288614,
          2311.8413613166376
        ]
      },
      "pp_req_throughput": {
        "mean": 2316.0057847876137,
        "std": 2.7178804209767113,
        "values": [
          2316.0161737818203,
          2315.9614727661483,
          2315.9724990540853,
          2313.718285895109,
          2312.7869162221364,
          2313.6093768315723,
          2318.4267007071653,
          2319.5142973615666,
          2317.819477813228,
          2319.976416087414,
          2315.5314875460385,
          2316.0118972437936,
          2320.395475877983,
          2318.306335763363,
          2316.0734546658355,
          2314.5746037271865,
          2314.509982008989,
          2317.527009691359,
          2308.0668284669423,
          2311.7897898889573,
          2315.067833976679,
          2316.915445060734,
          2317.3700878688064,
          2318.412031914625,
          2318.536381175421,
          2316.7630755939254,
          2317.4992155508594,
          2318.291003141166,
          2312.8886266288614,
          2311.8413613166376
        ]
      },
      "tg_throughput": {
        "mean": 23.865088807816356,
        "std": 3.4333936507393754,
        "values": [
          18.48294852335332,
          23.71783736021052,
          26.910164412289298,
          27.828671097393507,
          23.121563478910687,
          24.534971164481153,
          22.55301256526475,
          23.16674417270411,
          20.85550370192513,
          29.618417418392003,
          23.835383431007962,
          23.209578585989775,
          29.83998953620918,
          15.987868304830096,
          23.198569217658306,
          26.10566459532077,
          18.495325789872464,
          21.38375636469646,
          25.98260173104734,
          31.915975896871295,
          22.4058718350923,
          23.70637074603907,
          24.442965736539918,
          25.18986521744544,
          25.192446507265196,
          26.72084057453106,
          21.838302570287432,
          20.32009811516989,
          25.22524100348544,
          20.166114580206862
        ]
      },
      "tg_req_throughput": {
        "mean": 23.865088807816356,
        "std": 3.4333936507393754,
        "values": [
          18.48294852335332,
          23.71783736021052,
          26.910164412289298,
          27.828671097393507,
          23.121563478910687,
          24.534971164481153,
          22.55301256526475,
          23.16674417270411,
          20.85550370192513,
          29.618417418392003,
          23.835383431007962,
          23.209578585989775,
          29.83998953620918,
          15.987868304830096,
          23.198569217658306,
          26.10566459532077,
          18.495325789872464,
          21.38375636469646,
          25.98260173104734,
          31.915975896871295,
          22.4058718350923,
          23.70637074603907,
          24.442965736539918,
          25.18986521744544,
          25.192446507265196,
          26.72084057453106,
          21.838302570287432,
          20.32009811516989,
          25.22524100348544,
          20.166114580206862
        ]
      },
      "peak_throughput": {
        "mean": 39.766666666666666,
        "std": 6.515025368757635,
        "values": [
          32.0,
          36.0,
          45.0,
          45.0,
          35.0,
          47.0,
          47.0,
          35.0,
          37.0,
          52.0,
          37.0,
          33.0,
          45.0,
          26.0,
          36.0,
          46.0,
          34.0,
          43.0,
          44.0,
          46.0,
          36.0,
          45.0,
          40.0,
          45.0,
          37.0,
          43.0,
          33.0,
          31.0,
          51.0,
          31.0
        ]
      },
      "peak_req_throughput": {
        "mean": 39.766666666666666,
        "std": 6.515025368757635,
        "values": [
          32.0,
          36.0,
          45.0,
          45.0,
          35.0,
          47.0,
          47.0,
          35.0,
          37.0,
          52.0,
          37.0,
          33.0,
          45.0,
          26.0,
          36.0,
          46.0,
          34.0,
          43.0,
          44.0,
          46.0,
          36.0,
          45.0,
          40.0,
          45.0,
          37.0,
          43.0,
          33.0,
          31.0,
          51.0,
          31.0
        ]
      },
      "ttfr": {
        "mean": 14150.618217834077,
        "std": 16.624889426863266,
        "values": [
          14150.506456993753,
          14150.840640999377,
          14150.773277011467,
          14164.126311021391,
          14170.261986000696,
          14165.22520998842,
          14135.795523994602,
          14129.168162995484,
          14139.498392993119,
          14126.354084990453,
          14154.331825004192,
          14150.532583007589,
          14123.372222995386,
          14136.52935999562,
          14150.588293996407,
          14159.31869400083,
          14159.713980014203,
          14140.851072996156,
          14199.23737400677,
          14176.37322700466,
          14156.3023700146,
          14145.014815992909,
          14142.24003997515,
          14135.884952003835,
          14135.126895009307,
          14145.945000986103,
          14141.883646021597,
          14137.05419699545,
          14169.638913997915,
          14176.05702401488
        ]
      },
      "est_ppt": {
        "mean": 14148.976682837625,
        "std": 16.624889426863266,
        "values": [
          14148.864921997301,
          14149.199106002925,
          14149.131742015015,
          14162.48477602494,
          14168.620451004244,
          14163.583674991969,
          14134.15398899815,
          14127.526627999032,
          14137.856857996667,
          14124.712549994001,
          14152.69029000774,
          14148.891048011137,
          14121.730687998934,
          14134.887824999169,
          14148.946758999955,
          14157.677159004379,
          14158.072445017751,
          14139.209537999704,
          14197.595839010319,
          14174.731692008208,
          14154.660835018149,
          14143.373280996457,
          14140.598504978698,
          14134.243417007383,
          14133.485360012855,
          14144.303465989651,
          14140.242111025145,
          14135.412661998998,
          14167.997379001463,
          14174.415489018429
        ]
      },
      "e2e_ttft": {
        "mean": 14152.25682350283,
        "std": 16.345242768884013,