{
  "version": "0.3.7",
  "timestamp": "2026-05-10 11:11:23Z",
  "latency_mode": "api",
  "latency_ms": 2.2998426672226437,
  "model": "qwen36-27b",
  "prefix_caching_enabled": false,
  "max_concurrency": 1,
  "benchmarks": [
    {
      "concurrency": 1,
      "context_size": 0,
      "prompt_size": 32768,
      "response_size": 128,
      "is_context_prefill_phase": false,
      "pp_throughput": {
        "mean": 2407.4593298926748,
        "std": 5.853940660369693,
        "values": [
          2410.312239402405,
          2405.9121716404825,
          2404.656348552951,
          2401.1179731327034,
          2407.7250409770395,
          2404.6088172195496,
          2389.7428135290393,
          2390.812842539415,
          2400.1578755280793,
          2407.380975265169,
          2411.264101493058,
          2412.6634974000553,
          2412.8028618039857,
          2413.0592480760774,
          2412.6699492082344,
          2407.000666557645,
          2405.1294655964803,
          2415.0537620094174,
          2414.218677351268,
          2412.849723991494,
          2407.8393430650763,
          2407.870447193412,
          2406.1081634365655,
          2405.9995387146087,
          2409.30410776454,
          2408.5823448710057,
          2412.5464216525734,
          2410.2751341299327,
          2406.2106557590955,
          2409.904688918885
        ]
      },
      "pp_req_throughput": {
        "mean": 2407.4593298926748,
        "std": 5.853940660369693,
        "values": [
          2410.312239402405,
          2405.9121716404825,
          2404.656348552951,
          2401.1179731327034,
          2407.7250409770395,
          2404.6088172195496,
          2389.7428135290393,
          2390.812842539415,
          2400.1578755280793,
          2407.380975265169,
          2411.264101493058,
          2412.6634974000553,
          2412.8028618039857,
          2413.0592480760774,
          2412.6699492082344,
          2407.000666557645,
          2405.1294655964803,
          2415.0537620094174,
          2414.218677351268,
          2412.849723991494,
          2407.8393430650763,
          2407.870447193412,
          2406.1081634365655,
          2405.9995387146087,
          2409.30410776454,
          2408.5823448710057,
          2412.5464216525734,
          2410.2751341299327,
          2406.2106557590955,
          2409.904688918885
        ]
      },
      "tg_throughput": {
        "mean": 24.441134415430362,
        "std": 3.1194857690401476,
        "values": [
          26.74124843806182,
          24.457475972651107,
          27.700538189670887,
          26.025626762591717,
          20.760467246840204,
          27.754931171397168,
          23.78820402186679,
          22.513707632221188,
          25.166903889604637,
          19.218061235347747,
          26.83189961159936,
          24.404925318644256,
          25.178427885709084,
          23.726552832700218,
          18.018940773902514,
          24.534017499729615,
          23.71209377689694,
          21.803778608477103,
          25.915215971973122,
          23.679217528178302,
          24.383106587315545,
          29.704406562074162,
          27.744042411883658,
          20.739035920630755,
          26.792210956103144,
          20.72367856055655,
          27.73482611682772,
          24.38809185355657,
          30.719852879641582,
          18.372546246257247
        ]
      },
      "tg_req_throughput": {
        "mean": 24.441134415430362,
        "std": 3.1194857690401476,
        "values": [
          26.74124843806182,
          24.457475972651107,
          27.700538189670887,
          26.025626762591717,
          20.760467246840204,
          27.754931171397168,
          23.78820402186679,
          22.513707632221188,
          25.166903889604637,
          19.218061235347747,
          26.83189961159936,
          24.404925318644256,
          25.178427885709084,
          23.726552832700218,
          18.018940773902514,
          24.534017499729615,
          23.71209377689694,
          21.803778608477103,
          25.915215971973122,
          23.679217528178302,
          24.383106587315545,
          29.704406562074162,
          27.744042411883658,
          20.739035920630755,
          26.792210956103144,
          20.72367856055655,
          27.73482611682772,
          24.38809185355657,
          30.719852879641582,
          18.372546246257247
        ]
      },
      "peak_throughput": {
        "mean": 40.43333333333333,
        "std": 6.453336776858586,
        "values": [
          48.0,
          41.0,
          39.0,
          47.0,
          36.0,
          53.0,
          32.0,
          35.0,
          45.0,
          34.0,
          35.0,
          47.0,
          42.0,
          36.0,
          32.0,
          34.0,
          37.0,
          35.0,
          41.0,
          49.0,
          43.0,
          53.0,
          53.0,
          33.0,
          38.0,
          39.0,
          38.0,
          36.0,
          47.0,
          35.0
        ]
      },
      "peak_req_throughput": {
        "mean": 40.43333333333333,
        "std": 6.453336776858586,
        "values": [
          48.0,
          41.0,
          39.0,
          47.0,
          36.0,
          53.0,
          32.0,
          35.0,
          45.0,
          34.0,
          35.0,
          47.0,
          42.0,
          36.0,
          32.0,
          34.0,
          37.0,
          35.0,
          41.0,
          49.0,
          43.0,
          53.0,
          53.0,
          33.0,
          38.0,
          39.0,
          38.0,
          36.0,
          47.0,
          35.0
        ]
      },
      "ttfr": {
        "mean": 13613.894655999806,
        "std": 33.18549800461086,
        "values": [
          13597.633867990226,
          13622.497781005222,
          13630.0267399929,
          13649.692584993318,
          13612.242607021471,
          13629.880247986875,
          13714.654081995832,
          13708.516999002313,
          13655.151737999404,
          13614.18775600032,
          13592.267022002488,
          13584.799033007585,
          13583.600046986248,
          13582.157041004393,
          13584.348232980119,
          13616.338449006435,
          13626.930228987476,
          13570.941880985629,
          13576.049523020629,
          13583.3362719859,
          13611.596531991381,
          13611.836036026943,
          13621.388335013762,
          13622.003202006454,
          13603.73765800614,
          13607.398323016241,
          13585.043663013494,
          13597.843163006473,
          13620.392639975762,
          13600.347993982723
        ]
      },
      "est_ppt": {
        "mean": 13611.594813332578,
        "std": 33.18549800461086,
        "values": [
          13595.334025323004,
          13620.197938338,
          13627.726897325678,
          13647.392742326096,
          13609.94276435425,
          13627.580405319653,
          13712.35423932861,
          13706.217156335091,
          13652.851895332182,
          13611.887913333097,
          13589.967179335266,
          13582.499190340362,
          13581.300204319026,
          13579.857198337171,
          13582.048390312897,
          13614.038606339212,
          13624.630386320254,
          13568.642038318407,
          13573.749680353407,
          13581.036429318678,
          13609.29668932416,
          13609.536193359721,
          13619.08849234654,
          13619.703359339232,
          13601.437815338917,
          13605.09848034902,
          13582.743820346272,
          13595.543320339251,
          13618.09279730854,
          13598.048151315501
        ]
      },
      "e2e_ttft": {
        "mean": 13615.760131734229,
        "std": 33.27807084078666,