{
  "version": "0.3.7",
  "timestamp": "2026-05-07 23:33:22Z",
  "latency_mode": "api",
  "latency_ms": 1.3967089992850863,
  "model": "qwen36-27b",
  "prefix_caching_enabled": false,
  "max_concurrency": 1,
  "benchmarks": [
    {
      "concurrency": 1,
      "context_size": 0,
      "prompt_size": 131072,
      "response_size": 128,
      "is_context_prefill_phase": false,
      "pp_throughput": {
        "mean": 1535.3932744556478,
        "std": 4.173876171122122,
        "values": [
          1541.18104472218,
          1533.503456025433,
          1531.4953226193306
        ]
      },
      "pp_req_throughput": {
        "mean": 1535.3932744556478,
        "std": 4.173876171122122,
        "values": [
          1541.18104472218,
          1533.503456025433,
          1531.4953226193306
        ]
      },
      "tg_throughput": {
        "mean": 8.261660752766597,
        "std": 0.0028224624242827764,
        "values": [
          8.257698946283782,
          8.263220338729365,
          8.264062973286642
        ]
      },
      "tg_req_throughput": {
        "mean": 8.261660752766597,
        "std": 0.0028224624242827764,
        "values": [
          8.257698946283782,
          8.263220338729365,
          8.264062973286642
        ]
      },
      "peak_throughput": {
        "mean": 10.0,
        "std": 0.0,
        "values": [
          10.0,
          10.0,
          10.0
        ]
      },
      "peak_req_throughput": {
        "mean": 10.0,
        "std": 0.0,
        "values": [
          10.0,
          10.0,
          10.0
        ]
      },
      "ttfr": {
        "mean": 85375.59323133246,
        "std": 231.7157877897033,
        "values": [
          85054.35038299765,
          85480.17374399933,
          85592.2555670004
        ]
      },
      "est_ppt": {
        "mean": 85374.19652233318,
        "std": 231.7157877897033,
        "values": [
          85052.95367399837,
          85478.77703500005,
          85590.85885800111
        ]
      },
      "e2e_ttft": {
        "mean": 85384.73916433334,
        "std": 230.9240226710189,
        "values": [
          85064.44295300025,
          85489.6911729993,
          85600.08336700048
        ]
      },
      "throughput_over_time": null,
      "requests_throughput_over_time": null
    }
  ]
}