{
  "pp32k_dflash_on_fqla_on": {
    "file": "results/final-pp32k-shifted-suffix/dflash_on_fqla_on_pp32768_tg128_c1_mbt2048_n30.json",
    "shape": {
      "pp": 32768,
      "tg": 128,
      "c": 1
    },
    "pp": {
      "mean": 2407.4593298926748,
      "median": 2407.854895129244,
      "min": 2389.7428135290393,
      "max": 2415.0537620094174,
      "n": 30,
      "values": [
        2410.312239402405,
        2405.9121716404825,
        2404.656348552951,
        2401.1179731327034,
        2407.7250409770395,
        2404.6088172195496,
        2389.7428135290393,
        2390.812842539415,
        2400.1578755280793,
        2407.380975265169,
        2411.264101493058,
        2412.6634974000553,
        2412.8028618039857,
        2413.0592480760774,
        2412.6699492082344,
        2407.000666557645,
        2405.1294655964803,
        2415.0537620094174,
        2414.218677351268,
        2412.849723991494,
        2407.8393430650763,
        2407.870447193412,
        2406.1081634365655,
        2405.9995387146087,
        2409.30410776454,
        2408.5823448710057,
        2412.5464216525734,
        2410.2751341299327,
        2406.2106557590955,
        2409.904688918885
      ]
    },
    "tg": {
      "mean": 24.441134415430362,
      "median": 24.43120064564768,
      "min": 18.018940773902514,
      "max": 30.719852879641582,
      "n": 30,
      "values": [
        26.74124843806182,
        24.457475972651107,
        27.700538189670887,
        26.025626762591717,
        20.760467246840204,
        27.754931171397168,
        23.78820402186679,
        22.513707632221188,
        25.166903889604637,
        19.218061235347747,
        26.83189961159936,
        24.404925318644256,
        25.178427885709084,
        23.726552832700218,
        18.018940773902514,
        24.534017499729615,
        23.71209377689694,
        21.803778608477103,
        25.915215971973122,
        23.679217528178302,
        24.383106587315545,
        29.704406562074162,
        27.744042411883658,
        20.739035920630755,
        26.792210956103144,
        20.72367856055655,
        27.73482611682772,
        24.38809185355657,
        30.719852879641582,
        18.372546246257247
      ]
    },
    "ttfr": {
      "mean": 13613.894655999806,
      "median": 13611.716284009162,
      "min": 13570.941880985629,
      "max": 13714.654081995832,
      "n": 30,
      "values": [
        13597.633867990226,
        13622.497781005222,
        13630.0267399929,
        13649.692584993318,
        13612.242607021471,
        13629.880247986875,
        13714.654081995832,
        13708.516999002313,
        13655.151737999404,
        13614.18775600032,
        13592.267022002488,
        13584.799033007585,
        13583.600046986248,
        13582.157041004393,
        13584.348232980119,
        13616.338449006435,
        13626.930228987476,
        13570.941880985629,
        13576.049523020629,
        13583.3362719859,
        13611.596531991381,
        13611.836036026943,
        13621.388335013762,
        13622.003202006454,
        13603.73765800614,
        13607.398323016241,
        13585.043663013494,
        13597.843163006473,
        13620.392639975762,
        13600.347993982723
      ]
    }
  },
  "pp32k_dflash_on_fqla_effectively_off": {
    "file": "results/final-pp32k-shifted-suffix/dflash_on_fqla_effectively_off_pp32768_tg128_c1_mbt2048_n30.json",
    "shape": {
      "pp": 32768,
      "tg": 128,
      "c": 1
    },
    "pp": {
      "mean": 2316.0057847876137,
      "median": 2316.044814223828,
      "min": 2308.0668284669423,
      "max": 2320.395475877983,
      "n": 30,
      "values": [
        2316.0161737818203,
        2315.9614727661483,
        2315.9724990540853,
        2313.718285895109,
        2312.7869162221364,
        2313.6093768315723,
        2318.4267007071653,
        2319.5142973615666,
        2317.819477813228,
        2319.976416087414,
        2315.5314875460385,
        2316.0118972437936,
        2320.395475877983,
        2318.306335763363,
        2316.0734546658355,
        2314.5746037271865,
        2314.509982008989,
        2317.527009691359,
        2308.0668284669423,
        2311.7897898889573,
        2315.067833976679,
        2316.915445060734,
        2317.3700878688064,
        2318.412031914625,
        2318.536381175421,
        2316.7630755939254,
        2317.4992155508594,
        2318.291003141166,
        2312.8886266288614,
        2311.8413613166376
      ]
    },
    "tg": {
      "mean": 23.865088807816356,
      "median": 23.712104053124797,
      "min": 15.987868304830096,
      "max": 31.915975896871295,
      "n": 30,
      "values": [
        18.48294852335332,
        23.71783736021052,
        26.910164412289298,
        27.828671097393507,
        23.121563478910687,
        24.534971164481153,
        22.55301256526475,
        23.16674417270411,
        20.85550370192513,
        29.618417418392003,
        23.835383431007962,
        23.209578585989775,
        29.83998953620918,
        15.987868304830096,
        23.198569217658306,
        26.10566459532077,
        18.495325789872464,
        21.38375636469646,
        25.98260173104734,
        31.915975896871295,
        22.4058718350923,
        23.70637074603907,
        24.442965736539918,
        25.18986521744544,
        25.192446507265196,
        26.72084057453106,
        21.838302570287432,
        20.32009811516989,
        25.22524100348544,
        20.166114580206862
      ]
    },
    "ttfr": {
      "mean": 14150.618217834077,
      "median": 14150.519520000671,
      "min": 14123.372222995386,
      "max": 14199.23737400677,
      "n": 30,
      "values": [
        14150.506456993753,
        14150.840640999377,
        14150.773277011467,
        14164.126311021391,
        14170.261986000696,
        14165.22520998842,
        14135.795523994602,
        14129.168162995484,
        14139.498392993119,
        14126.354084990453,
        14154.331825004192,
        14150.532583007589,
        14123.372222995386,
        14136.52935999562,
        14150.588293996407,
        14159.31869400083,
        14159.713980014203,
        14140.851072996156,
        14199.23737400677,
        14176.37322700466,
        14156.3023700146,
        14145.014815992909,
        14142.24003997515,
        14135.884952003835,
        14135.126895009307,
        14145.945000986103,
        14141.883646021597,
        14137.05419699545,
        14169.638913997915,
        14176.05702401488
      ]
    }
  },
  "pp128k_dflash_off_fqla_on_baseline": {
    "file": "results/final-pp32k-shifted-suffix/dflash_off_fqla_on_pp131072_tg128_c1_mbt2048_n3_baseline.json",
    "shape": {
      "pp": 131072,
      "tg": 128,
      "c": 1
    },
    "pp": {
      "mean": 1535.3932744556478,
      "median": 1533.503456025433,
      "min": 1531.4953226193306,
      "max": 1541.18104472218,
      "n": 3,
      "values": [
        1541.18104472218,
        1533.503456025433,
        1531.4953226193306
      ]
    },
    "tg": {
      "mean": 8.261660752766597,
      "median": 8.263220338729365,
      "min": 8.257698946283782,
      "max": 8.264062973286642,
      "n": 3,
      "values": [
        8.257698946283782,
        8.263220338729365,
        8.264062973286642
      ]
    },
    "ttfr": {
      "mean": 85375.59323133246,
      "median": 85480.17374399933,
      "min": 85054.35038299765,
      "max": 85592.2555670004,
      "n": 3,
      "values": [
        85054.35038299765,
        85480.17374399933,
        85592.2555670004
      ]
    }
  },
  "pp128k_dflash_on_fqla_on_golden": {
    "file": "results/final-pp32k-shifted-suffix/dflash_on_fqla_on_pp131072_tg128_c1_mbt2048_n3.json",
    "shape": {
      "pp": 131072,
      "tg": 128,
      "c": 1
    },
    "pp": {
      "mean": 1468.124455131486,
      "median": 1465.6272565781408,
      "min": 1465.19749043234,
      "max": 1473.5486183839778,