{
  "version": "0.3.7",
  "timestamp": "2026-05-16 06:50:44Z",
  "latency_mode": "none",
  "latency_ms": 0.0,
  "model": "aeon-ultimate",
  "prefix_caching_enabled": false,
  "max_concurrency": 1,
  "benchmarks": [
    {
      "concurrency": 1,
      "context_size": 0,
      "prompt_size": 2048,
      "response_size": 128,
      "is_context_prefill_phase": false,
      "pp_throughput": {
        "mean": 2759.806592892011,
        "std": 53.78479711055917,
        "values": [
          2713.8531837338196,
          2646.7021721676874,
          2726.0026720931546,
          2802.79959650348,
          2772.3681761228963,
          2803.195486535953,
          2744.7508869088338,
          2613.356547557081,
          2761.2490368925896,
          2736.1745955292754,
          2793.4108038606396,
          2736.5889523022743,
          2735.3139703530514,
          2746.395651743403,
          2801.6472199932673,
          2739.7263519916746,
          2644.000068317406,
          2814.8858133213994,
          2802.8474908654302,
          2791.591191712057,
          2790.3830566804463,
          2797.9272154958903,
          2802.4178841510343,
          2807.0964469483556,
          2683.741080697341,
          2763.6939354456,
          2799.8856465160115,
          2808.8298872865394,
          2812.09379398432,
          2801.268971049431
        ]
      },
      "pp_req_throughput": {
        "mean": 2759.806592892011,
        "std": 53.78479711055917,
        "values": [
          2713.8531837338196,
          2646.7021721676874,
          2726.0026720931546,
          2802.79959650348,
          2772.3681761228963,
          2803.195486535953,
          2744.7508869088338,
          2613.356547557081,
          2761.2490368925896,
          2736.1745955292754,
          2793.4108038606396,
          2736.5889523022743,
          2735.3139703530514,
          2746.395651743403,
          2801.6472199932673,
          2739.7263519916746,
          2644.000068317406,
          2814.8858133213994,
          2802.8474908654302,
          2791.591191712057,
          2790.3830566804463,
          2797.9272154958903,
          2802.4178841510343,
          2807.0964469483556,
          2683.741080697341,
          2763.6939354456,
          2799.8856465160115,
          2808.8298872865394,
          2812.09379398432,
          2801.268971049431
        ]
      },
      "tg_throughput": {
        "mean": 12.042071280582116,
        "std": 0.006929904174245173,
        "values": [
          12.037176549447803,
          12.04966336042051,
          12.041553957781712,
          12.047855919143744,
          12.030617985310368,
          12.042760208958299,
          12.042210350433434,
          12.058889333116642,
          12.036877928797141,
          12.042010623750198,
          12.047065984717062,
          12.043211176347715,
          12.040284447086798,
          12.041956615181288,
          12.046888577909773,
          12.039555780351977,
          12.047963683775754,
          12.047783493894185,
          12.039225728247004,
          12.025700813417695,
          12.027354074285176,
          12.048581261002164,
          12.045363240861931,
          12.045376396141226,
          12.031813995432683,
          12.03587852593182,
          12.046704699657884,
          12.04135926829179,
          12.047990013707947,
          12.042464424061809
        ]
      },
      "tg_req_throughput": {
        "mean": 12.042071280582116,
        "std": 0.006929904174245173,
        "values": [
          12.037176549447803,
          12.04966336042051,
          12.041553957781712,
          12.047855919143744,
          12.030617985310368,
          12.042760208958299,
          12.042210350433434,
          12.058889333116642,
          12.036877928797141,
          12.042010623750198,
          12.047065984717062,
          12.043211176347715,
          12.040284447086798,
          12.041956615181288,
          12.046888577909773,
          12.039555780351977,
          12.047963683775754,
          12.047783493894185,
          12.039225728247004,
          12.025700813417695,
          12.027354074285176,
          12.048581261002164,
          12.045363240861931,
          12.045376396141226,
          12.031813995432683,
          12.03587852593182,
          12.046704699657884,
          12.04135926829179,
          12.047990013707947,
          12.042464424061809
        ]
      },
      "peak_throughput": {
        "mean": 13.0,
        "std": 0.0,
        "values": [
          13.0,
          13.0,
          13.0,
          13.0,
          13.0,
          13.0,
          13.0,
          13.0,
          13.0,
          13.0,
          13.0,
          13.0,
          13.0,
          13.0,
          13.0,
          13.0,
          13.0,
          13.0,
          13.0,
          13.0,
          13.0,
          13.0,
          13.0,
          13.0,
          13.0,
          13.0,
          13.0,
          13.0,
          13.0,
          13.0
        ]
      },
      "peak_req_throughput": {
        "mean": 13.0,
        "std": 0.0,
        "values": [
          13.0,
          13.0,
          13.0,
          13.0,
          13.0,
          13.0,
          13.0,
          13.0,
          13.0,
          13.0,
          13.0,
          13.0,
          13.0,
          13.0,
          13.0,
          13.0,
          13.0,
          13.0,
          13.0,
          13.0,
          13.0,
          13.0,
          13.0,
          13.0,
          13.0,
          13.0,
          13.0,
          13.0,
          13.0,
          13.0
        ]
      },
      "ttfr": {
        "mean": 745.944245964832,
        "std": 14.786989587235507,
        "values": [
          758.3313689683564,
          777.1936040371656,
          754.9515710561536,
          734.2658399720676,
          742.325646977406,
          734.1621409868822,
          749.7948210220784,
          787.1103550423868,
          745.3148819622584,
          752.144984959159,
          736.7337439791299,
          752.0310999825597,
          752.3816360044293,
          749.3457829696126,
          734.5678589772433,
          751.1699110036716,
          777.9878770234063,
          731.1131379683502,
          734.2532930197194,
          737.2139610233717,
          737.5331480288878,
          735.5445090215653,
          734.3658530153334,
          733.1418919493444,
          766.4673819672316,
          744.6555400383659,
          735.0300190155394,
          732.6894410070963,
          731.8390319705941,
          734.6670459955931
        ]
      },
      "est_ppt": {
        "mean": 745.944245964832,
        "std": 14.786989587235507,
        "values": [
          758.3313689683564,
          777.1936040371656,
          754.9515710561536,
          734.2658399720676,
          742.325646977406,
          734.1621409868822,
          749.7948210220784,
          787.1103550423868,
          745.3148819622584,
          752.144984959159,
          736.7337439791299,
          752.0310999825597,
          752.3816360044293,
          749.3457829696126,
          734.5678589772433,
          751.1699110036716,
          777.9878770234063,
          731.1131379683502,
          734.2532930197194,
          737.2139610233717,
          737.5331480288878,
          735.5445090215653,
          734.3658530153334,
          733.1418919493444,
          766.4673819672316,
          744.6555400383659,
          735.0300190155394,
          732.6894410070963,
          731.8390319705941,
          734.6670459955931
        ]
      },
      "e2e_ttft": {
        "mean": 745.944245964832,
        "std": 14.786989587235507,