{
  "version": "0.3.7",
  "timestamp": "2026-05-09 10:51:48Z",
  "latency_mode": "api",
  "latency_ms": 1.4319833332289515,
  "model": "qwen35-27b-axionml-nvfp4",
  "prefix_caching_enabled": false,
  "max_concurrency": 1,
  "benchmarks": [
    {
      "concurrency": 1,
      "context_size": 0,
      "prompt_size": 2048,
      "response_size": 32,
      "is_context_prefill_phase": false,
      "pp_throughput": {
        "mean": 3315.9676412971107,
        "std": 10.305973182328897,
        "values": [
          3310.0642801983913,
          3317.103083917033,
          3340.3987329331135,
          3327.149277979901,
          3321.6958538641757,
          3331.1846778511026,
          3321.580296700825,
          3318.66206443634,
          3307.9212720432456,
          3305.1664539185426,
          3312.2936448192268,
          3309.50803986594,
          3302.1476939016165,
          3315.9390221786825,
          3325.8471086266272,
          3326.5190035160485,
          3307.685268177342,
          3315.057013102983,
          3310.4691674135734,
          3331.9192770114328,
          3297.4923650459214,
          3324.2812966943125,
          3320.9639064270964,
          3312.156477392321,
          3313.4364391091945,
          3324.1145274984833,
          3306.6114139146807,
          3294.5744437385347,
          3318.7808651821447,
          3308.306271454493
        ]
      },
      "pp_req_throughput": {
        "mean": 3315.9676412971107,
        "std": 10.305973182328897,
        "values": [
          3310.0642801983913,
          3317.103083917033,
          3340.3987329331135,
          3327.149277979901,
          3321.6958538641757,
          3331.1846778511026,
          3321.580296700825,
          3318.66206443634,
          3307.9212720432456,
          3305.1664539185426,
          3312.2936448192268,
          3309.50803986594,
          3302.1476939016165,
          3315.9390221786825,
          3325.8471086266272,
          3326.5190035160485,
          3307.685268177342,
          3315.057013102983,
          3310.4691674135734,
          3331.9192770114328,
          3297.4923650459214,
          3324.2812966943125,
          3320.9639064270964,
          3312.156477392321,
          3313.4364391091945,
          3324.1145274984833,
          3306.6114139146807,
          3294.5744437385347,
          3318.7808651821447,
          3308.306271454493
        ]
      },
      "tg_throughput": {
        "mean": 11.505011235383623,
        "std": 0.028527545908397352,
        "values": [
          11.563167883565061,
          11.568720707308346,
          11.529308516268973,
          11.545426768378416,
          11.552675985391838,
          11.552452062430103,
          11.534249605440312,
          11.496753892837352,
          11.521566915977537,
          11.49551857832499,
          11.483055893503046,
          11.509771775814302,
          11.502676317124713,
          11.47479504191298,
          11.48498659730115,
          11.505911044883494,
          11.498976607958495,
          11.504550290677953,
          11.495641493350456,
          11.488634522341018,
          11.475848986041106,
          11.49187785138626,
          11.507811097544103,
          11.474649887176668,
          11.499920517927562,
          11.487237961914623,
          11.482853665484978,
          11.499683478629025,
          11.460296007994552,
          11.461317106619344
        ]
      },
      "tg_req_throughput": {
        "mean": 11.505011235383623,
        "std": 0.028527545908397352,
        "values": [
          11.563167883565061,
          11.568720707308346,
          11.529308516268973,
          11.545426768378416,
          11.552675985391838,
          11.552452062430103,
          11.534249605440312,
          11.496753892837352,
          11.521566915977537,
          11.49551857832499,
          11.483055893503046,
          11.509771775814302,
          11.502676317124713,
          11.47479504191298,
          11.48498659730115,
          11.505911044883494,
          11.498976607958495,
          11.504550290677953,
          11.495641493350456,
          11.488634522341018,
          11.475848986041106,
          11.49187785138626,
          11.507811097544103,
          11.474649887176668,
          11.499920517927562,
          11.487237961914623,
          11.482853665484978,
          11.499683478629025,
          11.460296007994552,
          11.461317106619344
        ]
      },
      "peak_throughput": {
        "mean": 12.0,
        "std": 0.0,
        "values": [
          12.0,
          12.0,
          12.0,
          12.0,
          12.0,
          12.0,
          12.0,
          12.0,
          12.0,
          12.0,
          12.0,
          12.0,
          12.0,
          12.0,
          12.0,
          12.0,
          12.0,
          12.0,
          12.0,
          12.0,
          12.0,
          12.0,
          12.0,
          12.0,
          12.0,
          12.0,
          12.0,
          12.0,
          12.0,
          12.0
        ]
      },
      "peak_req_throughput": {
        "mean": 12.0,
        "std": 0.0,
        "values": [
          12.0,
          12.0,
          12.0,
          12.0,
          12.0,
          12.0,
          12.0,
          12.0,
          12.0,
          12.0,
          12.0,
          12.0,
          12.0,
          12.0,
          12.0,
          12.0,
          12.0,
          12.0,
          12.0,
          12.0,
          12.0,
          12.0,
          12.0,
          12.0,
          12.0,
          12.0,
          12.0,
          12.0,
          12.0,
          12.0
        ]
      },
      "ttfr": {
        "mean": 622.0913224333648,
        "std": 1.907961078236025,
        "values": [
          623.1721750000361,
          621.8528589997732,
          617.5260979998711,
          619.9795230004383,
          620.995029000369,
          619.2302139997992,
          621.3176450000901,
          621.5614089996961,
          623.5749639999995,
          624.0935129999343,
          622.7537079994363,
          623.2766729999639,
          624.3599050003468,
          622.0706579997568,
          620.2217029995154,
          620.0967189997755,
          623.6193539998567,
          622.5374400000874,
          623.3982049998303,
          619.0940059996137,
          625.542602000678,
          620.5131670003539,
          621.1315820000891,
          622.7794390006238,
          622.5394160001088,
          620.5442259997653,
          623.51899100031,
          626.0953609998978,
          621.8405260005966,
          623.5025630003292
        ]
      },
      "est_ppt": {
        "mean": 620.6593391001358,
        "std": 1.9079610782360248,
        "values": [
          621.7401916668072,
          620.4208756665442,
          616.0941146666422,
          618.5475396672094,
          619.56304566714,
          617.7982306665702,
          619.8856616668612,
          620.1294256664672,
          622.1429806667705,
          622.6615296667054,
          621.3217246662074,
          621.844689666735,
          622.9279216671179,
          620.6386746665279,
          618.7897196662865,
          618.6647356665466,
          622.1873706666278,
          621.1054566668585,
          621.9662216666014,
          617.6620226663848,
          624.1106186674491,
          619.081183667125,
          619.6995986668602,
          621.3474556673949,
          621.1074326668798,
          619.1122426665364,
          622.0870076670811,
          624.6633776666689,
          620.4085426673677,
          622.0705796671003
        ]
      },
      "e2e_ttft": {
        "mean": 622.0913224333648,
        "std": 1.907961078236025,