{
  "version": "0.3.7",
  "timestamp": "2026-05-16 06:32:45Z",
  "latency_mode": "none",
  "latency_ms": 0.0,
  "model": "aeon-ultimate",
  "prefix_caching_enabled": false,
  "max_concurrency": 1,
  "benchmarks": [
    {
      "concurrency": 1,
      "context_size": 0,
      "prompt_size": 2048,
      "response_size": 128,
      "is_context_prefill_phase": false,
      "pp_throughput": {
        "mean": 2298.4974457397598,
        "std": 136.43893257685428,
        "values": [
          2430.7484202082483,
          2210.773121924353,
          2231.5842114485467,
          2225.7696211651455,
          2234.709235021722,
          2472.1330303765076,
          2462.794986621591,
          2224.4860915312365,
          2220.265377146455,
          2530.0656815003777,
          2219.2588197917967,
          2225.597406759645,
          2217.924912537301,
          2513.284045197824,
          2222.2158647565684,
          2002.5334711209314,
          2230.0113239881352,
          2221.026167258814,
          2484.2570520142535,
          2229.5296728611183,
          2221.7928984928444,
          2228.26634532899,
          2220.1235993825317,
          2228.2097247458246,
          2227.0609554655744,
          2506.153379066305,
          2227.8965931494668,
          2496.7307583250135,
          2226.7556131640804,
          2562.964991841583
        ]
      },
      "pp_req_throughput": {
        "mean": 2298.4974457397598,
        "std": 136.43893257685428,
        "values": [
          2430.7484202082483,
          2210.773121924353,
          2231.5842114485467,
          2225.7696211651455,
          2234.709235021722,
          2472.1330303765076,
          2462.794986621591,
          2224.4860915312365,
          2220.265377146455,
          2530.0656815003777,
          2219.2588197917967,
          2225.597406759645,
          2217.924912537301,
          2513.284045197824,
          2222.2158647565684,
          2002.5334711209314,
          2230.0113239881352,
          2221.026167258814,
          2484.2570520142535,
          2229.5296728611183,
          2221.7928984928444,
          2228.26634532899,
          2220.1235993825317,
          2228.2097247458246,
          2227.0609554655744,
          2506.153379066305,
          2227.8965931494668,
          2496.7307583250135,
          2226.7556131640804,
          2562.964991841583
        ]
      },
      "tg_throughput": {
        "mean": 23.308477653372435,
        "std": 3.0820881073992954,
        "values": [
          27.299280573813125,
          24.077285847424715,
          22.43225178865521,
          19.499936788276703,
          20.50778894397995,
          18.07556891894953,
          32.6001847744449,
          22.906749701808568,
          22.505243697299086,
          22.841602583789566,
          20.613095581015617,
          28.857822883081887,
          22.47051342971951,
          22.953690762927717,
          24.6408090543478,
          25.882656897516487,
          24.683599288310198,
          25.31972392178503,
          19.79410256787331,
          22.964282666957086,
          25.617418173781484,
          21.02566625353014,
          26.552119685099328,
          22.914143343952198,
          22.960071146136514,
          26.513211881616936,
          20.232045181396902,
          20.98050039798586,
          19.110188188435252,
          22.422774677262435
        ]
      },
      "tg_req_throughput": {
        "mean": 23.308477653372435,
        "std": 3.0820881073992954,
        "values": [
          27.299280573813125,
          24.077285847424715,
          22.43225178865521,
          19.499936788276703,
          20.50778894397995,
          18.07556891894953,
          32.6001847744449,
          22.906749701808568,
          22.505243697299086,
          22.841602583789566,
          20.613095581015617,
          28.857822883081887,
          22.47051342971951,
          22.953690762927717,
          24.6408090543478,
          25.882656897516487,
          24.683599288310198,
          25.31972392178503,
          19.79410256787331,
          22.964282666957086,
          25.617418173781484,
          21.02566625353014,
          26.552119685099328,
          22.914143343952198,
          22.960071146136514,
          26.513211881616936,
          20.232045181396902,
          20.98050039798586,
          19.110188188435252,
          22.422774677262435
        ]
      },
      "peak_throughput": {
        "mean": 36.4,
        "std": 8.28894846567806,
        "values": [
          47.0,
          41.0,
          45.0,
          34.0,
          32.0,
          25.0,
          43.0,
          34.0,
          34.0,
          33.0,
          28.0,
          37.0,
          49.0,
          40.0,
          37.0,
          49.0,
          33.0,
          37.0,
          27.0,
          32.0,
          33.0,
          26.0,
          50.0,
          33.0,
          35.0,
          46.0,
          28.0,
          24.0,
          25.0,
          55.0
        ]
      },
      "peak_req_throughput": {
        "mean": 36.4,
        "std": 8.28894846567806,
        "values": [
          47.0,
          41.0,
          45.0,
          34.0,
          32.0,
          25.0,
          43.0,
          34.0,
          34.0,
          33.0,
          28.0,
          37.0,
          49.0,
          40.0,
          37.0,
          49.0,
          33.0,
          37.0,
          27.0,
          32.0,
          33.0,
          26.0,
          50.0,
          33.0,
          35.0,
          46.0,
          28.0,
          24.0,
          25.0,
          55.0
        ]
      },
      "ttfr": {
        "mean": 899.2528382358918,
        "std": 52.130832966239154,
        "values": [
          847.0642140018754,
          931.8007259862497,
          923.1110300170258,
          925.522561010439,
          921.8201490002684,
          833.2884900155477,
          836.4480239688419,
          926.0565880103968,
          928.2674139831215,
          813.417617988307,
          928.2378340139985,
          925.5941769806668,
          928.7960960064083,
          819.6447209920734,
          927.0026520243846,
          1028.6969130393118,
          923.3136970433407,
          927.4992030113935,
          829.2217580019496,
          923.9616880076937,
          927.1791270002723,
          924.4855330325663,
          927.8762680478394,
          924.509024946019,
          924.985907971859,
          821.9768260023557,
          924.6389649924822,
          825.0789529993199,
          925.1127460156567,
          802.9762429650873
        ]
      },
      "est_ppt": {
        "mean": 899.2528382358918,
        "std": 52.130832966239154,
        "values": [
          847.0642140018754,
          931.8007259862497,
          923.1110300170258,
          925.522561010439,
          921.8201490002684,
          833.2884900155477,
          836.4480239688419,
          926.0565880103968,
          928.2674139831215,
          813.417617988307,
          928.2378340139985,
          925.5941769806668,
          928.7960960064083,
          819.6447209920734,
          927.0026520243846,
          1028.6969130393118,
          923.3136970433407,
          927.4992030113935,
          829.2217580019496,
          923.9616880076937,
          927.1791270002723,
          924.4855330325663,
          927.8762680478394,
          924.509024946019,
          924.985907971859,
          821.9768260023557,
          924.6389649924822,
          825.0789529993199,
          925.1127460156567,
          802.9762429650873
        ]
      },
      "e2e_ttft": {
        "mean": 899.2528382358918,
        "std": 52.130832966239154,