{
  "version": "0.3.7",
  "timestamp": "2026-05-13 19:20:48Z",
  "latency_mode": "api",
  "latency_ms": 1.7183386565496523,
  "model": "qwen36-27b",
  "prefix_caching_enabled": false,
  "max_concurrency": 1,
  "benchmarks": [
    {
      "concurrency": 1,
      "context_size": 0,
      "prompt_size": 32768,
      "response_size": 128,
      "is_context_prefill_phase": false,
      "pp_throughput": {
        "mean": 2521.2863491432095,
        "std": 9.794946137766491,
        "values": [
          2534.9274783480823,
          2515.1874874232076,
          2534.2720286463536,
          2506.8646529029347,
          2525.2929591830602,
          2527.3144570630493,
          2514.195531808476,
          2527.381757164992,
          2509.1473470120577,
          2524.7276923457057,
          2528.5580926508187,
          2512.671811847868,
          2527.13088113973,
          2526.6451444260806,
          2514.528461993352,
          2523.7564447793757,
          2510.4111691457015,
          2513.253115330908,
          2527.5842098484354,
          2510.2722040117205,
          2531.2165915947176,
          2528.512585293239,
          2509.5414030603256,
          2525.8559002733914,
          2526.6218724529026,
          2505.295722820963,
          2522.695831885637,
          2511.68736146422,
          2515.7658277687697,
          2547.2744506102085
        ]
      },
      "pp_req_throughput": {
        "mean": 2521.2863491432095,
        "std": 9.794946137766491,
        "values": [
          2534.9274783480823,
          2515.1874874232076,
          2534.2720286463536,
          2506.8646529029347,
          2525.2929591830602,
          2527.3144570630493,
          2514.195531808476,
          2527.381757164992,
          2509.1473470120577,
          2524.7276923457057,
          2528.5580926508187,
          2512.671811847868,
          2527.13088113973,
          2526.6451444260806,
          2514.528461993352,
          2523.7564447793757,
          2510.4111691457015,
          2513.253115330908,
          2527.5842098484354,
          2510.2722040117205,
          2531.2165915947176,
          2528.512585293239,
          2509.5414030603256,
          2525.8559002733914,
          2526.6218724529026,
          2505.295722820963,
          2522.695831885637,
          2511.68736146422,
          2515.7658277687697,
          2547.2744506102085
        ]
      },
      "tg_throughput": {
        "mean": 17.867467336722413,
        "std": 2.123148448767947,
        "values": [
          17.452357644399726,
          23.314961723096555,
          16.714994453838823,
          19.05406540313382,
          19.012142258986355,
          16.758806642656122,
          14.67631003176734,
          17.085615818761557,
          20.875584108093552,
          15.379596177514847,
          19.0305112416178,
          16.42140459938357,
          19.823184694210067,
          17.078677203005984,
          17.8253171093643,
          17.851699639908247,
          16.41443674468496,
          17.074335635284147,
          17.09267526086559,
          13.690614265311433,
          16.27605802018689,
          15.220981606877425,
          21.38365545345114,
          18.926838256069633,
          18.64477562675259,
          18.19837007747619,
          15.519782652092664,
          21.541755757041035,
          19.45404240643023,
          18.23046958940981
        ]
      },
      "tg_req_throughput": {
        "mean": 17.867467336722413,
        "std": 2.123148448767947,
        "values": [
          17.452357644399726,
          23.314961723096555,
          16.714994453838823,
          19.05406540313382,
          19.012142258986355,
          16.758806642656122,
          14.67631003176734,
          17.085615818761557,
          20.875584108093552,
          15.379596177514847,
          19.0305112416178,
          16.42140459938357,
          19.823184694210067,
          17.078677203005984,
          17.8253171093643,
          17.851699639908247,
          16.41443674468496,
          17.074335635284147,
          17.09267526086559,
          13.690614265311433,
          16.27605802018689,
          15.220981606877425,
          21.38365545345114,
          18.926838256069633,
          18.64477562675259,
          18.19837007747619,
          15.519782652092664,
          21.541755757041035,
          19.45404240643023,
          18.23046958940981
        ]
      },
      "peak_throughput": {
        "mean": 30.133333333333333,
        "std": 3.8792897402603086,
        "values": [
          31.0,
          42.0,
          30.0,
          29.0,
          36.0,
          32.0,
          28.0,
          27.0,
          33.0,
          27.0,
          32.0,
          34.0,
          29.0,
          27.0,
          30.0,
          29.0,
          32.0,
          29.0,
          28.0,
          21.0,
          26.0,
          28.0,
          36.0,
          28.0,
          30.0,
          30.0,
          27.0,
          36.0,
          30.0,
          27.0
        ]
      },
      "peak_req_throughput": {
        "mean": 30.133333333333333,
        "std": 3.8792897402603086,
        "values": [
          31.0,
          42.0,
          30.0,
          29.0,
          36.0,
          32.0,
          28.0,
          27.0,
          33.0,
          27.0,
          32.0,
          34.0,
          29.0,
          27.0,
          30.0,
          29.0,
          32.0,
          29.0,
          28.0,
          21.0,
          26.0,
          28.0,
          36.0,
          28.0,
          30.0,
          30.0,
          27.0,
          36.0,
          30.0,
          27.0
        ]
      },
      "ttfr": {
        "mean": 12998.864833098682,
        "std": 50.50636575811634,
        "values": [
          12928.715375019237,
          13030.170556972735,
          12932.058739999775,
          13073.82415101165,
          12978.034564002883,
          12967.655326996464,
          13035.310827952344,
          12967.310064996127,
          13061.533275002148,
          12980.93985999003,
          12961.27821400296,
          13043.214584002271,
          12968.597199011128,
          12971.090025966987,
          13033.585146011319,
          12985.934810014442,
          13054.958541993983,
          13040.198147995397,
          12966.271556040738,
          13055.681150988676,
          12947.666982014198,
          12961.511456000153,
          13059.482581971679,
          12975.142513983883,
          12971.20948304655,
          13082.010497979354,
          12991.393742966466,
          13048.326170013752,
          13027.17549301451,
          12865.663953998592
        ]
      },
      "est_ppt": {
        "mean": 12997.146494442137,
        "std": 50.50636575811634,
        "values": [
          12926.997036362687,
          13028.452218316184,
          12930.340401343225,
          13072.1058123551,
          12976.316225346332,
          12965.936988339914,
          13033.592489295794,
          12965.591726339577,
          13059.814936345598,
          12979.22152133348,
          12959.55987534641,
          13041.496245345721,
          12966.878860354578,
          12969.371687310437,
          13031.866807354769,
          12984.216471357891,
          13053.240203337433,
          13038.479809338847,
          12964.553217384188,
          13053.962812332125,
          12945.948643357648,
          12959.793117343603,
          13057.764243315129,
          12973.424175327333,
          12969.49114439,
          13080.292159322804,
          12989.675404309915,
          13046.607831357202,
          13025.45715435796,
          12863.945615342041
        ]
      },
      "e2e_ttft": {
        "mean": 13001.148049799182,
        "std": 50.71032987113495,