{
  "version": "0.3.7",
  "timestamp": "2026-05-13 19:10:39Z",
  "latency_mode": "api",
  "latency_ms": 1.671719675262769,
  "model": "qwen36-27b",
  "prefix_caching_enabled": false,
  "max_concurrency": 1,
  "benchmarks": [
    {
      "concurrency": 1,
      "context_size": 0,
      "prompt_size": 32768,
      "response_size": 128,
      "is_context_prefill_phase": false,
      "pp_throughput": {
        "mean": 2541.09047966298,
        "std": 0.0,
        "values": [
          2541.09047966298
        ]
      },
      "pp_req_throughput": {
        "mean": 2541.09047966298,
        "std": 0.0,
        "values": [
          2541.09047966298
        ]
      },
      "tg_throughput": {
        "mean": 17.066465747091474,
        "std": 0.0,
        "values": [
          17.066465747091474
        ]
      },
      "tg_req_throughput": {
        "mean": 17.066465747091474,
        "std": 0.0,
        "values": [
          17.066465747091474
        ]
      },
      "peak_throughput": {
        "mean": 29.0,
        "std": 0.0,
        "values": [
          29.0
        ]
      },
      "peak_req_throughput": {
        "mean": 29.0,
        "std": 0.0,
        "values": [
          29.0
        ]
      },
      "ttfr": {
        "mean": 12897.316429007333,
        "std": 0.0,
        "values": [
          12897.316429007333
        ]
      },
      "est_ppt": {
        "mean": 12895.64470933207,
        "std": 0.0,
        "values": [
          12895.64470933207
        ]
      },
      "e2e_ttft": {
        "mean": 12897.316429007333,
        "std": 0.0,
        "values": [
          12897.316429007333
        ]
      },
      "throughput_over_time": null,
      "requests_throughput_over_time": null
    }
  ]
}