{
  "version": "0.3.7",
  "timestamp": "2026-05-14 05:37:42Z",
  "latency_mode": "api",
  "latency_ms": 1.8360386602580547,
  "model": "aeon-ultimate",
  "prefix_caching_enabled": false,
  "max_concurrency": 1,
  "benchmarks": [
    {
      "concurrency": 1,
      "context_size": 0,
      "prompt_size": 2048,
      "response_size": 128,
      "is_context_prefill_phase": false,
      "pp_throughput": {
        "mean": 2229.438592484906,
        "std": 96.1940358274685,
        "values": [
          1838.8850326815846,
          2201.95186520223,
          2202.0319326066983,
          2199.141628401764,
          2240.179267997691,
          2209.6843351664706,
          2205.3069821940658,
          2407.631105351154,
          2237.758808187215,
          2213.2181069858675,
          2204.041692014491,
          2210.0291878956205,
          2400.5396460270863,
          2305.6771541794537,
          2204.2504928929984,
          2207.266432304504,
          2300.405668962934,
          2197.5909861696236,
          2230.3677260254435,
          2225.5179332666125,
          2232.1946129663725,
          2224.7909579629936,
          2217.2947002317183,
          2204.5198256098165,
          2226.9779356724794,
          2231.7627414564245,
          2221.4168255780583,
          2204.7134798643956,
          2440.6722561804004,
          2237.3384545110302
        ]
      },
      "pp_req_throughput": {
        "mean": 2229.438592484906,
        "std": 96.1940358274685,
        "values": [
          1838.8850326815846,
          2201.95186520223,
          2202.0319326066983,
          2199.141628401764,
          2240.179267997691,
          2209.6843351664706,
          2205.3069821940658,
          2407.631105351154,
          2237.758808187215,
          2213.2181069858675,
          2204.041692014491,
          2210.0291878956205,
          2400.5396460270863,
          2305.6771541794537,
          2204.2504928929984,
          2207.266432304504,
          2300.405668962934,
          2197.5909861696236,
          2230.3677260254435,
          2225.5179332666125,
          2232.1946129663725,
          2224.7909579629936,
          2217.2947002317183,
          2204.5198256098165,
          2226.9779356724794,
          2231.7627414564245,
          2221.4168255780583,
          2204.7134798643956,
          2440.6722561804004,
          2237.3384545110302
        ]
      },
      "tg_throughput": {
        "mean": 32.12296040711513,
        "std": 7.819014447402777,
        "values": [
          27.588773367319043,
          46.62023562366365,
          27.70275199961251,
          31.032825134695525,
          27.598711074484243,
          45.93399358012113,
          33.00522306596276,
          36.39614319984674,
          22.18866474956593,
          39.317985931256594,
          29.154330207889306,
          32.983092522645535,
          37.32259999909541,
          15.883779087716025,
          21.232289626342908,
          26.02053223519241,
          28.209062418890877,
          34.9021508737714,
          27.40078144727988,
          46.13443028797645,
          25.94383042221309,
          37.52208197070007,
          24.180561009110615,
          37.77637207581038,
          40.36006833922485,
          20.716029489108536,
          37.6261263197142,
          42.41962294870234,
          30.77145763876672,
          29.7443055667748
        ]
      },
      "tg_req_throughput": {
        "mean": 32.12296040711513,
        "std": 7.819014447402777,
        "values": [
          27.588773367319043,
          46.62023562366365,
          27.70275199961251,
          31.032825134695525,
          27.598711074484243,
          45.93399358012113,
          33.00522306596276,
          36.39614319984674,
          22.18866474956593,
          39.317985931256594,
          29.154330207889306,
          32.983092522645535,
          37.32259999909541,
          15.883779087716025,
          21.232289626342908,
          26.02053223519241,
          28.209062418890877,
          34.9021508737714,
          27.40078144727988,
          46.13443028797645,
          25.94383042221309,
          37.52208197070007,
          24.180561009110615,
          37.77637207581038,
          40.36006833922485,
          20.716029489108536,
          37.6261263197142,
          42.41962294870234,
          30.77145763876672,
          29.7443055667748
        ]
      },
      "peak_throughput": {
        "mean": 51.0,
        "std": 13.86602562620835,
        "values": [
          42.0,
          72.0,
          41.0,
          39.0,
          42.0,
          56.0,
          53.0,
          58.0,
          41.0,
          51.0,
          45.0,
          58.0,
          69.0,
          34.0,
          31.0,
          37.0,
          41.0,
          54.0,
          40.0,
          73.0,
          39.0,
          90.0,
          37.0,
          61.0,
          65.0,
          40.0,
          59.0,
          67.0,
          55.0,
          40.0
        ]
      },
      "peak_req_throughput": {
        "mean": 51.0,
        "std": 13.86602562620835,
        "values": [
          42.0,
          72.0,
          41.0,
          39.0,
          42.0,
          56.0,
          53.0,
          58.0,
          41.0,
          51.0,
          45.0,
          58.0,
          69.0,
          34.0,
          31.0,
          37.0,
          41.0,
          54.0,
          40.0,
          73.0,
          39.0,
          90.0,
          37.0,
          61.0,
          65.0,
          40.0,
          59.0,
          67.0,
          55.0,
          40.0
        ]
      },
      "ttfr": {
        "mean": 922.730523479792,
        "std": 43.402849801996446,
        "values": [
          1116.0981940338388,
          932.3740910040215,
          932.340255996678,
          933.563205995597,
          916.4949810365215,
          929.1178080020472,
          930.9583860449493,
          852.8800359927118,
          917.4843169748783,
          927.6372480089776,
          931.4917740412056,
          928.9731150493026,
          855.3941139834933,
          890.0783479912207,
          931.4037110307254,
          930.1335790078156,
          892.1137960278429,
          934.2206420260482,
          920.51862902008,
          922.5205990369432,
          919.7667549597099,
          922.821443004068,
          925.9351220098324,
          931.2901429948397,
          921.9170000287704,
          919.9443850084208,
          924.2203370085917,
          931.2085030251183,
          841.3588360417634,
          917.6563500077464
        ]
      },
      "est_ppt": {
        "mean": 920.894484819534,
        "std": 43.402849801996446,
        "values": [
          1114.2621553735808,
          930.5380523437634,
          930.50421733642,
          931.7271673353389,
          914.6589423762634,
          927.2817693417892,
          929.1223473846912,
          851.0439973324537,
          915.6482783146203,
          925.8012093487196,
          929.6557353809476,
          927.1370763890445,
          853.5580753232352,
          888.2423093309626,
          929.5676723704673,
          928.2975403475575,
          890.2777573675849,
          932.3846033657901,
          918.6825903598219,
          920.6845603766851,
          917.9307162994519,
          920.9854043438099,
          924.0990833495744,
          929.4541043345816,
          920.0809613685124,
          918.1083463481627,
          922.3842983483337,
          929.3724643648602,
          839.5227973815054,
          915.8203113474883
        ]
      },
      "e2e_ttft": {
        "mean": 922.730523479792,
        "std": 43.402849801996446,