{
  "version": "0.3.7",
  "timestamp": "2026-04-28 04:02:23Z",
  "latency_mode": "api",
  "latency_ms": 1.7342333327784825,
  "model": "qwen36-35b-a3b",
  "prefix_caching_enabled": false,
  "max_concurrency": 1,
  "benchmarks": [
    {
      "concurrency": 1,
      "context_size": 0,
      "prompt_size": 128,
      "response_size": 128,
      "is_context_prefill_phase": false,
      "pp_throughput": {
        "mean": 1066.9028605851736,
        "std": 244.06289606324466,
        "values": [
          564.6546252024034,
          862.5442948108987,
          956.9911438787134,
          931.4609469618067,
          314.99247898576476,
          1021.1055417708766,
          1070.2350400821701,
          1236.702575228786,
          1365.86934822476,
          857.2208234037079,
          1205.8943818317384,
          1188.9314609686496,
          1364.9874178030846,
          1160.1250800708838,
          1183.453609911228,
          1253.0540562067752,
          1168.3741796092588,
          1173.67515765681,
          1221.0745579905326,
          1009.017592851797,
          1152.1119299626373,
          1209.3866894605364
        ]
      },
      "pp_req_throughput": {
        "mean": 1066.9028605851736,
        "std": 244.06289606324466,
        "values": [
          564.6546252024034,
          862.5442948108987,
          956.9911438787134,
          931.4609469618067,
          314.99247898576476,
          1021.1055417708766,
          1070.2350400821701,
          1236.702575228786,
          1365.86934822476,
          857.2208234037079,
          1205.8943818317384,
          1188.9314609686496,
          1364.9874178030846,
          1160.1250800708838,
          1183.453609911228,
          1253.0540562067752,
          1168.3741796092588,
          1173.67515765681,
          1221.0745579905326,
          1009.017592851797,
          1152.1119299626373,
          1209.3866894605364
        ]
      },
      "tg_throughput": {
        "mean": 41.09392332512663,
        "std": 0.17738910672006605,
        "values": [
          41.29019986912756,
          41.233794079987895,
          41.231275248934246,
          41.24241413865071,
          41.2148658590504,
          41.21185248688431,
          41.21031067631217,
          41.18387386932937,
          41.1477639602766,
          41.04247754654848,
          41.127764268550074,
          41.131064876031694,
          41.11532849741729,
          41.0738995222503,
          41.07468027632652,
          41.04285020572267,
          41.05570671399015,
          41.02888886355166,
          40.38747709908111,
          41.051123640343114,
          41.0015022682469,
          40.96719918617262
        ]
      },
      "tg_req_throughput": {
        "mean": 41.09392332512663,
        "std": 0.17738910672006605,
        "values": [
          41.29019986912756,
          41.233794079987895,
          41.231275248934246,
          41.24241413865071,
          41.2148658590504,
          41.21185248688431,
          41.21031067631217,
          41.18387386932937,
          41.1477639602766,
          41.04247754654848,
          41.127764268550074,
          41.131064876031694,
          41.11532849741729,
          41.0738995222503,
          41.07468027632652,
          41.04285020572267,
          41.05570671399015,
          41.02888886355166,
          40.38747709908111,
          41.051123640343114,
          41.0015022682469,
          40.96719918617262
        ]
      },
      "peak_throughput": {
        "mean": 42.0,
        "std": 0.0,
        "values": [
          42.0,
          42.0,
          42.0,
          42.0,
          42.0,
          42.0,
          42.0,
          42.0,
          42.0,
          42.0,
          42.0,
          42.0,
          42.0,
          42.0,
          42.0,
          42.0,
          42.0,
          42.0,
          42.0,
          42.0,
          42.0,
          42.0
        ]
      },
      "peak_req_throughput": {
        "mean": 42.0,
        "std": 0.0,
        "values": [
          42.0,
          42.0,
          42.0,
          42.0,
          42.0,
          42.0,
          42.0,
          42.0,
          42.0,
          42.0,
          42.0,
          42.0,
          42.0,
          42.0,
          42.0,
          42.0,
          42.0,
          42.0,
          42.0,
          42.0,
          42.0,
          42.0
        ]
      },
      "ttfr": {
        "mean": 136.14505572778316,
        "std": 65.62301546046214,
        "values": [
          230.1924700004747,
          151.2917700019898,
          136.53171899932204,
          140.2263519994449,
          408.0931420030538,
          128.06789300157106,
          122.26850400111289,
          106.04387300190865,
          96.17957700174884,
          152.22054500191007,
          108.70877599882078,
          110.2350210021541,
          94.77538400096819,
          112.92913999932352,
          109.89225400044234,
          104.6827049976855,
          112.14406799990684,
          111.64539500168758,
          107.37888799849316,
          129.58135999724618,
          113.70252100095968,
          108.39986900100484
        ]
      },
      "est_ppt": {
        "mean": 134.41082239500471,
        "std": 65.62301546046213,
        "values": [
          228.45823666769624,
          149.55753666921132,
          134.79748566654357,
          138.4921186666664,
          406.3589086702753,
          126.33365966879259,
          120.5342706683344,
          104.30963966913016,
          94.44534366897035,
          150.4863116691316,
          106.9745426660423,
          108.50078766937561,
          93.0411506681897,
          111.19490666654504,
          108.15802066766385,
          102.94847166490702,
          110.40983466712835,
          109.91116166890909,
          105.64465466571467,
          127.84712666446771,
          111.96828766818119,
          106.66563566822636
        ]
      },
      "e2e_ttft": {
        "mean": 136.14505572778316,
        "std": 65.62301546046214,
        "values": [
          230.1924700004747,
          151.2917700019898,
          136.53171899932204,
          140.2263519994449,
          408.0931420030538,
          128.06789300157106,
          122.26850400111289,
          106.04387300190865,
          96.17957700174884,
          152.22054500191007,
          108.70877599882078,
          110.2350210021541,
          94.77538400096819,
          112.92913999932352,
          109.89225400044234,
          104.6827049976855,
          112.14406799990684,
          111.64539500168758,
          107.37888799849316,
          129.58135999724618,
          113.70252100095968,
          108.39986900100484
        ]
      },
      "throughput_over_time": null,
      "requests_throughput_over_time": null
    }
  ]
}