{
  "version": "0.3.7",
  "timestamp": "2026-04-28 03:55:53Z",
  "latency_mode": "api",
  "latency_ms": 1.7590426662839793,
  "model": "qwen36-35b-a3b",
  "prefix_caching_enabled": false,
  "max_concurrency": 1,
  "benchmarks": [
    {
      "concurrency": 1,
      "context_size": 0,
      "prompt_size": 128,
      "response_size": 128,
      "is_context_prefill_phase": false,
      "pp_throughput": {
        "mean": 1249.1015376649054,
        "std": 237.55730285042762,
        "values": [
          840.5263420125781,
          1141.3534246653076,
          1264.313804608714,
          341.0988625833912,
          1236.8623485361795,
          1399.6158513918394,
          1385.107129876671,
          1268.7217557266883,
          1227.9626124689732,
          1249.2720286637345,
          1293.425361144894,
          1252.853673702736,
          1232.8145963777904,
          1424.110566530084,
          1312.5324502251608,
          1324.4219282005772,
          1408.8957649742267,
          1277.8935896734697,
          1465.5487269215873,
          1458.862521641825,
          1439.291154503109,
          1234.749334198381
        ]
      },
      "pp_req_throughput": {
        "mean": 1249.1015376649054,
        "std": 237.55730285042762,
        "values": [
          840.5263420125781,
          1141.3534246653076,
          1264.313804608714,
          341.0988625833912,
          1236.8623485361795,
          1399.6158513918394,
          1385.107129876671,
          1268.7217557266883,
          1227.9626124689732,
          1249.2720286637345,
          1293.425361144894,
          1252.853673702736,
          1232.8145963777904,
          1424.110566530084,
          1312.5324502251608,
          1324.4219282005772,
          1408.8957649742267,
          1277.8935896734697,
          1465.5487269215873,
          1458.862521641825,
          1439.291154503109,
          1234.749334198381
        ]
      },
      "tg_throughput": {
        "mean": 42.62449456711995,
        "std": 0.4539800442568289,
        "values": [
          42.932540279347904,
          42.893845267760796,
          42.87846605300698,
          42.84995422057509,
          42.69754148350548,
          42.88087089781973,
          42.83114252763829,
          42.82115293528352,
          42.79159932550009,
          42.748742269897164,
          40.716699408249504,
          42.728317791270705,
          42.73674139035724,
          42.713876527375106,
          42.68071285025064,
          42.71362868748011,
          42.6871447938308,
          42.63101367992157,
          42.629180528281296,
          42.61339201149537,
          42.53956404798945,
          42.02275349980214
        ]
      },
      "tg_req_throughput": {
        "mean": 42.62449456711995,
        "std": 0.4539800442568289,
        "values": [
          42.932540279347904,
          42.893845267760796,
          42.87846605300698,
          42.84995422057509,
          42.69754148350548,
          42.88087089781973,
          42.83114252763829,
          42.82115293528352,
          42.79159932550009,
          42.748742269897164,
          40.716699408249504,
          42.728317791270705,
          42.73674139035724,
          42.713876527375106,
          42.68071285025064,
          42.71362868748011,
          42.6871447938308,
          42.63101367992157,
          42.629180528281296,
          42.61339201149537,
          42.53956404798945,
          42.02275349980214
        ]
      },
      "peak_throughput": {
        "mean": 43.81818181818182,
        "std": 0.3856946079199351,
        "values": [
          44.0,
          44.0,
          44.0,
          44.0,
          43.0,
          44.0,
          44.0,
          44.0,
          43.0,
          44.0,
          43.0,
          44.0,
          44.0,
          44.0,
          44.0,
          44.0,
          44.0,
          44.0,
          43.0,
          44.0,
          44.0,
          44.0
        ]
      },
      "peak_req_throughput": {
        "mean": 43.81818181818182,
        "std": 0.3856946079199351,
        "values": [
          44.0,
          44.0,
          44.0,
          44.0,
          43.0,
          44.0,
          44.0,
          44.0,
          43.0,
          44.0,
          43.0,
          44.0,
          44.0,
          44.0,
          44.0,
          44.0,
          44.0,
          44.0,
          43.0,
          44.0,
          44.0,
          44.0
        ]
      },
      "ttfr": {
        "mean": 115.30010577222458,
        "std": 58.61036457049693,
        "values": [
          155.23430400207872,
          114.78275400077109,
          103.79067399844644,
          377.01681699763867,
          106.05520800163504,
          93.92718999879435,
          94.89263299838058,
          103.43618299884838,
          106.81110100267688,
          105.01917900182889,
          101.49421399910352,
          104.72397999910754,
          106.39764799998375,
          92.34189699782291,
          100.04232699793647,
          98.40498099947581,
          93.32010999787599,
          102.70641500028432,
          89.78068099895609,
          89.49863299858407,
          90.69170899965684,
          106.23368899905472
        ]
      },
      "est_ppt": {
        "mean": 113.5410631059406,
        "std": 58.61036457049693,
        "values": [
          153.47526133579473,
          113.02371133448712,
          102.03163133216246,
          375.2577743313547,
          104.29616533535106,
          92.16814733251037,
          93.1335903320966,
          101.6771403325644,
          105.0520583363929,
          103.26013633554491,
          99.73517133281955,
          102.96493733282357,
          104.63860533369977,
          90.58285433153894,
          98.2832843316525,
          96.64593833319184,
          91.56106733159201,
          100.94737233400035,
          88.02163833267211,
          87.7395903323001,
          88.93266633337286,
          104.47464633277075
        ]
      },
      "e2e_ttft": {
        "mean": 115.30010577222458,
        "std": 58.61036457049693,
        "values": [
          155.23430400207872,
          114.78275400077109,
          103.79067399844644,
          377.01681699763867,
          106.05520800163504,
          93.92718999879435,
          94.89263299838058,
          103.43618299884838,
          106.81110100267688,
          105.01917900182889,
          101.49421399910352,
          104.72397999910754,
          106.39764799998375,
          92.34189699782291,
          100.04232699793647,
          98.40498099947581,
          93.32010999787599,
          102.70641500028432,
          89.78068099895609,
          89.49863299858407,
          90.69170899965684,
          106.23368899905472
        ]
      },
      "throughput_over_time": null,
      "requests_throughput_over_time": null
    }
  ]
}