{
  "version": "0.3.7",
  "timestamp": "2026-04-27 20:24:44Z",
  "latency_mode": "api",
  "latency_ms": 1.6980733335003606,
  "model": "qwen36-35b-a3b",
  "prefix_caching_enabled": false,
  "max_concurrency": 1,
  "benchmarks": [
    {
      "concurrency": 1,
      "context_size": 0,
      "prompt_size": 128,
      "response_size": 128,
      "is_context_prefill_phase": false,
      "pp_throughput": {
        "mean": 1510.8851390424823,
        "std": 304.8440657203558,
        "values": [
          458.62028663447455,
          1582.0032940366477,
          1576.333709372737,
          1653.130567327013,
          364.5015020836718,
          1602.0434291648303,
          1614.697630387176,
          1574.397789175659,
          1568.3189521514043,
          1184.1748996046338,
          1609.926338227518,
          1607.1518525401966,
          1617.4010382041645,
          1655.6460179540572,
          1688.4962259639365,
          1583.001039473949,
          1592.4331002634724,
          1639.7942176074155,
          1635.4235048053645,
          1603.3709934735778,
          1581.9813905745348,
          1571.4799789528136,
          1593.8612733646585,
          1577.68947165289,
          1559.909207956527,
          1609.4403198230186,
          1595.3953147879638,
          1605.9313260097244,
          1599.1095430816313,
          1620.8899566188002
        ]
      },
      "pp_req_throughput": {
        "mean": 1510.8851390424823,
        "std": 304.8440657203558,
        "values": [
          458.62028663447455,
          1582.0032940366477,
          1576.333709372737,
          1653.130567327013,
          364.5015020836718,
          1602.0434291648303,
          1614.697630387176,
          1574.397789175659,
          1568.3189521514043,
          1184.1748996046338,
          1609.926338227518,
          1607.1518525401966,
          1617.4010382041645,
          1655.6460179540572,
          1688.4962259639365,
          1583.001039473949,
          1592.4331002634724,
          1639.7942176074155,
          1635.4235048053645,
          1603.3709934735778,
          1581.9813905745348,
          1571.4799789528136,
          1593.8612733646585,
          1577.68947165289,
          1559.909207956527,
          1609.4403198230186,
          1595.3953147879638,
          1605.9313260097244,
          1599.1095430816313,
          1620.8899566188002
        ]
      },
      "tg_throughput": {
        "mean": 43.00234198699978,
        "std": 0.1329817011776267,
        "values": [
          43.20372402547572,
          43.205513662036694,
          43.178587282982754,
          43.16599479729994,
          43.110665215425,
          43.087373675917675,
          43.13506545607407,
          43.10358163598233,
          43.10908790845399,
          43.1097870561982,
          43.10213424884531,
          43.075647451240975,
          43.08610497798794,
          43.06240588909177,
          42.99609245857656,
          42.817689347385006,
          42.97015931602593,
          42.976339567111125,
          42.97320819938452,
          42.94164255188994,
          42.96962712781656,
          42.92931957446568,
          42.94082954428816,
          42.88146763737152,
          42.90495665725141,
          42.85692997534466,
          42.655537380638975,
          42.83011457850932,
          42.851574287839156,
          42.83909812308263
        ]
      },
      "tg_req_throughput": {
        "mean": 43.00234198699978,
        "std": 0.1329817011776267,
        "values": [
          43.20372402547572,
          43.205513662036694,
          43.178587282982754,
          43.16599479729994,
          43.110665215425,
          43.087373675917675,
          43.13506545607407,
          43.10358163598233,
          43.10908790845399,
          43.1097870561982,
          43.10213424884531,
          43.075647451240975,
          43.08610497798794,
          43.06240588909177,
          42.99609245857656,
          42.817689347385006,
          42.97015931602593,
          42.976339567111125,
          42.97320819938452,
          42.94164255188994,
          42.96962712781656,
          42.92931957446568,
          42.94082954428816,
          42.88146763737152,
          42.90495665725141,
          42.85692997534466,
          42.655537380638975,
          42.83011457850932,
          42.851574287839156,
          42.83909812308263
        ]
      },
      "peak_throughput": {
        "mean": 43.733333333333334,
        "std": 0.4422166387140533,
        "values": [
          44.0,
          44.0,
          44.0,
          44.0,
          44.0,
          44.0,
          44.0,
          44.0,
          44.0,
          44.0,
          44.0,
          44.0,
          44.0,
          44.0,
          44.0,
          44.0,
          44.0,
          44.0,
          44.0,
          44.0,
          44.0,
          43.0,
          44.0,
          43.0,
          43.0,
          43.0,
          43.0,
          43.0,
          43.0,
          43.0
        ]
      },
      "peak_req_throughput": {
        "mean": 43.733333333333334,
        "std": 0.4422166387140533,
        "values": [
          44.0,
          44.0,
          44.0,
          44.0,
          44.0,
          44.0,
          44.0,
          44.0,
          44.0,
          44.0,
          44.0,
          44.0,
          44.0,
          44.0,
          44.0,
          44.0,
          44.0,
          44.0,
          44.0,
          44.0,
          44.0,
          43.0,
          44.0,
          43.0,
          43.0,
          43.0,
          43.0,
          43.0,
          43.0,
          43.0
        ]
      },
      "ttfr": {
        "mean": 98.73662703345569,
        "std": 59.509185709499874,
        "values": [
          282.9765160004172,
          83.24025500041898,
          83.53353700022126,
          79.73183699959918,
          352.8626070001337,
          82.22023500002251,
          81.5891920001377,
          83.63416400061396,
          83.95174999986921,
          110.63468400061538,
          81.82596299957368,
          81.34207199964294,
          80.83738200002699,
          79.61327900011383,
          77.50517200020113,
          83.18885999960912,
          82.7061859999958,
          80.3664810000555,
          79.96526199985965,
          82.15356399978191,
          83.24138399984804,
          83.78629700018791,
          82.63359900047362,
          83.46321299995907,
          84.39519400053541,
          81.85016000061296,
          82.55577600084507,
          82.02529400023195,
          82.36796900018817,
          81.90092699987872
        ]
      },
      "est_ppt": {
        "mean": 97.03855369995533,
        "std": 59.509185709499874,
        "values": [
          281.2784426669168,
          81.54218166691862,
          81.8354636667209,
          78.03376366609882,
          351.16453366663336,
          80.52216166652215,
          79.89111866663734,
          81.9360906671136,
          82.25367666636885,
          108.93661066711502,
          80.12788966607332,
          79.64399866614258,
          79.13930866652663,
          77.91520566661347,
          75.80709866670077,
          81.49078666610876,
          81.00811266649544,
          78.66840766655514,
          78.26718866635929,
          80.45549066628155,
          81.54331066634768,
          82.08822366668755,
          80.93552566697326,
          81.76513966645871,
          82.69712066703505,
          80.1520866671126,
          80.85770266734471,
          80.32722066673159,
          80.66989566668781,
          80.20285366637836
        ]
      },
      "e2e_ttft": {
        "mean": 98.73662703345569,
        "std": 59.509185709499874,