{
  "version": "0.3.7",
  "timestamp": "2026-04-27 19:58:48Z",
  "latency_mode": "api",
  "latency_ms": 1.7304719999629015,
  "model": "qwen36-35b-a3b",
  "prefix_caching_enabled": false,
  "max_concurrency": 1,
  "benchmarks": [
    {
      "concurrency": 1,
      "context_size": 0,
      "prompt_size": 128,
      "response_size": 128,
      "is_context_prefill_phase": false,
      "pp_throughput": {
        "mean": 531.4520126974104,
        "std": 341.3059881583788,
        "values": [
          31.727954916473745,
          423.0974378355742,
          862.2251329054768,
          904.055149887807,
          809.1636922528137,
          811.6656002906751,
          903.7380286227024,
          814.9884384714079,
          901.0513945913129,
          643.4574812053421,
          893.3371693731017,
          394.35885068753583,
          865.9859895960004,
          858.7956364495086,
          810.5883448135856,
          454.45346534935186,
          812.5628517354485,
          837.2570454473755,
          873.3212347420501,
          551.4644894038017,
          615.7644769376858,
          78.37319693140981,
          71.76902518107342,
          162.67828258200524,
          61.27157678457941,
          154.22756846337583,
          95.84295086697692,
          85.40227302108529,
          71.23075519453752,
          89.70488638223645
        ]
      },
      "pp_req_throughput": {
        "mean": 531.4520126974104,
        "std": 341.3059881583788,
        "values": [
          31.727954916473745,
          423.0974378355742,
          862.2251329054768,
          904.055149887807,
          809.1636922528137,
          811.6656002906751,
          903.7380286227024,
          814.9884384714079,
          901.0513945913129,
          643.4574812053421,
          893.3371693731017,
          394.35885068753583,
          865.9859895960004,
          858.7956364495086,
          810.5883448135856,
          454.45346534935186,
          812.5628517354485,
          837.2570454473755,
          873.3212347420501,
          551.4644894038017,
          615.7644769376858,
          78.37319693140981,
          71.76902518107342,
          162.67828258200524,
          61.27157678457941,
          154.22756846337583,
          95.84295086697692,
          85.40227302108529,
          71.23075519453752,
          89.70488638223645
        ]
      },
      "tg_throughput": {
        "mean": 132.62877353738588,
        "std": 55.704590103482936,
        "values": [
          145.342485295505,
          195.66555288852743,
          233.7985614200802,
          68.87567657933923,
          198.66987483990545,
          102.43099603881103,
          72.36713123897617,
          214.10559813195525,
          62.04308774122214,
          119.9026294349182,
          98.89363793790992,
          67.67614424829203,
          151.22770485072712,
          172.95654581864184,
          99.94619235405735,
          185.10672697834292,
          231.24299949380716,
          79.26659401518191,
          67.80201145526647,
          78.30425706672327,
          88.50314951455536,
          96.1051353736848,
          172.52526512957874,
          93.8795444619558,
          73.5391046035737,
          149.3716728216862,
          100.33412527770396,
          228.86476843258515,
          181.43502585005382,
          148.6810068280088
        ]
      },
      "tg_req_throughput": {
        "mean": 132.62877353738588,
        "std": 55.704590103482936,
        "values": [
          145.342485295505,
          195.66555288852743,
          233.7985614200802,
          68.87567657933923,
          198.66987483990545,
          102.43099603881103,
          72.36713123897617,
          214.10559813195525,
          62.04308774122214,
          119.9026294349182,
          98.89363793790992,
          67.67614424829203,
          151.22770485072712,
          172.95654581864184,
          99.94619235405735,
          185.10672697834292,
          231.24299949380716,
          79.26659401518191,
          67.80201145526647,
          78.30425706672327,
          88.50314951455536,
          96.1051353736848,
          172.52526512957874,
          93.8795444619558,
          73.5391046035737,
          149.3716728216862,
          100.33412527770396,
          228.86476843258515,
          181.43502585005382,
          148.6810068280088
        ]
      },
      "peak_throughput": {
        "mean": 137.13302670993923,
        "std": 53.09381399694949,
        "values": [
          146.50705010462062,
          197.21818116263503,
          235.65686156821985,
          86.0,
          200.2617524363895,
          111.0,
          77.0,
          215.84785143968796,
          72.0,
          123.0,
          103.0,
          82.0,
          152.47124748733842,
          174.3568178249182,
          114.0,
          186.60320758088454,
          233.12958827255088,
          89.0,
          69.0,
          79.0,
          104.0,
          100.0,
          173.8971155893297,
          90.0,
          88.0,
          150.57591712123232,
          97.0,
          230.68951464878967,
          182.90018318949294,
          149.87551287208763
        ]
      },
      "peak_req_throughput": {
        "mean": 137.13302670993923,
        "std": 53.09381399694949,
        "values": [
          146.50705010462062,
          197.21818116263503,
          235.65686156821985,
          86.0,
          200.2617524363895,
          111.0,
          77.0,
          215.84785143968796,
          72.0,
          123.0,
          103.0,
          82.0,
          152.47124748733842,
          174.3568178249182,
          114.0,
          186.60320758088454,
          233.12958827255088,
          89.0,
          69.0,
          79.0,
          104.0,
          100.0,
          173.8971155893297,
          90.0,
          88.0,
          150.57591712123232,
          97.0,
          230.68951464878967,
          182.90018318949294,
          149.87551287208763
        ]
      },
      "ttfr": {
        "mean": 701.6098987000381,
        "std": 887.2244790102795,
        "values": [
          4067.5456289995964,
          304.26125700023476,
          151.34336899973277,
          144.42088199984937,
          161.15433300001314,
          160.66291900006036,
          144.47095200011972,
          160.01492600025813,
          146.00637100011227,
          202.20991899986984,
          146.1328370000956,
          326.3079469998047,
          150.69362099984573,
          151.94083000005776,
          160.87413700006437,
          285.5879180001466,
          161.71809600018605,
          155.80501900012678,
          150.58749600029842,
          235.65305900001476,
          209.60215800005244,
          1647.7013530002296,
          1785.2296860000934,
          794.7066330002599,
          2107.111249999889,
          838.1568079998942,
          1347.682352999982,
          1512.2289099999762,
          1798.7070680001125,
          1439.7792250001658
        ]
      },
      "est_ppt": {
        "mean": 699.8794267000752,
        "std": 887.2244790102795,