{
  "version": "0.3.7",
  "timestamp": "2026-04-28 04:56:29Z",
  "latency_mode": "api",
  "latency_ms": 2.1471180007210933,
  "model": "qwen36-35b-a3b",
  "prefix_caching_enabled": false,
  "max_concurrency": 1,
  "benchmarks": [
    {
      "concurrency": 1,
      "context_size": 0,
      "prompt_size": 128,
      "response_size": 128,
      "is_context_prefill_phase": false,
      "pp_throughput": {
        "mean": 932.8545801368786,
        "std": 5.047683397779772,
        "values": [
          930.4162394231444,
          934.11985742926,
          924.8440999663507,
          940.0456381178927,
          934.8470657477449
        ]
      },
      "pp_req_throughput": {
        "mean": 932.8545801368786,
        "std": 5.047683397779772,
        "values": [
          930.4162394231444,
          934.11985742926,
          924.8440999663507,
          940.0456381178927,
          934.8470657477449
        ]
      },
      "tg_throughput": {
        "mean": 161.01181391442879,
        "std": 24.67406437123383,
        "values": [
          208.01291223733494,
          143.3120198832363,
          156.7354970732777,
          158.25251009031587,
          138.74613028797916
        ]
      },
      "tg_req_throughput": {
        "mean": 161.01181391442879,
        "std": 24.67406437123383,
        "values": [
          208.01291223733494,
          143.3120198832363,
          156.7354970732777,
          158.25251009031587,
          138.74613028797916
        ]
      },
      "peak_throughput": {
        "mean": 162.2968053272767,
        "std": 24.873889218869035,
        "values": [
          209.67892702996704,
          144.45295397757758,
          157.98682737666,
          159.51307258686182,
          139.852245665317
        ]
      },
      "peak_req_throughput": {
        "mean": 162.2968053272767,
        "std": 24.873889218869035,
        "values": [
          209.67892702996704,
          144.45295397757758,
          157.98682737666,
          159.51307258686182,
          139.852245665317
        ]
      },
      "ttfr": {
        "mean": 140.43639120063744,
        "std": 0.7492440573834269,
        "values": [
          140.79474100435618,
          140.24502800020855,
          141.63008600007743,
          139.3744980014162,
          140.13760299712885
        ]
      },
      "est_ppt": {
        "mean": 138.28927319991635,
        "std": 0.7492440573834269,
        "values": [
          138.6476230036351,
          138.09790999948746,
          139.48296799935633,
          137.22738000069512,
          137.99048499640776
        ]
      },
      "e2e_ttft": {
        "mean": 140.43639120063744,
        "std": 0.7492440573834269,
        "values": [
          140.79474100435618,
          140.24502800020855,
          141.63008600007743,
          139.3744980014162,
          140.13760299712885
        ]
      },
      "throughput_over_time": null,
      "requests_throughput_over_time": null
    }
  ]
}