{
  "version": "0.3.7",
  "timestamp": "2026-04-28 01:49:05Z",
  "latency_mode": "api",
  "latency_ms": 2.0440879986078166,
  "model": "qwen36-35b-a3b",
  "prefix_caching_enabled": false,
  "max_concurrency": 1,
  "benchmarks": [
    {
      "concurrency": 1,
      "context_size": 0,
      "prompt_size": 128,
      "response_size": 128,
      "is_context_prefill_phase": false,
      "pp_throughput": {
        "mean": 944.3387803381332,
        "std": 23.03036483586309,
        "values": [
          939.3521621512657,
          954.6515195845753,
          1001.2967413668111,
          934.5151748371757,
          882.7336818620878,
          968.1590863925622,
          955.5501124645795,
          914.0037767454832,
          919.0935615476947,
          925.6597688239734,
          961.6036254837239,
          961.1841667769191,
          944.3112774374775,
          959.1142316778319,
          946.7856067015974,
          916.3471320740622,
          943.4521270076759,
          945.5359076485097,
          934.9131851179151,
          968.1328345385726,
          968.5523535861879,
          936.0107374449287,
          938.8121810501032,
          933.0752165215149,
          909.9198467151126,
          975.2589824793189,
          929.2684264089276,
          968.7294584960638,
          945.1147330770652,
          949.0257941242777
        ]
      },
      "pp_req_throughput": {
        "mean": 944.3387803381332,
        "std": 23.03036483586309,
        "values": [
          939.3521621512657,
          954.6515195845753,
          1001.2967413668111,
          934.5151748371757,
          882.7336818620878,
          968.1590863925622,
          955.5501124645795,
          914.0037767454832,
          919.0935615476947,
          925.6597688239734,
          961.6036254837239,
          961.1841667769191,
          944.3112774374775,
          959.1142316778319,
          946.7856067015974,
          916.3471320740622,
          943.4521270076759,
          945.5359076485097,
          934.9131851179151,
          968.1328345385726,
          968.5523535861879,
          936.0107374449287,
          938.8121810501032,
          933.0752165215149,
          909.9198467151126,
          975.2589824793189,
          929.2684264089276,
          968.7294584960638,
          945.1147330770652,
          949.0257941242777
        ]
      },
      "tg_throughput": {
        "mean": 59.21042678284587,
        "std": 17.898385705642625,
        "values": [
          55.51514368794594,
          47.822419225824454,
          76.29727640280014,
          54.52112707020208,
          53.11077133293099,
          60.83227981563876,
          50.50459854251361,
          47.1151153861102,
          59.380754339942705,
          54.75891323239618,
          140.37582860399317,
          45.992706841570396,
          47.0108759546248,
          45.45304050989523,
          75.94160336356708,
          61.637678802863114,
          48.62513795053214,
          61.32281122948099,
          57.43921851880119,
          54.66304252878372,
          47.64833817988459,
          47.63038822338944,
          70.54181299149263,
          78.03813442566712,
          57.36065090160053,
          42.69954222817525,
          56.15265903118171,
          50.57246938274954,
          53.819755991846556,
          73.52870878897204
        ]
      },
      "tg_req_throughput": {
        "mean": 59.21042678284587,
        "std": 17.898385705642625,
        "values": [
          55.51514368794594,
          47.822419225824454,
          76.29727640280014,
          54.52112707020208,
          53.11077133293099,
          60.83227981563876,
          50.50459854251361,
          47.1151153861102,
          59.380754339942705,
          54.75891323239618,
          140.37582860399317,
          45.992706841570396,
          47.0108759546248,
          45.45304050989523,
          75.94160336356708,
          61.637678802863114,
          48.62513795053214,
          61.32281122948099,
          57.43921851880119,
          54.66304252878372,
          47.64833817988459,
          47.63038822338944,
          70.54181299149263,
          78.03813442566712,
          57.36065090160053,
          42.69954222817525,
          56.15265903118171,
          50.57246938274954,
          53.819755991846556,
          73.52870878897204
        ]
      },
      "peak_throughput": {
        "mean": 72.4497287484039,
        "std": 17.516707518489994,
        "values": [
          70.0,
          59.0,
          87.0,
          64.0,
          71.0,
          83.0,
          59.0,
          53.0,
          85.0,
          74.0,
          141.49186245211698,
          68.0,
          56.0,
          60.0,
          95.0,
          74.0,
          60.0,
          62.0,
          77.0,
          66.0,
          57.0,
          65.0,
          94.0,
          87.0,
          72.0,
          52.0,
          69.0,
          65.0,
          60.0,
          88.0
        ]
      },
      "peak_req_throughput": {
        "mean": 72.4497287484039,
        "std": 17.516707518489994,
        "values": [
          70.0,
          59.0,
          87.0,
          64.0,
          71.0,
          83.0,
          59.0,
          53.0,
          85.0,
          74.0,
          141.49186245211698,
          68.0,
          56.0,
          60.0,
          95.0,
          74.0,
          60.0,
          62.0,
          77.0,
          66.0,
          57.0,
          65.0,
          94.0,
          87.0,
          72.0,
          52.0,
          69.0,
          65.0,
          60.0,
          88.0
        ]
      },
      "ttfr": {
        "mean": 138.01231733317158,
        "std": 3.050095029029481,
        "values": [
          139.37277600052767,
          135.07692500206758,
          130.8770249997906,
          140.0835799977358,
          143.64965099957772,
          135.28665299963905,
          137.044856997818,
          142.0872730013798,
          140.22370900056558,
          141.40414700159454,
          135.15506700059632,
          134.17277299959096,
          138.65158499902464,
          136.54318699991563,
          138.2945750010549,
          140.6378540013975,
          138.7759860008373,
          138.47465499929967,
          141.0944319977716,
          135.29026600008365,
          134.20008300090558,
          138.79465599893592,
          139.45176400011405,
          139.22488300158875,
          143.81481699820142,
          133.29127700126264,
          138.71073499831255,
          134.1759219976666,
          138.53545299934922,
          137.97295399854193
        ]
      },
      "est_ppt": {
        "mean": 135.9682293345638,
        "std": 3.0500950290294813,
        "values": [
          137.32868800191986,
          133.03283700345978,
          128.83293700118278,
          138.039491999128,
          141.6055630009699,
          133.24256500103124,
          135.00076899921018,
          140.043185002772,
          138.17962100195777,
          139.36005900298673,
          133.1109790019885,
          132.12868500098315,
          136.60749700041683,
          134.49909900130783,
          136.2504870024471,
          138.5937660027897,
          136.73189800222949,
          136.43056700069187,
          139.0503439991638,
          133.24617800147584,
          132.15599500229777,
          136.75056800032812,
          137.40767600150625,
          137.18079500298094,
          141.77072899959362,
          131.24718900265484,
          136.66664699970474,
          132.13183399905878,
          136.4913650007414,
          135.92886599993412
        ]
      },
      "e2e_ttft": {
        "mean": 138.01231733317158,
        "std": 3.050095029029481,