{
  "version": "0.3.7",
  "timestamp": "2026-04-28 00:53:05Z",
  "latency_mode": "api",
  "latency_ms": 1.5307323325638815,
  "model": "qwen36-35b-a3b",
  "prefix_caching_enabled": false,
  "max_concurrency": 1,
  "benchmarks": [
    {
      "concurrency": 1,
      "context_size": 0,
      "prompt_size": 128,
      "response_size": 128,
      "is_context_prefill_phase": false,
      "pp_throughput": {
        "mean": 811.6009090787222,
        "std": 156.98784041606655,
        "values": [
          25.427292032862233,
          839.4696686107333,
          777.8776016103848,
          864.1249137294783,
          821.8597116170579,
          810.9116999065864,
          566.2748317165436,
          849.6448588611013,
          833.736587885663,
          835.0072495528202,
          836.2481444651002,
          910.2344708776203,
          845.7531206232177,
          828.5966527150036,
          856.6150930566121,
          822.763990880924,
          826.0538205252104,
          860.9554903053445,
          850.6404231249154,
          853.2142862818308,
          864.1773611510328,
          865.6227119399442,
          918.1892740076285,
          855.1499455968054,
          831.4117159951628,
          907.8043177028273,
          848.6295539288818,
          847.1432476703503,
          836.4700057941801,
          858.0192301958459
        ]
      },
      "pp_req_throughput": {
        "mean": 811.6009090787222,
        "std": 156.98784041606655,
        "values": [
          25.427292032862233,
          839.4696686107333,
          777.8776016103848,
          864.1249137294783,
          821.8597116170579,
          810.9116999065864,
          566.2748317165436,
          849.6448588611013,
          833.736587885663,
          835.0072495528202,
          836.2481444651002,
          910.2344708776203,
          845.7531206232177,
          828.5966527150036,
          856.6150930566121,
          822.763990880924,
          826.0538205252104,
          860.9554903053445,
          850.6404231249154,
          853.2142862818308,
          864.1773611510328,
          865.6227119399442,
          918.1892740076285,
          855.1499455968054,
          831.4117159951628,
          907.8043177028273,
          848.6295539288818,
          847.1432476703503,
          836.4700057941801,
          858.0192301958459
        ]
      },
      "tg_throughput": {
        "mean": 137.14833553633116,
        "std": 61.64709243904064,
        "values": [
          93.9309705880655,
          210.16385534260803,
          226.94496197000998,
          196.1827565578159,
          77.7234204042933,
          77.66960166319137,
          68.60908846279831,
          226.82867239635925,
          225.40206959411742,
          80.11848047075705,
          69.8088767077076,
          103.60496392494778,
          80.82327771853495,
          149.62604187195825,
          248.70106079723917,
          225.562613099205,
          149.5353702910901,
          83.6949234105174,
          141.5444035366135,
          75.39833883403251,
          227.11264212300773,
          72.77526818857751,
          77.93882655264721,
          180.37217540120113,
          103.12776431891305,
          179.31613564306886,
          81.98120574143195,
          101.47609671174683,
          180.76636046533335,
          97.70984330214435
        ]
      },
      "tg_req_throughput": {
        "mean": 137.14833553633116,
        "std": 61.64709243904064,
        "values": [
          93.9309705880655,
          210.16385534260803,
          226.94496197000998,
          196.1827565578159,
          77.7234204042933,
          77.66960166319137,
          68.60908846279831,
          226.82867239635925,
          225.40206959411742,
          80.11848047075705,
          69.8088767077076,
          103.60496392494778,
          80.82327771853495,
          149.62604187195825,
          248.70106079723917,
          225.562613099205,
          149.5353702910901,
          83.6949234105174,
          141.5444035366135,
          75.39833883403251,
          227.11264212300773,
          72.77526818857751,
          77.93882655264721,
          180.37217540120113,
          103.12776431891305,
          179.31613564306886,
          81.98120574143195,
          101.47609671174683,
          180.76636046533335,
          97.70984330214435
        ]
      },
      "peak_throughput": {
        "mean": 141.14208927688233,
        "std": 59.5738526140794,
        "values": [
          97.0,
          211.85198621438195,
          228.77151049953787,
          197.7577002136022,
          85.0,
          95.0,
          84.0,
          228.6524670887513,
          227.21391912960053,
          88.0,
          76.0,
          107.0,
          106.0,
          150.82406788792147,
          250.7037823164633,
          227.37339450141755,
          150.727534844654,
          82.0,
          142.6707341486883,
          75.0,
          228.93929804703444,
          77.0,
          82.0,
          181.82135129482708,
          99.0,
          180.74103788839736,
          88.0,
          108.0,
          182.21389423119197,
          95.0
        ]
      },
      "peak_req_throughput": {
        "mean": 141.14208927688233,
        "std": 59.5738526140794,
        "values": [
          97.0,
          211.85198621438195,
          228.77151049953787,
          197.7577002136022,
          85.0,
          95.0,
          84.0,
          228.6524670887513,
          227.21391912960053,
          88.0,
          76.0,
          107.0,
          106.0,
          150.82406788792147,
          250.7037823164633,
          227.37339450141755,
          150.727534844654,
          82.0,
          142.6707341486883,
          75.0,
          228.93929804703444,
          77.0,
          82.0,
          181.82135129482708,
          99.0,
          180.74103788839736,
          88.0,
          108.0,
          182.21389423119197,
          95.0
        ]
      },
      "ttfr": {
        "mean": 322.78966616686375,
        "std": 897.1480670253379,
        "values": [
          5153.475336999691,
          155.1991790001921,
          167.36659099842655,
          150.81470499717398,
          158.49182700185338,
          160.6109380009002,
          227.56938499878743,
          153.35887400215142,
          156.2558599980548,
          156.0204090019397,
          154.59534700130462,
          142.15383999908227,
          152.87513400107855,
          157.215647999692,
          152.12345600230037,
          158.31931499997154,
          158.905465999851,
          151.36426200115238,
          152.005594001821,
          152.7237000009336,
          149.6484750023228,
          150.55639700221946,
          142.02464099798817,
          154.72024099653936,
          156.68851699956576,
          143.6318410014792,
          153.54052200200385,
          153.80722199915908,
          155.7502489995386,
          151.8770129987388
        ]
      },
      "est_ppt": {
        "mean": 321.25893383429997,
        "std": 897.1480670253379,