{
  "version": "0.3.7",
  "timestamp": "2026-04-28 01:03:55Z",
  "latency_mode": "api",
  "latency_ms": 1.6349386666358139,
  "model": "qwen36-35b-a3b",
  "prefix_caching_enabled": false,
  "max_concurrency": 1,
  "benchmarks": [
    {
      "concurrency": 1,
      "context_size": 0,
      "prompt_size": 128,
      "response_size": 128,
      "is_context_prefill_phase": false,
      "pp_throughput": {
        "mean": 873.9569879530166,
        "std": 26.598397184252494,
        "values": [
          887.4011652978892,
          871.5350079284863,
          881.2824887106035,
          835.5627186589168,
          853.8130467781929,
          851.6619044372494,
          924.5266911834641,
          840.1129452867978,
          864.3669466737623,
          861.6624551620142,
          868.7315669330457,
          850.8722853466777,
          850.0706179120731,
          880.8468176461065,
          869.3161256390977,
          848.2536641315198,
          857.2111245587436,
          831.8548653574657,
          888.6145782063433,
          864.6954789892145,
          906.18075759789,
          916.1655477596543,
          851.6702465739553,
          883.8072494265733,
          887.8274276128944,
          937.1026008333398,
          920.3775062596371,
          859.4124693650226,
          878.1427492331541,
          895.6305890907137
        ]
      },
      "pp_req_throughput": {
        "mean": 873.9569879530166,
        "std": 26.598397184252494,
        "values": [
          887.4011652978892,
          871.5350079284863,
          881.2824887106035,
          835.5627186589168,
          853.8130467781929,
          851.6619044372494,
          924.5266911834641,
          840.1129452867978,
          864.3669466737623,
          861.6624551620142,
          868.7315669330457,
          850.8722853466777,
          850.0706179120731,
          880.8468176461065,
          869.3161256390977,
          848.2536641315198,
          857.2111245587436,
          831.8548653574657,
          888.6145782063433,
          864.6954789892145,
          906.18075759789,
          916.1655477596543,
          851.6702465739553,
          883.8072494265733,
          887.8274276128944,
          937.1026008333398,
          920.3775062596371,
          859.4124693650226,
          878.1427492331541,
          895.6305890907137
        ]
      },
      "tg_throughput": {
        "mean": 96.0450671006782,
        "std": 29.87934325763064,
        "values": [
          90.68837526822615,
          85.04921383469554,
          88.23863177780899,
          79.57012798479147,
          94.04816248182675,
          223.7406318536882,
          79.09634239916242,
          88.32118952229986,
          98.10951000645328,
          72.69921518065497,
          124.24013595615344,
          84.54734122752895,
          82.73635901546774,
          127.77342969138884,
          84.79366428573131,
          106.26068876346118,
          141.18352241454215,
          91.25378519730046,
          82.0316705560461,
          102.98775204946445,
          95.34730404505785,
          56.08384981744185,
          73.89201010869874,
          77.66444002887043,
          69.03296828060992,
          90.37541991430382,
          85.06084166923996,
          128.27957438699218,
          87.59645519849943,
          90.64940010393941
        ]
      },
      "tg_req_throughput": {
        "mean": 96.0450671006782,
        "std": 29.87934325763064,
        "values": [
          90.68837526822615,
          85.04921383469554,
          88.23863177780899,
          79.57012798479147,
          94.04816248182675,
          223.7406318536882,
          79.09634239916242,
          88.32118952229986,
          98.10951000645328,
          72.69921518065497,
          124.24013595615344,
          84.54734122752895,
          82.73635901546774,
          127.77342969138884,
          84.79366428573131,
          106.26068876346118,
          141.18352241454215,
          91.25378519730046,
          82.0316705560461,
          102.98775204946445,
          95.34730404505785,
          56.08384981744185,
          73.89201010869874,
          77.66444002887043,
          69.03296828060992,
          90.37541991430382,
          85.06084166923996,
          128.27957438699218,
          87.59645519849943,
          90.64940010393941
        ]
      },
      "peak_throughput": {
        "mean": 98.99865286605933,
        "std": 29.013442493921335,
        "values": [
          86.0,
          83.0,
          87.0,
          76.0,
          101.0,
          225.55265360514304,
          79.0,
          102.0,
          91.0,
          87.0,
          122.0,
          84.0,
          86.0,
          128.7906591217141,
          77.0,
          95.0,
          142.3142900803199,
          89.0,
          82.0,
          99.0,
          91.0,
          70.0,
          93.0,
          99.0,
          71.0,
          106.0,
          100.0,
          129.30198317460292,
          84.0,
          104.0
        ]
      },
      "peak_req_throughput": {
        "mean": 98.99865286605933,
        "std": 29.013442493921335,
        "values": [
          86.0,
          83.0,
          87.0,
          76.0,
          101.0,
          225.55265360514304,
          79.0,
          102.0,
          91.0,
          87.0,
          122.0,
          84.0,
          86.0,
          128.7906591217141,
          77.0,
          95.0,
          142.3142900803199,
          89.0,
          82.0,
          99.0,
          91.0,
          70.0,
          93.0,
          99.0,
          71.0,
          106.0,
          100.0,
          129.30198317460292,
          84.0,
          104.0
        ]
      },
      "ttfr": {
        "mean": 148.884852366488,
        "std": 4.755431964363169,
        "values": [
          147.00323999932152,
          149.6496469990234,
          146.8778110029234,
          156.0219130005862,
          152.7218779992836,
          153.10349599894835,
          141.16579400069895,
          155.18572100336314,
          149.7201940001105,
          151.34553499956382,
          150.1272979985515,
          149.71826699911617,
          153.38703700035694,
          148.0849199979275,
          148.87711700066575,
          153.7120889988728,
          152.1229530007986,
          156.71006699994905,
          146.80473799671745,
          150.82040700144717,
          143.9906429986877,
          140.25617399965995,
          151.9278489977296,
          147.5943660007033,
          146.93344599800184,
          139.29329100210452,
          137.4487749999389,
          151.7374849972839,
          148.53588400001172,
          145.66753600229276
        ]
      },
      "est_ppt": {
        "mean": 147.2499136998522,
        "std": 4.755431964363169,
        "values": [
          145.36830133268572,
          148.01470833238758,
          145.2428723362876,
          154.3869743339504,
          151.0869393326478,
          151.46855733231254,
          139.53085533406315,
          153.55078233672734,
          148.0852553334747,
          149.71059633292802,
          148.4923593319157,
          148.08332833248036,
          151.75209833372114,
          146.4499813312917,
          147.24217833402994,
          152.07715033223698,
          150.48801433416278,
          155.07512833331324,
          145.16979933008164,
          149.18546833481136,
          142.35570433205189,
          138.62123533302415,
          150.2929103310938,
          145.9594273340675,
          145.29850733136604,
          137.65835233546872,
          135.8138363333031,
          150.1025463306481,
          146.90094533337592,
          144.03259733565696
        ]
      },
      "e2e_ttft": {
        "mean": 148.884852366488,
        "std": 4.755431964363169,