{
  "version": "0.3.7",
  "timestamp": "2026-04-28 01:38:33Z",
  "latency_mode": "api",
  "latency_ms": 1.3046869995984405,
  "model": "qwen36-35b-a3b",
  "prefix_caching_enabled": false,
  "max_concurrency": 1,
  "benchmarks": [
    {
      "concurrency": 1,
      "context_size": 0,
      "prompt_size": 128,
      "response_size": 128,
      "is_context_prefill_phase": false,
      "pp_throughput": {
        "mean": 819.0107774171457,
        "std": 181.5374093806144,
        "values": [
          24.83020684235263,
          609.1802579587005,
          495.01395511727526,
          892.3146415152675,
          925.1124726772301,
          924.2431602171556,
          830.2802364867084,
          825.8618642773197,
          868.5616001965374,
          549.3267865352453,
          798.8696917311444,
          936.0853042381929,
          909.838584292239,
          896.1779365829399,
          860.7941244730507,
          933.1475548442736,
          927.7326439842711,
          831.6827831238903,
          906.2749115317844,
          873.3498794278117,
          854.7858751227128,
          872.4272762976447,
          803.7279705162476,
          858.5398807867581,
          913.1260058341016,
          891.1649497357928,
          905.9626611941615,
          879.651542818417,
          884.329434519195,
          887.9291296359503
        ]
      },
      "pp_req_throughput": {
        "mean": 819.0107774171457,
        "std": 181.5374093806144,
        "values": [
          24.83020684235263,
          609.1802579587005,
          495.01395511727526,
          892.3146415152675,
          925.1124726772301,
          924.2431602171556,
          830.2802364867084,
          825.8618642773197,
          868.5616001965374,
          549.3267865352453,
          798.8696917311444,
          936.0853042381929,
          909.838584292239,
          896.1779365829399,
          860.7941244730507,
          933.1475548442736,
          927.7326439842711,
          831.6827831238903,
          906.2749115317844,
          873.3498794278117,
          854.7858751227128,
          872.4272762976447,
          803.7279705162476,
          858.5398807867581,
          913.1260058341016,
          891.1649497357928,
          905.9626611941615,
          879.651542818417,
          884.329434519195,
          887.9291296359503
        ]
      },
      "tg_throughput": {
        "mean": 42.1932556151238,
        "std": 6.752503015613323,
        "values": [
          43.72459371940614,
          33.98752939367283,
          37.26250932958178,
          66.55474255179085,
          55.6442963539703,
          40.96828855814963,
          40.704472628290326,
          37.35302281479275,
          41.230168486570655,
          41.23672589880322,
          38.73835323098891,
          43.71121159365133,
          42.64223914346355,
          38.007400123433804,
          35.68193403054952,
          38.73158324733493,
          43.70073847158809,
          39.42313902469112,
          39.6191352023957,
          38.23419399556701,
          37.86564483632206,
          52.56445627154168,
          34.888206431177416,
          34.24393623976183,
          42.29341006776893,
          48.149095811925996,
          44.42681324187262,
          43.924414257876535,
          50.05166689724294,
          40.23374659953165
        ]
      },
      "tg_req_throughput": {
        "mean": 42.1932556151238,
        "std": 6.752503015613323,
        "values": [
          43.72459371940614,
          33.98752939367283,
          37.26250932958178,
          66.55474255179085,
          55.6442963539703,
          40.96828855814963,
          40.704472628290326,
          37.35302281479275,
          41.230168486570655,
          41.23672589880322,
          38.73835323098891,
          43.71121159365133,
          42.64223914346355,
          38.007400123433804,
          35.68193403054952,
          38.73158324733493,
          43.70073847158809,
          39.42313902469112,
          39.6191352023957,
          38.23419399556701,
          37.86564483632206,
          52.56445627154168,
          34.888206431177416,
          34.24393623976183,
          42.29341006776893,
          48.149095811925996,
          44.42681324187262,
          43.924414257876535,
          50.05166689724294,
          40.23374659953165
        ]
      },
      "peak_throughput": {
        "mean": 51.679447368615406,
        "std": 11.051773999345063,
        "values": [
          51.0,
          39.0,
          42.0,
          88.0,
          75.0,
          49.0,
          49.0,
          45.0,
          54.0,
          55.0,
          50.0,
          58.0,
          49.0,
          41.0,
          42.0,
          46.0,
          47.0,
          47.0,
          51.0,
          46.0,
          47.0,
          64.0,
          36.83517553615696,
          37.0,
          63.54824552230516,
          55.0,
          53.0,
          50.0,
          70.0,
          50.0
        ]
      },
      "peak_req_throughput": {
        "mean": 51.679447368615406,
        "std": 11.051773999345063,
        "values": [
          51.0,
          39.0,
          42.0,
          88.0,
          75.0,
          49.0,
          49.0,
          45.0,
          54.0,
          55.0,
          50.0,
          58.0,
          49.0,
          41.0,
          42.0,
          46.0,
          47.0,
          47.0,
          51.0,
          46.0,
          47.0,
          64.0,
          36.83517553615696,
          37.0,
          63.54824552230516,
          55.0,
          53.0,
          50.0,
          70.0,
          50.0
        ]
      },
      "ttfr": {
        "mean": 299.76983523338276,
        "std": 827.320248541986,
        "values": [
          4753.580846001569,
          211.42311800213065,
          209.37962899915874,
          140.26912199915387,
          141.8281410005875,
          139.79637999727856,
          139.8121389975131,
          146.60743700005696,
          133.70750100148143,
          205.19061199956923,
          137.74746499984758,
          136.97608299844433,
          137.59259799917345,
          140.7859160026419,
          140.71084299939685,
          135.25992200084147,
          138.19757400051458,
          131.16188999993028,
          140.3353480018268,
          136.41663099770085,
          139.35095499982708,
          141.1444230034249,
          136.92271200125106,
          137.5825729992357,
          142.57763199930196,
          140.44839999769465,
          142.59086300080526,
          138.8591550021374,
          139.2623249994358,
          137.5768239995523
        ]
      },
      "est_ppt": {
        "mean": 298.4651482337845,
        "std": 827.3202485419857,
        "values": [
          4752.27615900197,
          210.11843100253222,
          208.0749419995603,
          138.96443499955544,
          140.52345400098906,
          138.49169299768013,
          138.50745199791467,
          145.30275000045853,
          132.402814001883,
          203.8859249999708,
          136.44277800024915,
          135.6713959988459,
          136.28791099957502,
          139.48122900304347,
          139.40615599979841,
          133.95523500124304,
          136.89288700091615,
          129.85720300033185,
          139.03066100222836,
          135.11194399810242,
          138.04626800022865,
          139.83973600382646,
          135.61802500165263,
          136.27788599963728,
          141.27294499970353,
          139.14371299809622,
          141.28617600120683,
          137.55446800253898,
          137.95763799983737,
          136.27213699995386
        ]
      },
      "e2e_ttft": {
        "mean": 299.76983523338276,
        "std": 827.320248541986,