{
  "ts": "20260430-121017",
  "container": "mm-srv-longctx-108k",
  "phase_a": {
    "passed": 5,
    "total": 5,
    "tg_per_run": [
      5.507103645715084,
      5.596393865611778,
      5.558252484982538,
      5.70889881540455,
      5.768935440776115
    ],
    "r5_over_r1": 1.0475443739405113,
    "result": "PASS"
  },
  "phase_b": {
    "wall_seconds": [
      496.730853099,
      3.43340622,
      1.634738593
    ],
    "send1_over_send2": 144.67581791093744,
    "result": "PASS"
  },
  "phase_c_d_leak": {
    "phaseC_mean_tg": 24.301328651423628,
    "phaseD_mean_tg": 24.588832376115395,
    "drift_pct": 1.1830782127829176,
    "result": "PASS"
  },
  "phase_e_headline": {
    "depth": 0,
    "tg": 128,
    "pp": 128,
    "n": 5,
    "tg_median_warm": 24.577652068522795,
    "pp_mean": 104.13687516271088,
    "ttfr_mean_ms": 870.4814725999313
  }
}