{
  "version": "0.3.7",
  "timestamp": "2026-04-30 20:16:29Z",
  "latency_mode": "api",
  "latency_ms": 5.318387666799633,
  "model": "MiniMax-M2.7-UD-IQ4_XS",
  "prefix_caching_enabled": false,
  "max_concurrency": 1,
  "benchmarks": [
    {
      "concurrency": 1,
      "context_size": 50000,
      "prompt_size": 128,
      "response_size": 128,
      "is_context_prefill_phase": false,
      "pp_throughput": {
        "mean": 264.26310054387403,
        "std": 34.956556594174664,
        "values": [
          313.6649561281381,
          237.97039010130203,
          241.15395540218196
        ]
      },
      "pp_req_throughput": {
        "mean": 264.26310054387403,
        "std": 34.956556594174664,
        "values": [
          313.6649561281381,
          237.97039010130203,
          241.15395540218196
        ]
      },
      "tg_throughput": {
        "mean": 9.29422226257784,
        "std": 0.10538555630937313,
        "values": [
          9.29368150467924,
          9.423562211541244,
          9.165423071513038
        ]
      },
      "tg_req_throughput": {
        "mean": 9.29422226257784,
        "std": 0.10538555630937313,
        "values": [
          9.29368150467924,
          9.423562211541244,
          9.165423071513038
        ]
      },
      "peak_throughput": {
        "mean": 11.666666666666666,
        "std": 0.4714045207910317,
        "values": [
          12.0,
          11.0,
          12.0
        ]
      },
      "peak_req_throughput": {
        "mean": 11.666666666666666,
        "std": 0.4714045207910317,
        "values": [
          12.0,
          11.0,
          12.0
        ]
      },
      "ttfr": {
        "mean": 181425.4418899997,
        "std": 21673.90640822935,
        "values": [
          150796.788955,
          197765.2160789994,
          195714.32063599967
        ]
      },
      "est_ppt": {
        "mean": 181420.1235023329,
        "std": 21673.90640822935,
        "values": [
          150791.47056733322,
          197759.89769133262,
          195709.0022483329
        ]
      },
      "e2e_ttft": {
        "mean": 181425.4418899997,
        "std": 21673.90640822935,
        "values": [
          150796.788955,
          197765.2160789994,
          195714.32063599967
        ]
      },
      "throughput_over_time": null,
      "requests_throughput_over_time": null
    }
  ]
}