{
  "version": "0.3.7",
  "timestamp": "2026-04-30 20:33:44Z",
  "latency_mode": "api",
  "latency_ms": 8.344672333199318,
  "model": "MiniMax-M2.7-UD-IQ4_XS",
  "prefix_caching_enabled": false,
  "max_concurrency": 1,
  "benchmarks": [
    {
      "concurrency": 1,
      "context_size": 75000,
      "prompt_size": 128,
      "response_size": 128,
      "is_context_prefill_phase": false,
      "pp_throughput": {
        "mean": 233.6495467167177,
        "std": 24.848838230336018,
        "values": [
          268.7889082875822,
          215.73914113008772,
          216.4205907324832
        ]
      },
      "pp_req_throughput": {
        "mean": 233.6495467167177,
        "std": 24.848838230336018,
        "values": [
          268.7889082875822,
          215.73914113008772,
          216.4205907324832
        ]
      },
      "tg_throughput": {
        "mean": 6.922141310127022,
        "std": 0.1694726824763131,
        "values": [
          6.9376344518091635,
          7.121521408450471,
          6.7072680701214304
        ]
      },
      "tg_req_throughput": {
        "mean": 6.922141310127022,
        "std": 0.1694726824763131,
        "values": [
          6.9376344518091635,
          7.121521408450471,
          6.7072680701214304
        ]
      },
      "peak_throughput": {
        "mean": 9.0,
        "std": 0.0,
        "values": [
          9.0,
          9.0,
          9.0
        ]
      },
      "peak_req_throughput": {
        "mean": 9.0,
        "std": 0.0,
        "values": [
          9.0,
          9.0,
          9.0
        ]
      },
      "ttfr": {
        "mean": 306013.1777913336,
        "std": 30584.088636266744,
        "values": [
          262775.88389100035,
          328622.7983529998,
          326640.85113000055
        ]
      },
      "est_ppt": {
        "mean": 306004.83311900037,
        "std": 30584.088636266748,
        "values": [
          262767.5392186672,
          328614.4536806666,
          326632.5064576674
        ]
      },
      "e2e_ttft": {
        "mean": 306013.1777913336,
        "std": 30584.088636266744,
        "values": [
          262775.88389100035,
          328622.7983529998,
          326640.85113000055
        ]
      },
      "throughput_over_time": null,
      "requests_throughput_over_time": null
    }
  ]
}