{
  "version": "0.3.7",
  "timestamp": "2026-04-30 20:58:57Z",
  "latency_mode": "api",
  "latency_ms": 4.4503763328975765,
  "model": "MiniMax-M2.7-UD-IQ4_XS",
  "prefix_caching_enabled": false,
  "max_concurrency": 1,
  "benchmarks": [
    {
      "concurrency": 1,
      "context_size": 100100,
      "prompt_size": 128,
      "response_size": 128,
      "is_context_prefill_phase": false,
      "pp_throughput": {
        "mean": 209.97158788230968,
        "std": 18.979401013828724,
        "values": [
          236.6887217077972,
          194.38309622221993,
          198.84294571691186
        ]
      },
      "pp_req_throughput": {
        "mean": 209.97158788230968,
        "std": 18.979401013828724,
        "values": [
          236.6887217077972,
          194.38309622221993,
          198.84294571691186
        ]
      },
      "tg_throughput": {
        "mean": 5.619763238439803,
        "std": 0.1691663491417233,
        "values": [
          5.4010455725002355,
          5.6451707910300115,
          5.8130733517891615
        ]
      },
      "tg_req_throughput": {
        "mean": 5.619763238439803,
        "std": 0.1691663491417233,
        "values": [
          5.4010455725002355,
          5.6451707910300115,
          5.8130733517891615
        ]
      },
      "peak_throughput": {
        "mean": 7.333333333333333,
        "std": 0.4714045207910317,
        "values": [
          7.0,
          7.0,
          8.0
        ]
      },
      "peak_req_throughput": {
        "mean": 7.333333333333333,
        "std": 0.4714045207910317,
        "values": [
          7.0,
          7.0,
          8.0
        ]
      },
      "ttfr": {
        "mean": 452559.3381420001,
        "std": 38486.19856336908,
        "values": [
          398481.4006910001,
          484933.4479689996,
          474263.1657660004
        ]
      },
      "est_ppt": {
        "mean": 452554.88776566717,
        "std": 38486.19856336908,
        "values": [
          398476.9503146672,
          484928.99759266677,
          474258.7153896675
        ]
      },
      "e2e_ttft": {
        "mean": 452559.3381420001,
        "std": 38486.19856336908,
        "values": [
          398481.4006910001,
          484933.4479689996,
          474263.1657660004
        ]
      },
      "throughput_over_time": null,
      "requests_throughput_over_time": null
    }
  ]
}