{
  "version": "0.3.7",
  "timestamp": "2026-05-01 01:22:12Z",
  "latency_mode": "api",
  "latency_ms": 1.3172526669222862,
  "model": "MiniMax-M2.7-UD-IQ4_XS",
  "prefix_caching_enabled": false,
  "max_concurrency": 1,
  "benchmarks": [
    {
      "concurrency": 1,
      "context_size": 0,
      "prompt_size": 128,
      "response_size": 128,
      "is_context_prefill_phase": false,
      "pp_throughput": {
        "mean": 110.21535973831494,
        "std": 11.284668208106478,
        "values": [
          78.4310648851643,
          109.36661804858166,
          108.24601244443515,
          114.99978550844074,
          111.72995584055312,
          77.90682320393414,
          108.92696946896848,
          110.74460357768201,
          115.14249959187816,
          115.61971245660924,
          113.57091175469257,
          110.53332607789687,
          113.68521320622084,
          113.72430305950219,
          121.87145013461985,
          119.6586322167899,
          117.0491434423405,
          115.52095360890434,
          118.60785089327463,
          108.9713653458101
        ]
      },
      "pp_req_throughput": {
        "mean": 110.21535973831494,
        "std": 11.284668208106478,
        "values": [
          78.4310648851643,
          109.36661804858166,
          108.24601244443515,
          114.99978550844074,
          111.72995584055312,
          77.90682320393414,
          108.92696946896848,
          110.74460357768201,
          115.14249959187816,
          115.61971245660924,
          113.57091175469257,
          110.53332607789687,
          113.68521320622084,
          113.72430305950219,
          121.87145013461985,
          119.6586322167899,
          117.0491434423405,
          115.52095360890434,
          118.60785089327463,
          108.9713653458101
        ]
      },
      "tg_throughput": {
        "mean": 29.82348159931046,
        "std": 3.6196041652216553,
        "values": [
          24.065090462938603,
          31.255306091848386,
          26.30150753320347,
          26.503087658164716,
          32.07338048417639,
          26.037493203892055,
          29.551787938995798,
          34.027273621017855,
          33.24900530613527,
          38.45508621514711,
          27.22414170534261,
          32.610647621986494,
          31.508612634537812,
          28.748427706248492,
          26.81736109998143,
          26.906676360958464,
          25.100429132421795,
          31.36940602506648,
          34.15730343926916,
          30.507607744876697
        ]
      },
      "tg_req_throughput": {
        "mean": 29.82348159931046,
        "std": 3.6196041652216553,
        "values": [
          24.065090462938603,
          31.255306091848386,
          26.30150753320347,
          26.503087658164716,
          32.07338048417639,
          26.037493203892055,
          29.551787938995798,
          34.027273621017855,
          33.24900530613527,
          38.45508621514711,
          27.22414170534261,
          32.610647621986494,
          31.508612634537812,
          28.748427706248492,
          26.81736109998143,
          26.906676360958464,
          25.100429132421795,
          31.36940602506648,
          34.15730343926916,
          30.507607744876697
        ]
      },
      "peak_throughput": {
        "mean": 50.35,
        "std": 7.728356875817782,
        "values": [
          50.0,
          64.0,
          38.0,
          46.0,
          54.0,
          40.0,
          48.0,
          62.0,
          59.0,
          58.0,
          47.0,
          56.0,
          50.0,
          51.0,
          36.0,
          52.0,
          40.0,
          56.0,
          55.0,
          45.0
        ]
      },
      "peak_req_throughput": {
        "mean": 50.35,
        "std": 7.728356875817782,
        "values": [
          50.0,
          64.0,
          38.0,
          46.0,
          54.0,
          40.0,
          48.0,
          62.0,
          59.0,
          58.0,
          47.0,
          56.0,
          50.0,
          51.0,
          36.0,
          52.0,
          40.0,
          56.0,
          55.0,
          45.0
        ]
      },
      "ttfr": {
        "mean": 829.1795670496867,
        "std": 110.71782287262947,
        "values": [
          1148.8217539990728,
          824.2374600013136,
          832.7566560001287,
          783.9274079997267,
          806.8308620022435,
          1156.543410001177,
          827.5589119984943,
          813.9979349980422,
          782.9573970011552,
          779.731227998127,
          793.7736889980442,
          815.551323001273,
          792.976936998457,
          792.704824001703,
          739.8003009984677,
          753.4568880000734,
          770.2250579968677,
          780.3966940009559,
          760.1203109989001,
          827.2222939995117
        ]
      },
      "est_ppt": {
        "mean": 827.8623143827645,
        "std": 110.71782287262947,
        "values": [
          1147.5045013321505,
          822.9202073343913,
          831.4394033332064,
          782.6101553328044,
          805.5136093353212,
          1155.2261573342548,
          826.241659331572,
          812.6806823311199,
          781.6401443342329,
          778.4139753312047,
          792.456436331122,
          814.2340703343507,
          791.6596843315347,
          791.3875713347807,
          738.4830483315454,
          752.1396353331511,
          768.9078053299454,
          779.0794413340336,
          758.8030583319778,
          825.9050413325895
        ]
      },
      "e2e_ttft": {
        "mean": 829.1795670496867,
        "std": 110.71782287262947,
        "values": [
          1148.8217539990728,
          824.2374600013136,
          832.7566560001287,
          783.9274079997267,
          806.8308620022435,
          1156.543410001177,
          827.5589119984943,
          813.9979349980422,
          782.9573970011552,
          779.731227998127,
          793.7736889980442,
          815.551323001273,
          792.976936998457,
          792.704824001703,
          739.8003009984677,
          753.4568880000734,
          770.2250579968677,
          780.3966940009559,
          760.1203109989001,
          827.2222939995117
        ]
      },
      "throughput_over_time": null,
      "requests_throughput_over_time": null
    }
  ]
}