{
  "version": "0.3.7",
  "timestamp": "2026-05-01 01:37:23Z",
  "latency_mode": "api",
  "latency_ms": 2.194307333411416,
  "model": "MiniMax-M2.7-UD-IQ4_XS",
  "prefix_caching_enabled": false,
  "max_concurrency": 1,
  "benchmarks": [
    {
      "concurrency": 1,
      "context_size": 0,
      "prompt_size": 128,
      "response_size": 128,
      "is_context_prefill_phase": false,
      "pp_throughput": {
        "mean": 110.4867228037155,
        "std": 4.482807919139445,
        "values": [
          98.15282558600452,
          107.88438690505635,
          102.91131870761468,
          111.08971815687889,
          108.86906723032787,
          104.807932098678,
          113.99484898574953,
          109.35541336954154,
          110.45745570756661,
          116.11540605272398,
          110.10658378074432,
          111.12539104413128,
          113.56082293904169,
          109.23419487261002,
          114.08633054328756,
          118.34951522928891,
          111.76673843255642,
          111.84462465877216,
          111.88158145788775,
          114.14030031584808
        ]
      },
      "pp_req_throughput": {
        "mean": 110.4867228037155,
        "std": 4.482807919139445,
        "values": [
          98.15282558600452,
          107.88438690505635,
          102.91131870761468,
          111.08971815687889,
          108.86906723032787,
          104.807932098678,
          113.99484898574953,
          109.35541336954154,
          110.45745570756661,
          116.11540605272398,
          110.10658378074432,
          111.12539104413128,
          113.56082293904169,
          109.23419487261002,
          114.08633054328756,
          118.34951522928891,
          111.76673843255642,
          111.84462465877216,
          111.88158145788775,
          114.14030031584808
        ]
      },
      "tg_throughput": {
        "mean": 31.492855930435894,
        "std": 4.390052676179582,
        "values": [
          28.685957729570124,
          26.63453228648785,
          41.852834565897254,
          33.18759552236307,
          32.087953396666826,
          29.12512903791644,
          24.569122958963856,
          29.942980146956476,
          32.60710027157473,
          31.46449061890883,
          31.46280013658733,
          41.50974710594696,
          30.002767336697392,
          30.0727520384013,
          34.20868132443802,
          29.861812129716178,
          27.957120745138468,
          32.42721783304193,
          25.71647729587024,
          36.480046127574525
        ]
      },
      "tg_req_throughput": {
        "mean": 31.492855930435894,
        "std": 4.390052676179582,
        "values": [
          28.685957729570124,
          26.63453228648785,
          41.852834565897254,
          33.18759552236307,
          32.087953396666826,
          29.12512903791644,
          24.569122958963856,
          29.942980146956476,
          32.60710027157473,
          31.46449061890883,
          31.46280013658733,
          41.50974710594696,
          30.002767336697392,
          30.0727520384013,
          34.20868132443802,
          29.861812129716178,
          27.957120745138468,
          32.42721783304193,
          25.71647729587024,
          36.480046127574525
        ]
      },
      "peak_throughput": {
        "mean": 50.4,
        "std": 8.924124606929242,
        "values": [
          46.0,
          54.0,
          74.0,
          55.0,
          45.0,
          44.0,
          40.0,
          50.0,
          48.0,
          56.0,
          51.0,
          69.0,
          41.0,
          45.0,
          52.0,
          48.0,
          37.0,
          50.0,
          44.0,
          59.0
        ]
      },
      "peak_req_throughput": {
        "mean": 50.4,
        "std": 8.924124606929242,
        "values": [
          46.0,
          54.0,
          74.0,
          55.0,
          45.0,
          44.0,
          40.0,
          50.0,
          48.0,
          56.0,
          51.0,
          69.0,
          41.0,
          45.0,
          52.0,
          48.0,
          37.0,
          50.0,
          44.0,
          59.0
        ]
      },
      "ttfr": {
        "mean": 818.1732876499154,
        "std": 34.607039093867016,
        "values": [
          919.1317410004558,
          836.4206730002479,
          876.7336790006084,
          812.3502920025203,
          828.875405000872,
          860.9079390007537,
          791.7036649996589,
          825.1988320007513,
          816.987653997785,
          777.2852540001622,
          819.5841209999344,
          812.0902199989359,
          794.7211459977552,
          826.1121299983643,
          791.0705870017409,
          762.6536959978694,
          807.4428209984035,
          806.882062999648,
          806.616257999849,
          790.6975770019926
        ]
      },
      "est_ppt": {
        "mean": 815.978980316504,
        "std": 34.607039093867016,
        "values": [
          916.9374336670444,
          834.2263656668365,
          874.539371667197,
          810.1559846691089,
          826.6810976674606,
          858.7136316673423,
          789.5093576662475,
          823.0045246673399,
          814.7933466643735,
          775.0909466667508,
          817.389813666523,
          809.8959126655245,
          792.5268386643438,
          823.9178226649528,
          788.8762796683295,
          760.459388664458,
          805.2485136649921,
          804.6877556662366,
          804.4219506664376,
          788.5032696685812
        ]
      },
      "e2e_ttft": {
        "mean": 818.1732876499154,
        "std": 34.607039093867016,
        "values": [
          919.1317410004558,
          836.4206730002479,
          876.7336790006084,
          812.3502920025203,
          828.875405000872,
          860.9079390007537,
          791.7036649996589,
          825.1988320007513,
          816.987653997785,
          777.2852540001622,
          819.5841209999344,
          812.0902199989359,
          794.7211459977552,
          826.1121299983643,
          791.0705870017409,
          762.6536959978694,
          807.4428209984035,
          806.882062999648,
          806.616257999849,
          790.6975770019926
        ]
      },
      "throughput_over_time": null,
      "requests_throughput_over_time": null
    }
  ]
}