{
  "version": "0.3.7",
  "timestamp": "2026-05-01 00:06:19Z",
  "latency_mode": "api",
  "latency_ms": 2.5159320005817185,
  "model": "MiniMax-M2.7-UD-IQ4_XS",
  "prefix_caching_enabled": false,
  "max_concurrency": 1,
  "benchmarks": [
    {
      "concurrency": 1,
      "context_size": 0,
      "prompt_size": 128,
      "response_size": 128,
      "is_context_prefill_phase": false,
      "pp_throughput": {
        "mean": 92.38346638372226,
        "std": 12.535046685169789,
        "values": [
          92.91981900837892,
          79.00677992571671,
          91.48971876524102,
          106.58492982644259,
          72.06236080701864,
          103.72199678103792,
          101.2379887455282,
          93.08394259994499,
          104.50106353877881,
          101.04491659742722,
          91.85885514999033,
          94.34124355070223,
          103.56633446002046,
          101.0682272644855,
          61.99660679751897,
          79.65067832132371
        ]
      },
      "pp_req_throughput": {
        "mean": 92.38346638372226,
        "std": 12.535046685169789,
        "values": [
          92.91981900837892,
          79.00677992571671,
          91.48971876524102,
          106.58492982644259,
          72.06236080701864,
          103.72199678103792,
          101.2379887455282,
          93.08394259994499,
          104.50106353877881,
          101.04491659742722,
          91.85885514999033,
          94.34124355070223,
          103.56633446002046,
          101.0682272644855,
          61.99660679751897,
          79.65067832132371
        ]
      },
      "tg_throughput": {
        "mean": 28.123326385350452,
        "std": 2.847116498590517,
        "values": [
          29.48921658713013,
          30.57728748841825,
          30.576492851495846,
          23.50575721286496,
          27.716825154386477,
          31.96235184683905,
          26.961091794627386,
          23.433290391551793,
          30.156756675948472,
          30.809742255139465,
          32.3833750346703,
          24.700374180370552,
          24.90619272367973,
          26.20658011671837,
          27.615472124316383,
          28.972415727450105
        ]
      },
      "tg_req_throughput": {
        "mean": 28.123326385350452,
        "std": 2.847116498590517,
        "values": [
          29.48921658713013,
          30.57728748841825,
          30.576492851495846,
          23.50575721286496,
          27.716825154386477,
          31.96235184683905,
          26.961091794627386,
          23.433290391551793,
          30.156756675948472,
          30.809742255139465,
          32.3833750346703,
          24.700374180370552,
          24.90619272367973,
          26.20658011671837,
          27.615472124316383,
          28.972415727450105
        ]
      },
      "peak_throughput": {
        "mean": 46.5,
        "std": 6.576473218982953,
        "values": [
          48.0,
          49.0,
          54.0,
          41.0,
          45.0,
          48.0,
          44.0,
          33.0,
          57.0,
          59.0,
          52.0,
          40.0,
          40.0,
          42.0,
          47.0,
          45.0
        ]
      },
      "peak_req_throughput": {
        "mean": 46.5,
        "std": 6.576473218982953,
        "values": [
          48.0,
          49.0,
          54.0,
          41.0,
          45.0,
          48.0,
          44.0,
          33.0,
          57.0,
          59.0,
          52.0,
          40.0,
          40.0,
          42.0,
          47.0,
          45.0
        ]
      },
      "ttfr": {
        "mean": 998.4607923120166,
        "std": 162.25676400435822,
        "values": [
          971.0929369975929,
          1141.6586749983253,
          986.2330229989311,
          846.9129789991712,
          1251.4342159993248,
          870.2200139996421,
          891.5102819992171,
          969.3851629999699,
          863.7511859997176,
          893.2089330010058,
          982.2799389985448,
          956.4995410000847,
          871.5241909994802,
          893.0035010016582,
          1454.208285002096,
          1132.4498119975033
        ]
      },
      "est_ppt": {
        "mean": 995.9448603114349,
        "std": 162.25676400435825,
        "values": [
          968.5770049970112,
          1139.1427429977437,
          983.7170909983494,
          844.3970469985894,
          1248.9182839987432,
          867.7040819990603,
          888.9943499986354,
          966.8692309993882,
          861.2352539991358,
          890.693001000424,
          979.7640069979631,
          953.983608999503,
          869.0082589988984,
          890.4875690010764,
          1451.6923530015144,
          1129.9338799969216
        ]
      },
      "e2e_ttft": {
        "mean": 998.4607923120166,
        "std": 162.25676400435822,
        "values": [
          971.0929369975929,
          1141.6586749983253,
          986.2330229989311,
          846.9129789991712,
          1251.4342159993248,
          870.2200139996421,
          891.5102819992171,
          969.3851629999699,
          863.7511859997176,
          893.2089330010058,
          982.2799389985448,
          956.4995410000847,
          871.5241909994802,
          893.0035010016582,
          1454.208285002096,
          1132.4498119975033
        ]
      },
      "throughput_over_time": null,
      "requests_throughput_over_time": null
    }
  ]
}