{
  "version": "0.3.7",
  "timestamp": "2026-04-30 23:34:44Z",
  "latency_mode": "api",
  "latency_ms": 3.631928667649239,
  "model": "MiniMax-M2.7-UD-IQ4_XS",
  "prefix_caching_enabled": false,
  "max_concurrency": 1,
  "benchmarks": [
    {
      "concurrency": 1,
      "context_size": 0,
      "prompt_size": 128,
      "response_size": 128,
      "is_context_prefill_phase": false,
      "pp_throughput": {
        "mean": 83.61335481413032,
        "std": 20.509028108674766,
        "values": [
          90.36738060323741,
          96.94639950760268,
          52.949593265253895,
          97.04886664261007,
          96.34799525616333,
          85.34024807664808,
          103.89215193663813,
          86.86102896221232,
          90.15565722834882,
          100.3723900058616,
          110.58432475027057,
          107.83274765620627,
          70.84684911260722,
          86.79546999124959,
          95.01429180544186,
          72.43878657202296,
          36.569746612649745,
          49.39269509927823,
          58.89711838417326
        ]
      },
      "pp_req_throughput": {
        "mean": 83.61335481413032,
        "std": 20.509028108674766,
        "values": [
          90.36738060323741,
          96.94639950760268,
          52.949593265253895,
          97.04886664261007,
          96.34799525616333,
          85.34024807664808,
          103.89215193663813,
          86.86102896221232,
          90.15565722834882,
          100.3723900058616,
          110.58432475027057,
          107.83274765620627,
          70.84684911260722,
          86.79546999124959,
          95.01429180544186,
          72.43878657202296,
          36.569746612649745,
          49.39269509927823,
          58.89711838417326
        ]
      },
      "tg_throughput": {
        "mean": 27.938706466385803,
        "std": 3.5418643348539978,
        "values": [
          28.16952851849072,
          28.76864585208724,
          28.04724770309342,
          26.80601157683661,
          29.06265509253899,
          30.483932829002793,
          32.01815490464414,
          30.805124530060528,
          23.08776390871598,
          29.468771235316044,
          23.81377295357303,
          37.271395886515805,
          24.624737329580917,
          32.145257412518866,
          24.706456075609797,
          23.59599887015946,
          27.450106372252847,
          24.513394496067455,
          25.996467314265576
        ]
      },
      "tg_req_throughput": {
        "mean": 27.938706466385803,
        "std": 3.5418643348539978,
        "values": [
          28.16952851849072,
          28.76864585208724,
          28.04724770309342,
          26.80601157683661,
          29.06265509253899,
          30.483932829002793,
          32.01815490464414,
          30.805124530060528,
          23.08776390871598,
          29.468771235316044,
          23.81377295357303,
          37.271395886515805,
          24.624737329580917,
          32.145257412518866,
          24.706456075609797,
          23.59599887015946,
          27.450106372252847,
          24.513394496067455,
          25.996467314265576
        ]
      },
      "peak_throughput": {
        "mean": 44.421052631578945,
        "std": 11.333767847843403,
        "values": [
          43.0,
          51.0,
          38.0,
          40.0,
          50.0,
          42.0,
          63.0,
          52.0,
          27.0,
          49.0,
          27.0,
          69.0,
          27.0,
          51.0,
          43.0,
          31.0,
          55.0,
          40.0,
          46.0
        ]
      },
      "peak_req_throughput": {
        "mean": 44.421052631578945,
        "std": 11.333767847843403,
        "values": [
          43.0,
          51.0,
          38.0,
          40.0,
          50.0,
          42.0,
          63.0,
          52.0,
          27.0,
          49.0,
          27.0,
          69.0,
          27.0,
          51.0,
          43.0,
          31.0,
          55.0,
          40.0,
          46.0
        ]
      },
      "ttfr": {
        "mean": 1177.0070435258706,
        "std": 413.8121522028279,
        "values": [
          999.5665170026768,
          931.9799689983483,
          1703.361699001107,
          930.9997909986123,
          937.7458119997755,
          1058.2339719985612,
          869.9148800005787,
          1039.7697809967212,
          1001.9053899995924,
          900.2928529989731,
          817.4904949992197,
          838.2577909978863,
          1273.9777679998951,
          1040.5524039997545,
          950.8578489985666,
          1246.060249999573,
          2464.68261499831,
          1825.7637200003956,
          1531.720271002996
        ]
      },
      "est_ppt": {
        "mean": 1173.3751148582217,
        "std": 413.81215220282786,
        "values": [
          995.9345883350276,
          928.3480403306991,
          1699.7297703334577,
          927.367862330963,
          934.1138833321262,
          1054.602043330912,
          866.2829513329294,
          1036.137852329072,
          998.2734613319432,
          896.6609243313238,
          813.8585663315704,
          834.625862330237,
          1270.345839332246,
          1036.9204753321053,
          947.2259203309173,
          1242.4283213319238,
          2461.0506863306605,
          1822.1317913327464,
          1528.0883423353469
        ]
      },
      "e2e_ttft": {
        "mean": 1177.0070435258706,
        "std": 413.8121522028279,
        "values": [
          999.5665170026768,
          931.9799689983483,
          1703.361699001107,
          930.9997909986123,
          937.7458119997755,
          1058.2339719985612,
          869.9148800005787,
          1039.7697809967212,
          1001.9053899995924,
          900.2928529989731,
          817.4904949992197,
          838.2577909978863,
          1273.9777679998951,
          1040.5524039997545,
          950.8578489985666,
          1246.060249999573,
          2464.68261499831,
          1825.7637200003956,
          1531.720271002996
        ]
      },
      "throughput_over_time": null,
      "requests_throughput_over_time": null
    }
  ]
}