{
  "version": "0.3.7",
  "timestamp": "2026-04-30 19:34:49Z",
  "latency_mode": "api",
  "latency_ms": 5.206692000077358,
  "model": "MiniMax-M2.7-UD-IQ4_XS",
  "prefix_caching_enabled": false,
  "max_concurrency": 1,
  "benchmarks": [
    {
      "concurrency": 1,
      "context_size": 100100,
      "prompt_size": 128,
      "response_size": 128,
      "is_context_prefill_phase": false,
      "pp_throughput": {
        "mean": 237.9509624395458,
        "std": 0.0,
        "values": [
          237.9509624395458
        ]
      },
      "pp_req_throughput": {
        "mean": 237.9509624395458,
        "std": 0.0,
        "values": [
          237.9509624395458
        ]
      },
      "tg_throughput": {
        "mean": 5.558252484982538,
        "std": 0.0,
        "values": [
          5.558252484982538
        ]
      },
      "tg_req_throughput": {
        "mean": 5.558252484982538,
        "std": 0.0,
        "values": [
          5.558252484982538
        ]
      },
      "peak_throughput": {
        "mean": 8.0,
        "std": 0.0,
        "values": [
          8.0
        ]
      },
      "peak_req_throughput": {
        "mean": 8.0,
        "std": 0.0,
        "values": [
          8.0
        ]
      },
      "ttfr": {
        "mean": 397015.5782050001,
        "std": 0.0,
        "values": [
          397015.5782050001
        ]
      },
      "est_ppt": {
        "mean": 397010.37151300005,
        "std": 0.0,
        "values": [
          397010.37151300005
        ]
      },
      "e2e_ttft": {
        "mean": 397015.5782050001,
        "std": 0.0,
        "values": [
          397015.5782050001
        ]
      },
      "throughput_over_time": null,
      "requests_throughput_over_time": null
    }
  ]
}