{
  "version": "0.3.7",
  "timestamp": "2026-04-30 20:04:13Z",
  "latency_mode": "api",
  "latency_ms": 1.5156736665934052,
  "model": "MiniMax-M2.7-UD-IQ4_XS",
  "prefix_caching_enabled": false,
  "max_concurrency": 1,
  "benchmarks": [
    {
      "concurrency": 1,
      "context_size": 0,
      "prompt_size": 128,
      "response_size": 128,
      "is_context_prefill_phase": false,
      "pp_throughput": {
        "mean": 112.00246442581232,
        "std": 0.0,
        "values": [
          112.00246442581232
        ]
      },
      "pp_req_throughput": {
        "mean": 112.00246442581232,
        "std": 0.0,
        "values": [
          112.00246442581232
        ]
      },
      "tg_throughput": {
        "mean": 24.26366276849027,
        "std": 0.0,
        "values": [
          24.26366276849027
        ]
      },
      "tg_req_throughput": {
        "mean": 24.26366276849027,
        "std": 0.0,
        "values": [
          24.26366276849027
        ]
      },
      "peak_throughput": {
        "mean": 26.0,
        "std": 0.0,
        "values": [
          26.0
        ]
      },
      "peak_req_throughput": {
        "mean": 26.0,
        "std": 0.0,
        "values": [
          26.0
        ]
      },
      "ttfr": {
        "mean": 805.0694210005531,
        "std": 0.0,
        "values": [
          805.0694210005531
        ]
      },
      "est_ppt": {
        "mean": 803.5537473339597,
        "std": 0.0,
        "values": [
          803.5537473339597
        ]
      },
      "e2e_ttft": {
        "mean": 805.0694210005531,
        "std": 0.0,
        "values": [
          805.0694210005531
        ]
      },
      "throughput_over_time": null,
      "requests_throughput_over_time": null
    }
  ]
}