{
  "version": "0.3.7",
  "timestamp": "2026-04-30 20:04:03Z",
  "latency_mode": "api",
  "latency_ms": 1.442632666718661,
  "model": "MiniMax-M2.7-UD-IQ4_XS",
  "prefix_caching_enabled": false,
  "max_concurrency": 1,
  "benchmarks": [
    {
      "concurrency": 1,
      "context_size": 0,
      "prompt_size": 128,
      "response_size": 128,
      "is_context_prefill_phase": false,
      "pp_throughput": {
        "mean": 107.35202907833606,
        "std": 0.0,
        "values": [
          107.35202907833606
        ]
      },
      "pp_req_throughput": {
        "mean": 107.35202907833606,
        "std": 0.0,
        "values": [
          107.35202907833606
        ]
      },
      "tg_throughput": {
        "mean": 24.484258001069964,
        "std": 0.0,
        "values": [
          24.484258001069964
        ]
      },
      "tg_req_throughput": {
        "mean": 24.484258001069964,
        "std": 0.0,
        "values": [
          24.484258001069964
        ]
      },
      "peak_throughput": {
        "mean": 29.0,
        "std": 0.0,
        "values": [
          29.0
        ]
      },
      "peak_req_throughput": {
        "mean": 29.0,
        "std": 0.0,
        "values": [
          29.0
        ]
      },
      "ttfr": {
        "mean": 839.8059199998897,
        "std": 0.0,
        "values": [
          839.8059199998897
        ]
      },
      "est_ppt": {
        "mean": 838.3632873331711,
        "std": 0.0,
        "values": [
          838.3632873331711
        ]
      },
      "e2e_ttft": {
        "mean": 839.8059199998897,
        "std": 0.0,
        "values": [
          839.8059199998897
        ]
      },
      "throughput_over_time": null,
      "requests_throughput_over_time": null
    }
  ]
}