{
  "version": "0.3.7",
  "timestamp": "2026-04-30 19:52:04Z",
  "latency_mode": "api",
  "latency_ms": 5.950580999979138,
  "model": "MiniMax-M2.7-UD-IQ4_XS",
  "prefix_caching_enabled": false,
  "max_concurrency": 1,
  "benchmarks": [
    {
      "concurrency": 1,
      "context_size": 100100,
      "prompt_size": 128,
      "response_size": 128,
      "is_context_prefill_phase": false,
      "pp_throughput": {
        "mean": 237.28566778736803,
        "std": 0.0,
        "values": [
          237.28566778736803
        ]
      },
      "pp_req_throughput": {
        "mean": 237.28566778736803,
        "std": 0.0,
        "values": [
          237.28566778736803
        ]
      },
      "tg_throughput": {
        "mean": 5.768935440776115,
        "std": 0.0,
        "values": [
          5.768935440776115
        ]
      },
      "tg_req_throughput": {
        "mean": 5.768935440776115,
        "std": 0.0,
        "values": [
          5.768935440776115
        ]
      },
      "peak_throughput": {
        "mean": 8.0,
        "std": 0.0,
        "values": [
          8.0
        ]
      },
      "peak_req_throughput": {
        "mean": 8.0,
        "std": 0.0,
        "values": [
          8.0
        ]
      },
      "ttfr": {
        "mean": 397767.0158830001,
        "std": 0.0,
        "values": [
          397767.0158830001
        ]
      },
      "est_ppt": {
        "mean": 397761.06530200015,
        "std": 0.0,
        "values": [
          397761.06530200015
        ]
      },
      "e2e_ttft": {
        "mean": 397767.0158830001,
        "std": 0.0,
        "values": [
          397767.0158830001
        ]
      },
      "throughput_over_time": null,
      "requests_throughput_over_time": null
    }
  ]
}