{
  "version": "0.3.7",
  "timestamp": "2026-04-30 20:04:55Z",
  "latency_mode": "api",
  "latency_ms": 2.584076333429645,
  "model": "MiniMax-M2.7-UD-IQ4_XS",
  "prefix_caching_enabled": false,
  "max_concurrency": 1,
  "benchmarks": [
    {
      "concurrency": 1,
      "context_size": 0,
      "prompt_size": 128,
      "response_size": 128,
      "is_context_prefill_phase": false,
      "pp_throughput": {
        "mean": 104.13687516271088,
        "std": 6.5639677501442515,
        "values": [
          92.34643133574333,
          105.17054696626857,
          102.8718853192144,
          111.00907531511567,
          109.28643687721241
        ]
      },
      "pp_req_throughput": {
        "mean": 104.13687516271088,
        "std": 6.5639677501442515,
        "values": [
          92.34643133574333,
          105.17054696626857,
          102.8718853192144,
          111.00907531511567,
          109.28643687721241
        ]
      },
      "tg_throughput": {
        "mean": 24.57962800745029,
        "std": 0.14064546007978035,
        "values": [
          24.78566302629156,
          24.37531275829287,
          24.665507593610272,
          24.577652068522795,
          24.494004590533944
        ]
      },
      "tg_req_throughput": {
        "mean": 24.57962800745029,
        "std": 0.14064546007978035,
        "values": [
          24.78566302629156,
          24.37531275829287,
          24.665507593610272,
          24.577652068522795,
          24.494004590533944
        ]
      },
      "peak_throughput": {
        "mean": 26.8,
        "std": 0.7483314773547882,
        "values": [
          27.0,
          26.0,
          28.0,
          27.0,
          26.0
        ]
      },
      "peak_req_throughput": {
        "mean": 26.8,
        "std": 0.7483314773547882,
        "values": [
          27.0,
          26.0,
          28.0,
          27.0,
          26.0
        ]
      },
      "ttfr": {
        "mean": 870.4814725999313,
        "std": 57.99162944550989,
        "values": [
          977.1750669997346,
          858.3369709995168,
          877.4586810004621,
          813.3286009997391,
          826.1080430002039
        ]
      },
      "est_ppt": {
        "mean": 867.8973962665018,
        "std": 57.99162944550989,
        "values": [
          974.590990666305,
          855.7528946660872,
          874.8746046670325,
          810.7445246663095,
          823.5239666667743
        ]
      },
      "e2e_ttft": {
        "mean": 870.4814725999313,
        "std": 57.99162944550989,
        "values": [
          977.1750669997346,
          858.3369709995168,
          877.4586810004621,
          813.3286009997391,
          826.1080430002039
        ]
      },
      "throughput_over_time": null,
      "requests_throughput_over_time": null
    }
  ]
}