{
  "depth_grid": [
    {
      "file": "depth-d100100-tg128-n3.json",
      "depth": 100100,
      "tg_n": 3,
      "tg_median_warm": 5.729122071409586,
      "tg_mean_warm": 5.729122071409586,
      "tg_std_warm": 0.083951280379575,
      "pp_mean": 209.97158788230968,
      "ttfr_median_ms": 479598.3068675
    },
    {
      "file": "depth-d100100-tg2048-n2.json",
      "depth": 100100,
      "tg_n": 2,
      "tg_median_warm": 6.046912757875561,
      "tg_mean_warm": 6.046912757875561,
      "tg_std_warm": 0.0,
      "pp_mean": 212.56284337391446,
      "ttfr_median_ms": 498966.12122400076
    },
    {
      "file": "depth-d50000-tg128-n3.json",
      "depth": 50000,
      "tg_n": 3,
      "tg_median_warm": 9.29449264152714,
      "tg_mean_warm": 9.29449264152714,
      "tg_std_warm": 0.1290695700141029,
      "pp_mean": 264.26310054387403,
      "ttfr_median_ms": 196739.76835749953
    },
    {
      "file": "depth-d75000-tg128-n3.json",
      "depth": 75000,
      "tg_n": 3,
      "tg_median_warm": 6.914394739285951,
      "tg_mean_warm": 6.914394739285951,
      "tg_std_warm": 0.20712666916452038,
      "pp_mean": 233.6495467167177,
      "ttfr_median_ms": 327631.8247415002
    }
  ],
  "torture": {
    "n_total": 10,
    "tg_per_run": [
      5.507103645715084,
      5.596393865611778,
      5.558252484982538,
      5.70889881540455,
      5.768935440776115,
      5.123678544159308,
      5.563814022471323,
      5.687430353846895,
      5.538639898122965,
      5.538826399761867
    ],
    "r_last_over_r_first": 1.0057603335777903,
    "tg_median_overall": 5.561033253726931,
    "tg_min": 5.123678544159308,
    "tg_max": 5.768935440776115,
    "ext_pass": 5,
    "verdict": "PASS"
  }
}