{
  "version": "0.3.7",
  "timestamp": "2026-04-30 19:10:04Z",
  "latency_mode": "api",
  "latency_ms": 1.8894166665480345,
  "model": "MiniMax-M2.7-UD-IQ4_XS",
  "prefix_caching_enabled": false,
  "max_concurrency": 1,
  "benchmarks": [
    {
      "concurrency": 1,
      "context_size": 0,
      "prompt_size": 128,
      "response_size": 128,
      "is_context_prefill_phase": false,
      "pp_throughput": {
        "mean": 103.4238758535816,
        "std": 2.02173560684289,
        "values": [
          100.56997897767461,
          105.00107994777048,
          104.70056863529979
        ]
      },
      "pp_req_throughput": {
        "mean": 103.4238758535816,
        "std": 2.02173560684289,
        "values": [
          100.56997897767461,
          105.00107994777048,
          104.70056863529979
        ]
      },
      "tg_throughput": {
        "mean": 23.961890809899927,
        "std": 0.3781820746522788,
        "values": [
          23.523264154102918,
          23.916180525641504,
          24.44622774995535
        ]
      },
      "tg_req_throughput": {
        "mean": 23.961890809899927,
        "std": 0.3781820746522788,
        "values": [
          23.523264154102918,
          23.916180525641504,
          24.44622774995535
        ]
      },
      "peak_throughput": {
        "mean": 25.666666666666668,
        "std": 0.4714045207910317,
        "values": [
          25.0,
          26.0,
          26.0
        ]
      },
      "peak_req_throughput": {
        "mean": 25.666666666666668,
        "std": 0.4714045207910317,
        "values": [
          25.0,
          26.0,
          26.0
        ]
      },
      "ttfr": {
        "mean": 872.4319129999003,
        "std": 17.25209387501725,
        "values": [
          896.7886789998829,
          859.0234579999105,
          861.4836019999075
        ]
      },
      "est_ppt": {
        "mean": 870.5424963333522,
        "std": 17.25209387501725,
        "values": [
          894.8992623333348,
          857.1340413333625,
          859.5941853333594
        ]
      },
      "e2e_ttft": {
        "mean": 872.4319129999003,
        "std": 17.25209387501725,
        "values": [
          896.7886789998829,
          859.0234579999105,
          861.4836019999075
        ]
      },
      "throughput_over_time": null,
      "requests_throughput_over_time": null
    }
  ]
}