{
  "version": "0.3.7",
  "timestamp": "2026-04-30 22:24:01Z",
  "latency_mode": "api",
  "latency_ms": 2.4788266661441107,
  "model": "MiniMax-M2.7-UD-IQ4_XS",
  "prefix_caching_enabled": false,
  "max_concurrency": 1,
  "benchmarks": [
    {
      "concurrency": 1,
      "context_size": 0,
      "prompt_size": 128,
      "response_size": 128,
      "is_context_prefill_phase": false,
      "pp_throughput": {
        "mean": 102.68571385258865,
        "std": 3.7494559821429085,
        "values": [
          105.30444359981696,
          95.92950871183851,
          106.84402035361343,
          102.17714295497632,
          103.17345364269805
        ]
      },
      "pp_req_throughput": {
        "mean": 102.68571385258865,
        "std": 3.7494559821429085,
        "values": [
          105.30444359981696,
          95.92950871183851,
          106.84402035361343,
          102.17714295497632,
          103.17345364269805
        ]
      },
      "tg_throughput": {
        "mean": 30.91077269980665,
        "std": 1.8652126593759861,
        "values": [
          29.5809831891719,
          27.987434927434997,
          32.88106694392413,
          32.59676460401855,
          31.507613834483678
        ]
      },
      "tg_req_throughput": {
        "mean": 30.91077269980665,
        "std": 1.8652126593759861,
        "values": [
          29.5809831891719,
          27.987434927434997,
          32.88106694392413,
          32.59676460401855,
          31.507613834483678
        ]
      },
      "peak_throughput": {
        "mean": 49.6,
        "std": 4.715930449020639,
        "values": [
          41.0,
          51.0,
          55.0,
          49.0,
          52.0
        ]
      },
      "peak_req_throughput": {
        "mean": 49.6,
        "std": 4.715930449020639,
        "values": [
          41.0,
          51.0,
          55.0,
          49.0,
          52.0
        ]
      },
      "ttfr": {
        "mean": 880.1475766002113,
        "std": 33.0995834338052,
        "values": [
          857.1436150014051,
          940.6677239985584,
          844.828260000213,
          883.3020460006082,
          874.7962380002718
        ]
      },
      "est_ppt": {
        "mean": 877.6687499340673,
        "std": 33.0995834338052,
        "values": [
          854.664788335261,
          938.1888973324143,
          842.349433334069,
          880.8232193344642,
          872.3174113341278
        ]
      },
      "e2e_ttft": {
        "mean": 880.1475766002113,
        "std": 33.0995834338052,
        "values": [
          857.1436150014051,
          940.6677239985584,
          844.828260000213,
          883.3020460006082,
          874.7962380002718
        ]
      },
      "throughput_over_time": null,
      "requests_throughput_over_time": null
    }
  ]
}