{
  "version": "0.3.7",
  "timestamp": "2026-04-30 21:57:56Z",
  "latency_mode": "api",
  "latency_ms": 3.9080743329880834,
  "model": "MiniMax-M2.7-UD-IQ4_XS",
  "prefix_caching_enabled": false,
  "max_concurrency": 1,
  "benchmarks": [
    {
      "concurrency": 1,
      "context_size": 100100,
      "prompt_size": 128,
      "response_size": 128,
      "is_context_prefill_phase": false,
      "pp_throughput": {
        "mean": 236.6565442735528,
        "std": 0.0,
        "values": [
          236.6565442735528
        ]
      },
      "pp_req_throughput": {
        "mean": 236.6565442735528,
        "std": 0.0,
        "values": [
          236.6565442735528
        ]
      },
      "tg_throughput": {
        "mean": 5.538826399761867,
        "std": 0.0,
        "values": [
          5.538826399761867
        ]
      },
      "tg_req_throughput": {
        "mean": 5.538826399761867,
        "std": 0.0,
        "values": [
          5.538826399761867
        ]
      },
      "peak_throughput": {
        "mean": 7.0,
        "std": 0.0,
        "values": [
          7.0
        ]
      },
      "peak_req_throughput": {
        "mean": 7.0,
        "std": 0.0,
        "values": [
          7.0
        ]
      },
      "ttfr": {
        "mean": 398691.3827420012,
        "std": 0.0,
        "values": [
          398691.3827420012
        ]
      },
      "est_ppt": {
        "mean": 398687.4746676682,
        "std": 0.0,
        "values": [
          398687.4746676682
        ]
      },
      "e2e_ttft": {
        "mean": 398691.3827420012,
        "std": 0.0,
        "values": [
          398691.3827420012
        ]
      },
      "throughput_over_time": null,
      "requests_throughput_over_time": null
    }
  ]
}