{
  "version": "0.3.7",
  "timestamp": "2026-04-30 21:40:27Z",
  "latency_mode": "api",
  "latency_ms": 3.8974456668559774,
  "model": "MiniMax-M2.7-UD-IQ4_XS",
  "prefix_caching_enabled": false,
  "max_concurrency": 1,
  "benchmarks": [
    {
      "concurrency": 1,
      "context_size": 100100,
      "prompt_size": 128,
      "response_size": 128,
      "is_context_prefill_phase": false,
      "pp_throughput": {
        "mean": 236.06981440129357,
        "std": 0.0,
        "values": [
          236.06981440129357
        ]
      },
      "pp_req_throughput": {
        "mean": 236.06981440129357,
        "std": 0.0,
        "values": [
          236.06981440129357
        ]
      },
      "tg_throughput": {
        "mean": 5.687430353846895,
        "std": 0.0,
        "values": [
          5.687430353846895
        ]
      },
      "tg_req_throughput": {
        "mean": 5.687430353846895,
        "std": 0.0,
        "values": [
          5.687430353846895
        ]
      },
      "peak_throughput": {
        "mean": 8.0,
        "std": 0.0,
        "values": [
          8.0
        ]
      },
      "peak_req_throughput": {
        "mean": 8.0,
        "std": 0.0,
        "values": [
          8.0
        ]
      },
      "ttfr": {
        "mean": 399813.5903509992,
        "std": 0.0,
        "values": [
          399813.5903509992
        ]
      },
      "est_ppt": {
        "mean": 399809.69290533237,
        "std": 0.0,
        "values": [
          399809.69290533237
        ]
      },
      "e2e_ttft": {
        "mean": 399813.5903509992,
        "std": 0.0,
        "values": [
          399813.5903509992
        ]
      },
      "throughput_over_time": null,
      "requests_throughput_over_time": null
    }
  ]
}