{
  "benchmarks": [
    {
      "prompt_size": 131072,
      "response_size": 128,
      "concurrency": 1,
      "runs": 3,
      "request_path": "raw_completions_tokenize_calibrated_debug",
      "server_prompt_tokens": 131072,
      "completion_token_counts": [
        128,
        128,
        128
      ],
      "latencies": [
        {
          "ttft_s": 84.68466999998782,
          "total_s": 100.11166120896814
        },
        {
          "ttft_s": 84.76333570602583,
          "total_s": 100.20909467100864
        },
        {
          "ttft_s": 85.37038400798338,
          "total_s": 100.77890076802578
        }
      ],
      "pp_throughput": {
        "mean": 1543.14256774609,
        "median": 1546.3289511703595,
        "min": 1535.333377295607,
        "max": 1547.7653747723036,
        "values": [
          1547.7653747723036,
          1546.3289511703595,
          1535.333377295607
        ]
      },
      "tg_throughput": {
        "mean": 8.232280473473045,
        "median": 8.232324649674464,
        "min": 8.222321757572585,
        "max": 8.242195013172086,
        "values": [
          8.232324649674464,
          8.222321757572585,
          8.242195013172086
        ]
      }
    }
  ]
}