{
  "version": "0.3.6",
  "timestamp": "2026-05-15 05:44:26Z",
  "latency_mode": "none",
  "latency_ms": 0.0,
  "model": "Qwen/Qwen3.6-27B",
  "prefix_caching_enabled": false,
  "max_concurrency": 1,
  "benchmarks": [
    {
      "concurrency": 1,
      "context_size": 0,
      "prompt_size": 128,
      "response_size": 128,
      "is_context_prefill_phase": false,
      "pp_throughput": {
        "mean": 43895.06707081767,
        "std": 4536.465951952581,
        "values": [
          37371.93095146006,
          46040.13776082855,
          45421.61616066397,
          50546.9350687605,
          34584.67660703088,
          52375.3334376696,
          52276.14066040361,
          33848.98236900997,
          50325.69744965493,
          44668.238778774576,
          50015.87984585293,
          44793.4543456689,
          43237.170244079876,
          41699.11572929437,
          46294.93415500217,
          40639.30248827564,
          43871.59296482678,
          41276.35956348802,
          43018.53641854829,
          48805.65622658951,
          43174.55069117145,
          40804.38254756193,
          40714.202635536836,
          44755.838466180656,
          42571.87644461307,
          43141.76784443705,
          40630.256324103124,
          40080.10292126218,
          47135.36583236904,
          42731.97719141142
        ]
      },
      "pp_req_throughput": {
        "mean": 43895.06707081767,
        "std": 4536.465951952581,
        "values": [
          37371.93095146006,
          46040.13776082855,
          45421.61616066397,
          50546.9350687605,
          34584.67660703088,
          52375.3334376696,
          52276.14066040361,
          33848.98236900997,
          50325.69744965493,
          44668.238778774576,
          50015.87984585293,
          44793.4543456689,
          43237.170244079876,
          41699.11572929437,
          46294.93415500217,
          40639.30248827564,
          43871.59296482678,
          41276.35956348802,
          43018.53641854829,
          48805.65622658951,
          43174.55069117145,
          40804.38254756193,
          40714.202635536836,
          44755.838466180656,
          42571.87644461307,
          43141.76784443705,
          40630.256324103124,
          40080.10292126218,
          47135.36583236904,
          42731.97719141142
        ]
      },
      "tg_throughput": {
        "mean": 16.522301264096882,
        "std": 2.945211515638269,
        "values": [
          17.90229661263606,
          12.307148194244933,
          12.901590440504718,
          17.362009159361207,
          19.28893636199503,
          21.91266024199099,
          15.727842823939252,
          14.8462068035373,
          22.843716848767833,
          15.246219519579718,
          17.357678843192883,
          16.207849709618078,
          20.923155658035412,
          12.917329460515543,
          13.249036309897525,
          17.97819232892233,
          17.957084447408462,
          17.32328141906361,
          12.604038417386974,
          21.786432314863404,
          17.996034605003583,
          11.728379903198652,
          18.578899201290493,
          17.32966989665139,
          15.698328895178502,
          13.931064007506361,
          16.771234521565898,
          13.610197906193344,
          13.974843606747058,
          17.40767946410992
        ]
      },
      "tg_req_throughput": {
        "mean": 16.522301264096882,
        "std": 2.945211515638269,
        "values": [
          17.90229661263606,
          12.307148194244933,
          12.901590440504718,
          17.362009159361207,
          19.28893636199503,
          21.91266024199099,
          15.727842823939252,
          14.8462068035373,
          22.843716848767833,
          15.246219519579718,
          17.357678843192883,
          16.207849709618078,
          20.923155658035412,
          12.917329460515543,
          13.249036309897525,
          17.97819232892233,
          17.957084447408462,
          17.32328141906361,
          12.604038417386974,
          21.786432314863404,
          17.996034605003583,
          11.728379903198652,
          18.578899201290493,
          17.32966989665139,
          15.698328895178502,
          13.931064007506361,
          16.771234521565898,
          13.610197906193344,
          13.974843606747058,
          17.40767946410992
        ]
      },
      "peak_throughput": {
        "mean": 32.06666666666667,
        "std": 9.330713918142717,
        "values": [
          29.0,
          16.0,
          18.0,
          37.0,
          34.0,
          43.0,
          33.0,
          36.0,
          42.0,
          27.0,
          47.0,
          34.0,
          41.0,
          21.0,
          24.0,
          40.0,
          39.0,
          36.0,
          19.0,
          39.0,
          39.0,
          18.0,
          42.0,
          42.0,
          27.0,
          20.0,
          40.0,
          19.0,
          21.0,
          39.0
        ]
      },
      "peak_req_throughput": {
        "mean": 32.06666666666667,
        "std": 9.330713918142717,
        "values": [
          29.0,
          16.0,
          18.0,
          37.0,
          34.0,
          43.0,
          33.0,
          36.0,
          42.0,
          27.0,
          47.0,
          34.0,
          41.0,
          21.0,
          24.0,
          40.0,
          39.0,
          36.0,
          19.0,
          39.0,
          39.0,
          18.0,
          42.0,
          42.0,
          27.0,
          20.0,
          40.0,
          19.0,
          21.0,
          39.0
        ]
      },
      "ttfr": {
        "mean": 3.226127033121884,
        "std": 0.34397468193266306,
        "values": [
          3.74612701125443,
          3.040824958588928,
          3.0602169572375715,
          2.769703045487404,
          4.019120999146253,
          2.6730140089057386,
          2.6780859916470945,
          4.136017989367247,
          2.781878982204944,
          3.134218044579029,
          2.7991110109724104,
          3.1701060361228883,
          3.2610829803161323,
          3.3334040199406445,
          3.024088975507766,
          3.4449410159140825,
          3.1911309924907982,
          3.3917719847522676,
          3.254411043599248,
          2.8685199795290828,
          3.2426510006189346,
          3.4310040064156055,
          3.4631649614311755,
          3.1504269572906196,
          3.2885560067370534,
          3.2451150473207235,
          3.4457080182619393,
          3.4930050023831427,
          2.9701689491048455,
          3.276235016528517
        ]
      },
      "est_ppt": {
        "mean": 3.226127033121884,
        "std": 0.34397468193266306,
        "values": [
          3.74612701125443,
          3.040824958588928,
          3.0602169572375715,
          2.769703045487404,
          4.019120999146253,
          2.6730140089057386,
          2.6780859916470945,
          4.136017989367247,
          2.781878982204944,
          3.134218044579029,
          2.7991110109724104,
          3.1701060361228883,
          3.2610829803161323,
          3.3334040199406445,
          3.024088975507766,
          3.4449410159140825,
          3.1911309924907982,
          3.3917719847522676,
          3.254411043599248,
          2.8685199795290828,
          3.2426510006189346,
          3.4310040064156055,
          3.4631649614311755,
          3.1504269572906196,
          3.2885560067370534,
          3.2451150473207235,
          3.4457080182619393,
          3.4930050023831427,
          2.9701689491048455,
          3.276235016528517
        ]
      },
      "e2e_ttft": {
        "mean": 950.8256706331546,
        "std": 127.94510238116524,