{
  "version": "0.3.6",
  "timestamp": "2026-05-15 05:39:43Z",
  "latency_mode": "none",
  "latency_ms": 0.0,
  "model": "Qwen/Qwen3.6-27B",
  "prefix_caching_enabled": false,
  "max_concurrency": 1,
  "benchmarks": [
    {
      "concurrency": 1,
      "context_size": 0,
      "prompt_size": 128,
      "response_size": 128,
      "is_context_prefill_phase": false,
      "pp_throughput": {
        "mean": 41128.2724572784,
        "std": 5539.867918558807,
        "values": [
          47275.702962177835,
          40985.809674573815,
          48571.45354162375,
          43136.7277214319,
          56075.63408556281,
          39340.36858919613,
          50630.292915904596,
          48720.98622857806,
          36109.934013042075,
          38382.49471686235,
          35765.24026145796,
          35994.20004097058,
          38694.16698490426,
          40480.842482584434,
          39737.43345708398,
          46226.94386988004,
          42495.07649037581,
          39083.40554857534,
          47278.01930846905,
          42489.424740165094,
          32703.142214728214,
          38986.07907276478,
          38218.53969536843,
          41060.149590224086,
          46618.9756821998,
          39702.118761823825,
          35916.85696342601,
          33520.513449430095,
          34432.77877522049,
          35214.86187974652
        ]
      },
      "pp_req_throughput": {
        "mean": 41128.2724572784,
        "std": 5539.867918558807,
        "values": [
          47275.702962177835,
          40985.809674573815,
          48571.45354162375,
          43136.7277214319,
          56075.63408556281,
          39340.36858919613,
          50630.292915904596,
          48720.98622857806,
          36109.934013042075,
          38382.49471686235,
          35765.24026145796,
          35994.20004097058,
          38694.16698490426,
          40480.842482584434,
          39737.43345708398,
          46226.94386988004,
          42495.07649037581,
          39083.40554857534,
          47278.01930846905,
          42489.424740165094,
          32703.142214728214,
          38986.07907276478,
          38218.53969536843,
          41060.149590224086,
          46618.9756821998,
          39702.118761823825,
          35916.85696342601,
          33520.513449430095,
          34432.77877522049,
          35214.86187974652
        ]
      },
      "tg_throughput": {
        "mean": 34.188290775028825,
        "std": 8.937599871375612,
        "values": [
          36.20122567283304,
          51.240045638933175,
          42.62735287039679,
          24.289402829244914,
          39.37993418586011,
          46.62290807155378,
          42.96456611854373,
          51.45616475192317,
          24.030934959934022,
          36.23631695943752,
          23.12074245348149,
          24.09001028925986,
          24.09628246843842,
          39.11199819943399,
          29.747270188532163,
          38.87660940912315,
          38.68827406743863,
          42.04092404884908,
          20.244638000533467,
          23.902047002486356,
          27.916376358275055,
          25.06829219128278,
          33.51325677283588,
          26.46297969218176,
          33.46380341560778,
          22.922147042251957,
          38.917018317358476,
          38.52803340184572,
          33.76840352067782,
          46.12076435231067
        ]
      },
      "tg_req_throughput": {
        "mean": 34.188290775028825,
        "std": 8.937599871375612,
        "values": [
          36.20122567283304,
          51.240045638933175,
          42.62735287039679,
          24.289402829244914,
          39.37993418586011,
          46.62290807155378,
          42.96456611854373,
          51.45616475192317,
          24.030934959934022,
          36.23631695943752,
          23.12074245348149,
          24.09001028925986,
          24.09628246843842,
          39.11199819943399,
          29.747270188532163,
          38.87660940912315,
          38.68827406743863,
          42.04092404884908,
          20.244638000533467,
          23.902047002486356,
          27.916376358275055,
          25.06829219128278,
          33.51325677283588,
          26.46297969218176,
          33.46380341560778,
          22.922147042251957,
          38.917018317358476,
          38.52803340184572,
          33.76840352067782,
          46.12076435231067
        ]
      },
      "peak_throughput": {
        "mean": 51.1,
        "std": 9.166424239218546,
        "values": [
          64.0,
          61.0,
          59.0,
          43.0,
          64.0,
          61.0,
          64.0,
          61.0,
          42.0,
          54.0,
          50.0,
          41.0,
          35.0,
          63.0,
          44.0,
          53.0,
          49.0,
          54.0,
          33.0,
          39.0,
          48.0,
          50.0,
          47.0,
          37.0,
          49.0,
          44.0,
          57.0,
          49.0,
          56.0,
          62.0
        ]
      },
      "peak_req_throughput": {
        "mean": 51.1,
        "std": 9.166424239218546,
        "values": [
          64.0,
          61.0,
          59.0,
          43.0,
          64.0,
          61.0,
          64.0,
          61.0,
          42.0,
          54.0,
          50.0,
          41.0,
          35.0,
          63.0,
          44.0,
          53.0,
          49.0,
          54.0,
          33.0,
          39.0,
          48.0,
          50.0,
          47.0,
          37.0,
          49.0,
          44.0,
          57.0,
          49.0,
          56.0,
          62.0
        ]
      },
      "ttfr": {
        "mean": 3.41477543891718,
        "std": 0.428987741643141,
        "values": [
          2.9190470231696963,
          3.367019002325833,
          2.8411750099621713,
          3.1991300056688488,
          2.4966280325315893,
          3.4824279719032347,
          2.765142999123782,
          2.8324549784883857,
          3.8216630346141756,
          3.5953890183009207,
          3.8584949797950685,
          3.833951021078974,
          3.566429018974304,
          3.4337230026721954,
          3.472796001005918,
          2.985271974466741,
          3.2474350300617516,
          3.505324013531208,
          2.918904006946832,
          3.2478669891133904,
          4.219777998514473,
          3.539725032169372,
          3.610813000705093,
          3.3609229722060263,
          2.960167999844998,
          3.4758850233629346,
          3.8422070210799575,
          4.1168820462189615,
          4.0078089805319905,
          3.91879997914657
        ]
      },
      "est_ppt": {
        "mean": 3.41477543891718,
        "std": 0.428987741643141,
        "values": [
          2.9190470231696963,
          3.367019002325833,
          2.8411750099621713,
          3.1991300056688488,
          2.4966280325315893,
          3.4824279719032347,
          2.765142999123782,
          2.8324549784883857,
          3.8216630346141756,
          3.5953890183009207,
          3.8584949797950685,
          3.833951021078974,
          3.566429018974304,
          3.4337230026721954,
          3.472796001005918,
          2.985271974466741,
          3.2474350300617516,
          3.505324013531208,
          2.918904006946832,
          3.2478669891133904,
          4.219777998514473,
          3.539725032169372,
          3.610813000705093,
          3.3609229722060263,
          2.960167999844998,
          3.4758850233629346,
          3.8422070210799575,
          4.1168820462189615,
          4.0078089805319905,
          3.91879997914657
        ]
      },
      "e2e_ttft": {
        "mean": 693.804602738237,
        "std": 5.162011292734115,