{
  "tag": "true-ar-sherlock-thinkOFF",
  "mode": "true-ar",
  "corpus": "sherlock",
  "think": "thinkOFF",
  "runs": 30,
  "warm_n": 29,
  "prompt_size": 128,
  "response_size": 128,
  "concurrency": 1,
  "tg_values": [
    17.90229661263606,
    12.307148194244933,
    12.901590440504718,
    17.362009159361207,
    19.28893636199503,
    21.91266024199099,
    15.727842823939252,
    14.8462068035373,
    22.843716848767833,
    15.246219519579718,
    17.357678843192883,
    16.207849709618078,
    20.923155658035412,
    12.917329460515543,
    13.249036309897525,
    17.97819232892233,
    17.957084447408462,
    17.32328141906361,
    12.604038417386974,
    21.786432314863404,
    17.996034605003583,
    11.728379903198652,
    18.578899201290493,
    17.32966989665139,
    15.698328895178502,
    13.931064007506361,
    16.771234521565898,
    13.610197906193344,
    13.974843606747058,
    17.40767946410992
  ],
  "tg_mean_all": 16.522301264096882,
  "tg_median_all": 17.047257970314753,
  "tg_std_all": 2.945211515638269,
  "tg_mean_warm": 16.47471521759553,
  "tg_median_warm": 16.771234521565898,
  "tg_std_warm": 2.9842001785878627,
  "ttfr_median_warm_ms": 3.2426510006189346,
  "pp_mean": 43895.06707081767,
  "chat_done_counts_tail": [
    128,
    128,
    128,
    128,
    128,
    128,
    128,
    128,
    128,
    128,
    128,
    128,
    128,
    128,
    128,
    128,
    128,
    128,
    128,
    128,
    128,
    128,
    128,
    128,
    128,
    128,
    128,
    128,
    128,
    128
  ],
  "dflash_generated_counts_tail": [
    128,
    128,
    128,
    128,
    128,
    128,
    128,
    128,
    128,
    128,
    128,
    128,
    128,
    128,
    128,
    128,
    128,
    128,
    128,
    128,
    128,
    128,
    128,
    128,
    128,
    128,
    128,
    128,
    128,
    128
  ],
  "fallback_detected": false,
  "eligible_standard": true,
  "raw_json": "/home/user/work/dflash-lucebox-gb10-spark3/llama-benchy-ar-baseline-fixed-serving-20260514_223706/true-ar-sherlock-thinkOFF.json",
  "bench_log": "/home/user/work/dflash-lucebox-gb10-spark3/llama-benchy-ar-baseline-fixed-serving-20260514_223706/true-ar-sherlock-thinkOFF_bench.log",
  "server_log": "/home/user/work/dflash-lucebox-gb10-spark3/llama-benchy-ar-baseline-fixed-serving-20260514_223706/true-ar-sherlock-thinkOFF_server.log"
}
