{
  "tag": "true-ar-codegen-thinkOFF",
  "mode": "true-ar",
  "corpus": "codegen",
  "think": "thinkOFF",
  "runs": 30,
  "warm_n": 29,
  "prompt_size": 128,
  "response_size": 128,
  "concurrency": 1,
  "tg_values": [
    15.62605978063278,
    21.852476334422175,
    23.969722628618765,
    17.893953741765582,
    18.536079634970555,
    21.837989585720205,
    21.833103501906518,
    17.304176075990824,
    25.192663197882233,
    26.425681221890375,
    18.536188387359616,
    21.93677620717617,
    22.746269468747784,
    15.682075349230745,
    19.243912549182923,
    21.756614090195434,
    20.869941487294113,
    19.29544900758094,
    16.716948247985094,
    19.337865904501015,
    20.906540823569568,
    31.2961302494196,
    16.77458412646573,
    29.569380818388375,
    23.936496061254864,
    25.053994069726556,
    17.369838395890387,
    17.3404095677322,
    27.865642084524875,
    16.78222665452545
  ],
  "tg_mean_all": 21.116306308485047,
  "tg_median_all": 20.888241155431842,
  "tg_std_all": 4.064627738677032,
  "tg_mean_warm": 21.30562515427306,
  "tg_median_warm": 20.906540823569568,
  "tg_std_warm": 4.001955321866896,
  "ttfr_median_warm_ms": 3.3272759756073356,
  "pp_mean": 42426.16700308976,
  "chat_done_counts_tail": [
    128,
    128,
    128,
    128,
    128,
    128,
    128,
    128,
    128,
    128,
    128,
    128,
    128,
    128,
    128,
    128,
    128,
    128,
    128,
    128,
    128,
    128,
    128,
    128,
    128,
    128,
    128,
    128,
    128,
    128
  ],
  "dflash_generated_counts_tail": [
    128,
    128,
    128,
    128,
    128,
    128,
    128,
    128,
    128,
    128,
    128,
    128,
    128,
    128,
    128,
    128,
    128,
    128,
    128,
    128,
    128,
    128,
    128,
    128,
    128,
    128,
    128,
    128,
    128,
    128
  ],
  "fallback_detected": false,
  "eligible_standard": true,
  "raw_json": "/home/user/work/dflash-lucebox-gb10-spark3/llama-benchy-ar-baseline-fixed-serving-20260514_223706/true-ar-codegen-thinkOFF.json",
  "bench_log": "/home/user/work/dflash-lucebox-gb10-spark3/llama-benchy-ar-baseline-fixed-serving-20260514_223706/true-ar-codegen-thinkOFF_bench.log",
  "server_log": "/home/user/work/dflash-lucebox-gb10-spark3/llama-benchy-ar-baseline-fixed-serving-20260514_223706/true-ar-codegen-thinkOFF_server.log"
}
