{
  "version": "0.3.6",
  "timestamp": "2026-05-15 05:51:00Z",
  "latency_mode": "none",
  "latency_ms": 0.0,
  "model": "Qwen/Qwen3.6-27B",
  "prefix_caching_enabled": false,
  "max_concurrency": 1,
  "benchmarks": [
    {
      "concurrency": 1,
      "context_size": 0,
      "prompt_size": 128,
      "response_size": 128,
      "is_context_prefill_phase": false,
      "pp_throughput": {
        "mean": 42426.16700308976,
        "std": 6019.303670367176,
        "values": [
          39289.05087845216,
          45323.48993605273,
          56695.12709922307,
          55604.51869821368,
          39366.558344410514,
          40710.206671883614,
          41658.18660283509,
          50805.20882320747,
          35968.16049908827,
          41475.36934468159,
          43880.40695099983,
          42274.46297269672,
          40611.58097492414,
          38995.54248589699,
          42994.4401530515,
          39878.06434195279,
          33825.81289151036,
          38468.651413193904,
          43332.54462216813,
          36088.724407825015,
          32253.15186054646,
          32775.310559197496,
          41244.244796299776,
          47810.66430752279,
          36356.355096477244,
          45720.18019971164,
          47229.50067088316,
          42256.08905990097,
          49646.37598325683,
          50247.029446628796
        ]
      },
      "pp_req_throughput": {
        "mean": 42426.16700308976,
        "std": 6019.303670367176,
        "values": [
          39289.05087845216,
          45323.48993605273,
          56695.12709922307,
          55604.51869821368,
          39366.558344410514,
          40710.206671883614,
          41658.18660283509,
          50805.20882320747,
          35968.16049908827,
          41475.36934468159,
          43880.40695099983,
          42274.46297269672,
          40611.58097492414,
          38995.54248589699,
          42994.4401530515,
          39878.06434195279,
          33825.81289151036,
          38468.651413193904,
          43332.54462216813,
          36088.724407825015,
          32253.15186054646,
          32775.310559197496,
          41244.244796299776,
          47810.66430752279,
          36356.355096477244,
          45720.18019971164,
          47229.50067088316,
          42256.08905990097,
          49646.37598325683,
          50247.029446628796
        ]
      },
      "tg_throughput": {
        "mean": 21.116306308485044,
        "std": 4.064627738677032,
        "values": [
          15.62605978063278,
          21.852476334422175,
          23.969722628618765,
          17.893953741765582,
          18.536079634970555,
          21.837989585720205,
          21.833103501906518,
          17.304176075990824,
          25.192663197882233,
          26.425681221890375,
          18.536188387359616,
          21.93677620717617,
          22.746269468747784,
          15.682075349230745,
          19.243912549182923,
          21.756614090195434,
          20.869941487294113,
          19.29544900758094,
          16.716948247985094,
          19.337865904501015,
          20.906540823569568,
          31.2961302494196,
          16.77458412646573,
          29.569380818388375,
          23.936496061254864,
          25.053994069726556,
          17.369838395890387,
          17.3404095677322,
          27.865642084524875,
          16.78222665452545
        ]
      },
      "tg_req_throughput": {
        "mean": 21.116306308485044,
        "std": 4.064627738677032,
        "values": [
          15.62605978063278,
          21.852476334422175,
          23.969722628618765,
          17.893953741765582,
          18.536079634970555,
          21.837989585720205,
          21.833103501906518,
          17.304176075990824,
          25.192663197882233,
          26.425681221890375,
          18.536188387359616,
          21.93677620717617,
          22.746269468747784,
          15.682075349230745,
          19.243912549182923,
          21.756614090195434,
          20.869941487294113,
          19.29544900758094,
          16.716948247985094,
          19.337865904501015,
          20.906540823569568,
          31.2961302494196,
          16.77458412646573,
          29.569380818388375,
          23.936496061254864,
          25.053994069726556,
          17.369838395890387,
          17.3404095677322,
          27.865642084524875,
          16.78222665452545
        ]
      },
      "peak_throughput": {
        "mean": 39.0,
        "std": 8.555699854482976,
        "values": [
          27.0,
          38.0,
          40.0,
          41.0,
          33.0,
          37.0,
          46.0,
          38.0,
          48.0,
          56.0,
          28.0,
          56.0,
          41.0,
          21.0,
          40.0,
          37.0,
          34.0,
          39.0,
          23.0,
          35.0,
          38.0,
          50.0,
          36.0,
          57.0,
          39.0,
          43.0,
          34.0,
          35.0,
          44.0,
          36.0
        ]
      },
      "peak_req_throughput": {
        "mean": 39.0,
        "std": 8.555699854482976,
        "values": [
          27.0,
          38.0,
          40.0,
          41.0,
          33.0,
          37.0,
          46.0,
          38.0,
          48.0,
          56.0,
          28.0,
          56.0,
          41.0,
          21.0,
          40.0,
          37.0,
          34.0,
          39.0,
          23.0,
          35.0,
          38.0,
          50.0,
          36.0,
          57.0,
          39.0,
          43.0,
          34.0,
          35.0,
          44.0,
          36.0
        ]
      },
      "ttfr": {
        "mean": 3.35702399800842,
        "std": 0.46099815569225355,
        "values": [
          3.5124289570376277,
          3.088905999902636,
          2.4693480227142572,
          2.517780987545848,
          3.5563179990276694,
          3.438941028434783,
          3.3606839715503156,
          2.7556229615584016,
          3.864529018756002,
          3.3272759756073356,
          3.190490009728819,
          3.311691980343312,
          3.4226690186187625,
          3.564509970601648,
          3.2562349806539714,
          3.510701993945986,
          4.138851014431566,
          3.6393269547261298,
          3.230828035157174,
          3.8793280255049467,
          4.340661049354821,
          4.271507961675525,
          3.3944129827432334,
          2.928216999862343,
          3.7957600434310734,
          3.040232986677438,
          2.9642489971593022,
          3.3131319796666503,
          2.8199439984746277,
          2.806136035360396
        ]
      },
      "est_ppt": {
        "mean": 3.35702399800842,
        "std": 0.46099815569225355,
        "values": [
          3.5124289570376277,
          3.088905999902636,
          2.4693480227142572,
          2.517780987545848,
          3.5563179990276694,
          3.438941028434783,
          3.3606839715503156,
          2.7556229615584016,
          3.864529018756002,
          3.3272759756073356,
          3.190490009728819,
          3.311691980343312,
          3.4226690186187625,
          3.564509970601648,
          3.2562349806539714,
          3.510701993945986,
          4.138851014431566,
          3.6393269547261298,
          3.230828035157174,
          3.8793280255049467,
          4.340661049354821,
          4.271507961675525,
          3.3944129827432334,
          2.928216999862343,
          3.7957600434310734,
          3.040232986677438,
          2.9642489971593022,
          3.3131319796666503,
          2.8199439984746277,
          2.806136035360396
        ]
      },
      "e2e_ttft": {
        "mean": 850.751723665356,
        "std": 148.95711773110628,