{
  "version": "0.3.6",
  "timestamp": "2026-05-15 05:47:12Z",
  "latency_mode": "none",
  "latency_ms": 0.0,
  "model": "Qwen/Qwen3.6-27B",
  "prefix_caching_enabled": false,
  "max_concurrency": 1,
  "benchmarks": [
    {
      "concurrency": 1,
      "context_size": 0,
      "prompt_size": 128,
      "response_size": 128,
      "is_context_prefill_phase": false,
      "pp_throughput": {
        "mean": 38944.68430594556,
        "std": 4554.539311705105,
        "values": [
          34486.84732153229,
          34821.74418592559,
          39820.328742522535,
          37945.103628827426,
          40392.86463264658,
          41405.283633993604,
          40858.362462747944,
          58098.926355355,
          36070.09761920923,
          36368.0060137043,
          34297.21752282263,
          36660.91386402023,
          43215.1706847095,
          30998.049740112627,
          36907.23800609543,
          37485.01628913474,
          39639.3505792896,
          39942.61019427803,
          36075.63023338684,
          40701.4697646056,
          39990.20507781842,
          40979.37141932056,
          36502.22931116968,
          37892.620604990974,
          40812.0290774236,
          38573.15378139701,
          45214.22237296033,
          37826.966928100264,
          37381.0458457879,
          36978.45328447839
        ]
      },
      "pp_req_throughput": {
        "mean": 38944.68430594556,
        "std": 4554.539311705105,
        "values": [
          34486.84732153229,
          34821.74418592559,
          39820.328742522535,
          37945.103628827426,
          40392.86463264658,
          41405.283633993604,
          40858.362462747944,
          58098.926355355,
          36070.09761920923,
          36368.0060137043,
          34297.21752282263,
          36660.91386402023,
          43215.1706847095,
          30998.049740112627,
          36907.23800609543,
          37485.01628913474,
          39639.3505792896,
          39942.61019427803,
          36075.63023338684,
          40701.4697646056,
          39990.20507781842,
          40979.37141932056,
          36502.22931116968,
          37892.620604990974,
          40812.0290774236,
          38573.15378139701,
          45214.22237296033,
          37826.966928100264,
          37381.0458457879,
          36978.45328447839
        ]
      },
      "tg_throughput": {
        "mean": 31.27613908471509,
        "std": 7.59941539228805,
        "values": [
          20.060802238136237,
          29.702541866888847,
          25.228608604966894,
          33.89072457141415,
          25.29709656170404,
          26.55214374976844,
          46.34730262472172,
          31.6056440653493,
          29.670421497655223,
          25.417907073190197,
          25.23304777492703,
          29.69717407436523,
          29.568047125596372,
          29.694340402233344,
          23.960464846747243,
          31.52781258803898,
          26.592364423327894,
          28.02092063227387,
          26.47847330143557,
          26.469067913465683,
          46.21215950624744,
          24.029135353202005,
          38.49969295139709,
          42.247946290922954,
          46.28606250672551,
          35.79409000726385,
          46.03601902911692,
          25.191911540773155,
          39.00763447552101,
          23.964614944076242
        ]
      },
      "tg_req_throughput": {
        "mean": 31.27613908471509,
        "std": 7.59941539228805,
        "values": [
          20.060802238136237,
          29.702541866888847,
          25.228608604966894,
          33.89072457141415,
          25.29709656170404,
          26.55214374976844,
          46.34730262472172,
          31.6056440653493,
          29.670421497655223,
          25.417907073190197,
          25.23304777492703,
          29.69717407436523,
          29.568047125596372,
          29.694340402233344,
          23.960464846747243,
          31.52781258803898,
          26.592364423327894,
          28.02092063227387,
          26.47847330143557,
          26.469067913465683,
          46.21215950624744,
          24.029135353202005,
          38.49969295139709,
          42.247946290922954,
          46.28606250672551,
          35.79409000726385,
          46.03601902911692,
          25.191911540773155,
          39.00763447552101,
          23.964614944076242
        ]
      },
      "peak_throughput": {
        "mean": 45.96666666666667,
        "std": 7.063914558436341,
        "values": [
          35.0,
          38.0,
          42.0,
          41.0,
          36.0,
          46.0,
          56.0,
          52.0,
          46.0,
          49.0,
          45.0,
          45.0,
          33.0,
          44.0,
          41.0,
          51.0,
          43.0,
          48.0,
          41.0,
          39.0,
          56.0,
          43.0,
          50.0,
          53.0,
          51.0,
          58.0,
          55.0,
          42.0,
          61.0,
          39.0
        ]
      },
      "peak_req_throughput": {
        "mean": 45.96666666666667,
        "std": 7.063914558436341,
        "values": [
          35.0,
          38.0,
          42.0,
          41.0,
          36.0,
          46.0,
          56.0,
          52.0,
          46.0,
          49.0,
          45.0,
          45.0,
          33.0,
          44.0,
          41.0,
          51.0,
          43.0,
          48.0,
          41.0,
          39.0,
          56.0,
          43.0,
          50.0,
          53.0,
          51.0,
          58.0,
          55.0,
          42.0,
          61.0,
          39.0
        ]
      },
      "ttfr": {
        "mean": 3.5759025253355503,
        "std": 0.35946934972374833,
        "values": [
          3.9725289680063725,
          3.9630410028621554,
          3.4153409651480615,
          3.6104790051467717,
          3.4164449898526073,
          3.33290797425434,
          3.328571969177574,
          2.34083499526605,
          3.7981599452905357,
          3.79454402718693,
          4.023650020826608,
          3.7915039574727416,
          3.1933230347931385,
          4.451892978977412,
          3.7391039659269154,
          3.6814709892496467,
          3.4813890233635902,
          3.4549569827504456,
          3.8252969970926642,
          3.3905409509316087,
          3.4508450189605355,
          3.3675479935482144,
          3.780591010581702,
          3.641870047431439,
          3.381356014870107,
          3.551692992914468,
          3.0521369772031903,
          3.6481909919530153,
          3.6649589892476797,
          3.7319029797799885
        ]
      },
      "est_ppt": {
        "mean": 3.5759025253355503,
        "std": 0.35946934972374833,
        "values": [
          3.9725289680063725,
          3.9630410028621554,
          3.4153409651480615,
          3.6104790051467717,
          3.4164449898526073,
          3.33290797425434,
          3.328571969177574,
          2.34083499526605,
          3.7981599452905357,
          3.79454402718693,
          4.023650020826608,
          3.7915039574727416,
          3.1933230347931385,
          4.451892978977412,
          3.7391039659269154,
          3.6814709892496467,
          3.4813890233635902,
          3.4549569827504456,
          3.8252969970926642,
          3.3905409509316087,
          3.4508450189605355,
          3.3675479935482144,
          3.780591010581702,
          3.641870047431439,
          3.381356014870107,
          3.551692992914468,
          3.0521369772031903,
          3.6481909919530153,
          3.6649589892476797,
          3.7319029797799885
        ]
      },
      "e2e_ttft": {
        "mean": 696.5978179980691,
        "std": 6.483408706746445,