{
  "tag": "true-ar-codegen-thinkON",
  "mode": "true-ar",
  "corpus": "codegen",
  "think": "thinkON",
  "runs": 30,
  "warm_n": 29,
  "prompt_size": 128,
  "response_size": 128,
  "concurrency": 1,
  "tg_values": [
    20.060802238136237,
    29.702541866888847,
    25.228608604966894,
    33.89072457141415,
    25.29709656170404,
    26.55214374976844,
    46.34730262472172,
    31.6056440653493,
    29.670421497655223,
    25.417907073190197,
    25.23304777492703,
    29.69717407436523,
    29.568047125596372,
    29.694340402233344,
    23.960464846747243,
    31.52781258803898,
    26.592364423327894,
    28.02092063227387,
    26.47847330143557,
    26.469067913465683,
    46.21215950624744,
    24.029135353202005,
    38.49969295139709,
    42.247946290922954,
    46.28606250672551,
    35.79409000726385,
    46.03601902911692,
    25.191911540773155,
    39.00763447552101,
    23.964614944076242
  ],
  "tg_mean_all": 31.27613908471508,
  "tg_median_all": 29.619234311625796,
  "tg_std_all": 7.59941539228805,
  "tg_mean_warm": 31.662874838045386,
  "tg_median_warm": 29.670421497655223,
  "tg_std_warm": 7.433410775146577,
  "ttfr_median_warm_ms": 3.6104790051467717,
  "pp_mean": 38944.68430594556,
  "chat_done_counts_tail": [
    128,
    128,
    128,
    128,
    128,
    128,
    128,
    128,
    128,
    128,
    128,
    128,
    128,
    128,
    128,
    128,
    128,
    128,
    128,
    128,
    128,
    128,
    128,
    128,
    128,
    128,
    128,
    128,
    128,
    128
  ],
  "dflash_generated_counts_tail": [
    128,
    128,
    128,
    128,
    128,
    128,
    128,
    128,
    128,
    128,
    128,
    128,
    128,
    128,
    128,
    128,
    128,
    128,
    128,
    128,
    128,
    128,
    128,
    128,
    128,
    128,
    128,
    128,
    128,
    128
  ],
  "fallback_detected": false,
  "eligible_standard": true,
  "raw_json": "/home/user/work/dflash-lucebox-gb10-spark3/llama-benchy-ar-baseline-fixed-serving-20260514_223706/true-ar-codegen-thinkON.json",
  "bench_log": "/home/user/work/dflash-lucebox-gb10-spark3/llama-benchy-ar-baseline-fixed-serving-20260514_223706/true-ar-codegen-thinkON_bench.log",
  "server_log": "/home/user/work/dflash-lucebox-gb10-spark3/llama-benchy-ar-baseline-fixed-serving-20260514_223706/true-ar-codegen-thinkON_server.log"
}
