{
  "benchmarks": [
    {
      "prompt_size": 2048,
      "response_size": 128,
      "concurrency": 1,
      "runs": 3,
      "request_path": "raw_completions_tokenize_calibrated_debug",
      "server_prompt_tokens": 2048,
      "completion_token_counts": [
        128,
        128,
        128
      ],
      "latencies": [
        {
          "ttft_s": 0.6459205589490011,
          "total_s": 5.403451591962948
        },
        {
          "ttft_s": 0.6350736040039919,
          "total_s": 9.226995459990576
        },
        {
          "ttft_s": 0.6353665959904902,
          "total_s": 5.228434393997304
        }
      ],
      "pp_throughput": {
        "mean": 3206.275855798878,
        "median": 3223.3359652899558,
        "min": 3170.6685468138203,
        "max": 3224.823055292858,
        "values": [
          3170.6685468138203,
          3224.823055292858,
          3223.3359652899558
        ]
      },
      "tg_throughput": {
        "mean": 23.042069823049957,
        "median": 26.694518463192058,
        "min": 14.781326242103837,
        "max": 27.65036476385398,
        "values": [
          26.694518463192058,
          14.781326242103837,
          27.65036476385398
        ]
      }
    }
  ]
}