{
  "pp": 2048,
  "tg": 128,
  "concurrency": 1,
  "mbt": 2048,
  "max_model_len": 132000,
  "dflash": "on",
  "flashqla": "on",
  "nspec": 15,
  "temperature": 0.6,
  "forced_top_p": false,
  "forced_min_tokens": false,
  "forced_ignore_eos": false,
  "depth": "warm5n10",
  "debug_source": "results/golden-depth-grid-20260510-debug/mbt2048-dfon-fqon-th1024n66-ns15-arn66_v34-raw-ml132000-w5n10-t06-pathproof-pp2048",
  "raw_json": "results/golden-depth-grid-20260510/pp2048/measured-pp2048-tg128-c1-n10.json",
  "proof_log": "results/golden-depth-grid-20260510/pp2048/proof-pp2048.log",
  "proof_counts": {
    "DFlash AR prompt threshold request-nsteps v34": 1995,
    "SpecDecoding metrics": 16,
    "spec_counts=": 6,
    "DFlash proposer full-cudagraph path active": 50,
    "DFlash direct draft-query attention v2 path active": 28,
    "DFlash longctx feature metadata gpu path active": 6,
    "DFlash shifted suffix block-table path active": 0,
    "block_table_shifted=True": 0,
    "seq_lens_adjusted=True": 0,
    "slot_mapping_preserved=True": 0,
    "[flashqla-v2] active": 3,
    "Using Triton/FLA GDN prefill kernel": 1,
    "[flashqla-large-shape] optimized": 1,
    "temperature=0.6": 0,
    "top_p_present=False": 0,
    "min_tokens_present=False": 0,
    "ignore_eos_present=False": 0,
    "Traceback": 0,
    "EngineDeadError": 0
  },
  "prompt_size": 2048,
  "response_size": 128,
  "server_prompt_tokens": 2048,
  "completion_token_counts": [
    128,
    103,
    128,
    128,
    128,
    128,
    128,
    128,
    128,
    128
  ],
  "pp_throughput": {
    "mean": 3198.7064274888426,
    "median": 3204.3331014079813,
    "min": 3168.6821026220487,
    "max": 3219.0558601792827,
    "values": [
      3169.372903570037,
      3219.0558601792827,
      3218.556572657088,
      3218.4852542634862,
      3206.229588858325,
      3217.0884297029606,
      3191.401317609344,
      3168.6821026220487,
      3175.755631468218,
      3202.4366139576373
    ]
  },
  "tg_throughput": {
    "mean": 12.597977331146195,
    "median": 13.070838275012294,
    "min": 9.977502637999066,
    "max": 13.84832244095195,
    "values": [
      13.84832244095195,
      9.977502637999066,
      13.808219023331928,
      13.829188391517711,
      11.633761585781098,
      13.764421710714473,
      12.377254839310115,
      13.780247403133027,
      11.749953100547561,
      11.210902178175026
    ]
  }
}
