{
  "benchmarks": [
    {
      "prompt_size": 65536,
      "response_size": 128,
      "concurrency": 1,
      "runs": 3,
      "request_path": "raw_completions_tokenize_calibrated_debug",
      "server_prompt_tokens": 65536,
      "completion_token_counts": [
        128,
        128,
        128
      ],
      "latencies": [
        {
          "ttft_s": 30.996354967996012,
          "total_s": 44.13417779101292
        },
        {
          "ttft_s": 30.999613893043716,
          "total_s": 44.13697106600739
        },
        {
          "ttft_s": 31.012697394005954,
          "total_s": 44.16029214597074
        }
      ],
      "pp_throughput": {
        "mean": 2113.867643917378,
        "median": 2114.0908472639467,
        "min": 2113.198963875571,
        "max": 2114.3131206126154,
        "values": [
          2114.3131206126154,
          2114.0908472639467,
          2113.198963875571
        ]
      },
      "tg_throughput": {
        "mean": 9.664465567931334,
        "median": 9.666746287482384,
        "min": 9.659561493635252,
        "max": 9.667088922676363,
        "values": [
          9.666746287482384,
          9.667088922676363,
          9.659561493635252
        ]
      }
    }
  ]
}