{
  "image": "vllm-prefill-flashqla-spark:hkv-20260506-1527",
  "rows": [
    {
      "T": 64,
      "old_o_max": 6.103515625e-05,
      "hkv_o_max": 6.103515625e-05,
      "hkv_vs_old_max": 0.0,
      "hkv_o_mean": 4.856978193856776e-06,
      "state_max": 0.0007817000150680542,
      "timing": {
        "old_htranspose_plus_o": {
          "p50_ms": 0.034272000193595886,
          "mean_ms": 0.03456256002187729,
          "min_ms": 0.03308799862861633,
          "max_ms": 0.03936000168323517
        },
        "hkv_o": {
          "p50_ms": 0.022463999688625336,
          "mean_ms": 0.0222163201123476,
          "min_ms": 0.02147199958562851,
          "max_ms": 0.023391999304294586
        }
      }
    },
    {
      "T": 489,
      "old_o_max": 0.0001220703125,
      "hkv_o_max": 0.0001220703125,
      "hkv_vs_old_max": 0.0,
      "hkv_o_mean": 9.556348231853917e-06,
      "state_max": 0.0009254932519979775,
      "timing": {
        "old_htranspose_plus_o": {
          "p50_ms": 0.24406400322914124,
          "mean_ms": 0.2446809607744217,
          "min_ms": 0.23955200612545013,
          "max_ms": 0.26678401231765747
        },
        "hkv_o": {
          "p50_ms": 0.11857600137591362,
          "mean_ms": 0.11833536177873612,
          "min_ms": 0.11673600226640701,
          "max_ms": 0.11980800330638885
        }
      }
    },
    {
      "T": 491,
      "old_o_max": 0.0001220703125,
      "hkv_o_max": 0.0001220703125,
      "hkv_vs_old_max": 0.0,
      "hkv_o_mean": 9.591570233169477e-06,
      "state_max": 0.0011583492159843445,
      "timing": {
        "old_htranspose_plus_o": {
          "p50_ms": 0.2433440014719963,
          "mean_ms": 0.26011776030063627,
          "min_ms": 0.23839999735355377,
          "max_ms": 0.4440639913082123
        },
        "hkv_o": {
          "p50_ms": 0.1178240031003952,
          "mean_ms": 0.1180486412346363,
          "min_ms": 0.11648000031709671,
          "max_ms": 0.12067200243473053
        }
      }
    },
    {
      "T": 1568,
      "old_o_max": 0.0001220703125,
      "hkv_o_max": 0.0001220703125,
      "hkv_vs_old_max": 0.0,
      "hkv_o_mean": 1.0210646905761678e-05,
      "state_max": 0.0012013614177703857,
      "timing": {
        "old_htranspose_plus_o": {
          "p50_ms": 0.8451519906520844,
          "mean_ms": 0.8790214383602142,
          "min_ms": 0.8368960022926331,
          "max_ms": 1.0948799848556519
        },
        "hkv_o": {
          "p50_ms": 0.43160000443458557,
          "mean_ms": 0.4419155180454254,
          "min_ms": 0.42719998955726624,
          "max_ms": 0.5500479936599731
        }
      }
    },
    {
      "T": 2048,
      "old_o_max": 0.0001220703125,
      "hkv_o_max": 0.0001220703125,
      "hkv_vs_old_max": 0.0,
      "hkv_o_mean": 1.022983906295849e-05,
      "state_max": 0.001239478588104248,
      "timing": {
        "old_htranspose_plus_o": {
          "p50_ms": 1.0516959428787231,
          "mean_ms": 1.08840895652771,
          "min_ms": 1.0397759675979614,
          "max_ms": 1.5242880582809448
        },
        "hkv_o": {
          "p50_ms": 0.5559040009975433,
          "mean_ms": 0.5667961621284485,
          "min_ms": 0.5507519841194153,
          "max_ms": 0.6989120244979858
        }
      }
    }
  ]
}