{
  "version": "0.3.7",
  "timestamp": "2026-05-06 15:37:39Z",
  "latency_mode": "api",
  "latency_ms": 1.98222567026581,
  "model": "qwen35-27b-axionml-nvfp4",
  "prefix_caching_enabled": false,
  "max_concurrency": 1,
  "benchmarks": [
    {
      "concurrency": 1,
      "context_size": 0,
      "prompt_size": 2048,
      "response_size": 32,
      "is_context_prefill_phase": false,
      "pp_throughput": {
        "mean": 3021.3447782887856,
        "std": 13.620577410358337,
        "values": [
          3009.5596233939877,
          3013.986340684138,
          3016.3052635180075,
          3019.001025946269,
          3047.8716379015254
        ]
      },
      "pp_req_throughput": {
        "mean": 3021.3447782887856,
        "std": 13.620577410358337,
        "values": [
          3009.5596233939877,
          3013.986340684138,
          3016.3052635180075,
          3019.001025946269,
          3047.8716379015254
        ]
      },
      "tg_throughput": {
        "mean": 11.693857756235948,
        "std": 0.019052059340167782,
        "values": [
          11.706267753908397,
          11.658856973773373,
          11.695837021130725,
          11.714639850097779,
          11.69368718226947
        ]
      },
      "tg_req_throughput": {
        "mean": 11.693857756235948,
        "std": 0.019052059340167782,
        "values": [
          11.706267753908397,
          11.658856973773373,
          11.695837021130725,
          11.714639850097779,
          11.69368718226947
        ]
      },
      "peak_throughput": {
        "mean": 12.0,
        "std": 0.0,
        "values": [
          12.0,
          12.0,
          12.0,
          12.0,
          12.0
        ]
      },
      "peak_req_throughput": {
        "mean": 12.0,
        "std": 0.0,
        "values": [
          12.0,
          12.0,
          12.0,
          12.0,
          12.0
        ]
      },
      "ttfr": {
        "mean": 683.0826966004679,
        "std": 2.895460219675203,
        "values": [
          685.8032020027167,
          684.7988569934387,
          683.9423790006549,
          683.3334350012592,
          677.53561000427
        ]
      },
      "est_ppt": {
        "mean": 681.1004709302019,
        "std": 2.895460219675203,
        "values": [
          683.8209763324509,
          682.8166313231728,
          681.9601533303891,
          681.3512093309934,
          675.5533843340041
        ]
      },
      "e2e_ttft": {
        "mean": 683.0826966004679,
        "std": 2.895460219675203,
        "values": [
          685.8032020027167,
          684.7988569934387,
          683.9423790006549,
          683.3334350012592,
          677.53561000427
        ]
      },
      "throughput_over_time": null,
      "requests_throughput_over_time": null
    }
  ]
}