{
  "version": "0.3.7",
  "timestamp": "2026-05-06 17:47:58Z",
  "latency_mode": "api",
  "latency_ms": 2.1084156666499134,
  "model": "qwen35-27b-axionml-nvfp4",
  "prefix_caching_enabled": false,
  "max_concurrency": 1,
  "benchmarks": [
    {
      "concurrency": 1,
      "context_size": 0,
      "prompt_size": 2048,
      "response_size": 32,
      "is_context_prefill_phase": false,
      "pp_throughput": {
        "mean": 3006.577646660589,
        "std": 8.441716497550306,
        "values": [
          3006.719068936824,
          3003.2897434589663,
          3007.9525515273954,
          3008.561557770762,
          3029.987154195107,
          3014.220232783436,
          3011.803101230452,
          3017.342066495904,
          3006.509095110852,
          3007.631314963305,
          2995.2460758345055,
          3013.0724064286223,
          3006.564900901559,
          3005.595036377674,
          3001.9311855041433,
          3004.6387227328014,
          2999.926098028486,
          3019.3413003186665,
          2994.0510155803486,
          3001.118448891678,
          3014.5339808874132,
          3003.057540125385,
          2989.338479284172,
          3006.522333189557,
          2995.4451046220165,
          3009.6349455757945,
          2993.060299414083,
          3009.6891443254613,
          3005.083969810657,
          3015.462525511643
        ]
      },
      "pp_req_throughput": {
        "mean": 3006.577646660589,
        "std": 8.441716497550306,
        "values": [
          3006.719068936824,
          3003.2897434589663,
          3007.9525515273954,
          3008.561557770762,
          3029.987154195107,
          3014.220232783436,
          3011.803101230452,
          3017.342066495904,
          3006.509095110852,
          3007.631314963305,
          2995.2460758345055,
          3013.0724064286223,
          3006.564900901559,
          3005.595036377674,
          3001.9311855041433,
          3004.6387227328014,
          2999.926098028486,
          3019.3413003186665,
          2994.0510155803486,
          3001.118448891678,
          3014.5339808874132,
          3003.057540125385,
          2989.338479284172,
          3006.522333189557,
          2995.4451046220165,
          3009.6349455757945,
          2993.060299414083,
          3009.6891443254613,
          3005.083969810657,
          3015.462525511643
        ]
      },
      "tg_throughput": {
        "mean": 11.604765100923371,
        "std": 0.05053912893100975,
        "values": [
          11.724035115549476,
          11.717326244460697,
          11.662849784630469,
          11.660732862642096,
          11.683363538634815,
          11.698716419851754,
          11.644934513607422,
          11.633319376403195,
          11.604114620052725,
          11.588532585670627,
          11.597873977557892,
          11.594743748083712,
          11.575477449452059,
          11.565173191383636,
          11.591931135840081,
          11.574541001185032,
          11.568693728766018,
          11.553938037027732,
          11.627587671670934,
          11.573014964320402,
          11.559815220676082,
          11.575327640050153,
          11.555909124625622,
          11.552443882681985,
          11.579956591720114,
          11.545520236045862,
          11.568569773281464,
          11.573683432010117,
          11.564800817122489,
          11.626026342696413
        ]
      },
      "tg_req_throughput": {
        "mean": 11.604765100923371,
        "std": 0.05053912893100975,
        "values": [
          11.724035115549476,
          11.717326244460697,
          11.662849784630469,
          11.660732862642096,
          11.683363538634815,
          11.698716419851754,
          11.644934513607422,
          11.633319376403195,
          11.604114620052725,
          11.588532585670627,
          11.597873977557892,
          11.594743748083712,
          11.575477449452059,
          11.565173191383636,
          11.591931135840081,
          11.574541001185032,
          11.568693728766018,
          11.553938037027732,
          11.627587671670934,
          11.573014964320402,
          11.559815220676082,
          11.575327640050153,
          11.555909124625622,
          11.552443882681985,
          11.579956591720114,
          11.545520236045862,
          11.568569773281464,
          11.573683432010117,
          11.564800817122489,
          11.626026342696413
        ]
      },
      "peak_throughput": {
        "mean": 12.0,
        "std": 0.0,
        "values": [
          12.0,
          12.0,
          12.0,
          12.0,
          12.0,
          12.0,
          12.0,
          12.0,
          12.0,
          12.0,
          12.0,
          12.0,
          12.0,
          12.0,
          12.0,
          12.0,
          12.0,
          12.0,
          12.0,
          12.0,
          12.0,
          12.0,
          12.0,
          12.0,
          12.0,
          12.0,
          12.0,
          12.0,
          12.0,
          12.0
        ]
      },
      "peak_req_throughput": {
        "mean": 12.0,
        "std": 0.0,
        "values": [
          12.0,
          12.0,
          12.0,
          12.0,
          12.0,
          12.0,
          12.0,
          12.0,
          12.0,
          12.0,
          12.0,
          12.0,
          12.0,
          12.0,
          12.0,
          12.0,
          12.0,
          12.0,
          12.0,
          12.0,
          12.0,
          12.0,
          12.0,
          12.0,
          12.0,
          12.0,
          12.0,
          12.0,
          12.0,
          12.0
        ]
      },
      "ttfr": {
        "mean": 686.6018316332884,
        "std": 1.890412597404528,
        "values": [
          686.5754219998053,
          687.356985000406,
          686.2947400004487,
          686.1562439999034,
          681.3192159997925,
          684.8720629996023,
          685.42001699916,
          684.16565500047,
          686.6232250004032,
          686.3678159998017,
          689.1972049998003,
          685.1321610001833,
          686.9431249997433,
          686.8313989998569,
          687.6671020008871,
          687.0493320002424,
          688.1253150004341,
          683.714035999401,
          689.4714529998964,
          687.8527589997248,
          684.8010019994035,
          687.4099699998624,
          690.5550450001101,
          686.6202109995356,
          688.8177119999455,
          685.9122780006146,
          689.3648669993127,
          685.8999639998729,
          686.9478480002726,
          684.5907819997592
        ]
      },
      "est_ppt": {
        "mean": 684.4934159666383,
        "std": 1.890412597404528,
        "values": [
          684.4670063331554,
          685.2485693337561,
          684.1863243337988,
          684.0478283332535,
          679.2108003331426,
          682.7636473329525,
          683.3116013325101,
          682.0572393338201,
          684.5148093337533,
          684.2594003331518,
          687.0887893331504,
          683.0237453335334,
          684.8347093330934,
          684.722983333207,
          685.5586863342372,
          684.9409163335926,
          686.0168993337842,
          681.6056203327511,
          687.3630373332466,
          685.7443433330749,
          682.6925863327536,
          685.3015543332125,
          688.4466293334602,
          684.5117953328858,
          686.7092963332956,
          683.8038623339647,
          687.2564513326628,
          683.791548333223,
          684.8394323336228,
          682.4823663331093
        ]
      },
      "e2e_ttft": {
        "mean": 686.6018316332884,
        "std": 1.890412597404528,