{
  "version": "0.3.7",
  "timestamp": "2026-05-06 20:00:29Z",
  "latency_mode": "api",
  "latency_ms": 2.0137923335520704,
  "model": "qwen35-27b-axionml-nvfp4",
  "prefix_caching_enabled": false,
  "max_concurrency": 1,
  "benchmarks": [
    {
      "concurrency": 1,
      "context_size": 0,
      "prompt_size": 2048,
      "response_size": 32,
      "is_context_prefill_phase": false,
      "pp_throughput": {
        "mean": 3000.3639637365927,
        "std": 11.120072899375826,
        "values": [
          2995.793906809415,
          3020.193852189893,
          3017.9889622416426,
          3010.704918297568,
          2997.922393166404,
          3004.3773354445157,
          3026.4905155994907,
          3003.1697946430522,
          3000.5713128652997,
          3013.2442572957807,
          3003.6701448550652,
          3005.0345552053495,
          2987.497160344414,
          3000.8326494056882,
          2988.191470259329,
          2991.3212671063907,
          3007.4769997253757,
          2984.592594715281,
          2984.9578026466193,
          2988.4696795005243,
          3008.2533242466675,
          3017.363618981239,
          2987.184136731154,
          2986.0434866653454,
          2993.3291963615047,
          3003.7698596187283,
          2996.0597972224805,
          2994.699029458459,
          2998.1553099221805,
          2993.5595805729463
        ]
      },
      "pp_req_throughput": {
        "mean": 3000.3639637365927,
        "std": 11.120072899375826,
        "values": [
          2995.793906809415,
          3020.193852189893,
          3017.9889622416426,
          3010.704918297568,
          2997.922393166404,
          3004.3773354445157,
          3026.4905155994907,
          3003.1697946430522,
          3000.5713128652997,
          3013.2442572957807,
          3003.6701448550652,
          3005.0345552053495,
          2987.497160344414,
          3000.8326494056882,
          2988.191470259329,
          2991.3212671063907,
          3007.4769997253757,
          2984.592594715281,
          2984.9578026466193,
          2988.4696795005243,
          3008.2533242466675,
          3017.363618981239,
          2987.184136731154,
          2986.0434866653454,
          2993.3291963615047,
          3003.7698596187283,
          2996.0597972224805,
          2994.699029458459,
          2998.1553099221805,
          2993.5595805729463
        ]
      },
      "tg_throughput": {
        "mean": 11.5843378748872,
        "std": 0.039917857935672596,
        "values": [
          11.669861204589424,
          11.668986747314127,
          11.594277557243855,
          11.621491525454527,
          11.619661231898188,
          11.645182032077573,
          11.603396290588421,
          11.588572822055713,
          11.602524009624144,
          11.606077681622713,
          11.574249429307034,
          11.618975793428186,
          11.60768181464924,
          11.571209197512683,
          11.604856962364522,
          11.564732146142731,
          11.547809997841751,
          11.566916068759177,
          11.616843240778994,
          11.534437661153044,
          11.546868003628376,
          11.555246391168776,
          11.549744797977336,
          11.607237399625014,
          11.533123437998325,
          11.52070832418456,
          11.539533884721079,
          11.540572357829141,
          11.528448375893138,
          11.580909859184224
        ]
      },
      "tg_req_throughput": {
        "mean": 11.5843378748872,
        "std": 0.039917857935672596,
        "values": [
          11.669861204589424,
          11.668986747314127,
          11.594277557243855,
          11.621491525454527,
          11.619661231898188,
          11.645182032077573,
          11.603396290588421,
          11.588572822055713,
          11.602524009624144,
          11.606077681622713,
          11.574249429307034,
          11.618975793428186,
          11.60768181464924,
          11.571209197512683,
          11.604856962364522,
          11.564732146142731,
          11.547809997841751,
          11.566916068759177,
          11.616843240778994,
          11.534437661153044,
          11.546868003628376,
          11.555246391168776,
          11.549744797977336,
          11.607237399625014,
          11.533123437998325,
          11.52070832418456,
          11.539533884721079,
          11.540572357829141,
          11.528448375893138,
          11.580909859184224
        ]
      },
      "peak_throughput": {
        "mean": 12.0,
        "std": 0.0,
        "values": [
          12.0,
          12.0,
          12.0,
          12.0,
          12.0,
          12.0,
          12.0,
          12.0,
          12.0,
          12.0,
          12.0,
          12.0,
          12.0,
          12.0,
          12.0,
          12.0,
          12.0,
          12.0,
          12.0,
          12.0,
          12.0,
          12.0,
          12.0,
          12.0,
          12.0,
          12.0,
          12.0,
          12.0,
          12.0,
          12.0
        ]
      },
      "peak_req_throughput": {
        "mean": 12.0,
        "std": 0.0,
        "values": [
          12.0,
          12.0,
          12.0,
          12.0,
          12.0,
          12.0,
          12.0,
          12.0,
          12.0,
          12.0,
          12.0,
          12.0,
          12.0,
          12.0,
          12.0,
          12.0,
          12.0,
          12.0,
          12.0,
          12.0,
          12.0,
          12.0,
          12.0,
          12.0,
          12.0,
          12.0,
          12.0,
          12.0,
          12.0,
          12.0
        ]
      },
      "ttfr": {
        "mean": 688.0286171333257,
        "std": 2.4802390215702443,
        "values": [
          688.976936000472,
          683.7581109994062,
          683.9248350006528,
          685.5746379987977,
          688.4892010002659,
          687.014299999646,
          682.0093149999593,
          687.2897310004191,
          687.8831769990938,
          685.6623200001195,
          687.1755779993691,
          687.1972610006196,
          690.8847400009108,
          687.8234460000385,
          690.7246800001303,
          690.0040870004887,
          686.6408070000034,
          691.5551400015829,
          691.470775000198,
          690.6605650001438,
          686.1317100010638,
          684.3975749998208,
          690.956926000581,
          691.2200979986665,
          689.2085059989768,
          687.1528329993453,
          689.249741999447,
          689.8959400004969,
          688.4358709994558,
          689.4896699996025
        ]
      },
      "est_ppt": {
        "mean": 686.0148247997735,
        "std": 2.4802390215702443,
        "values": [
          686.96314366692,
          681.7443186658542,
          681.9110426671008,
          683.5608456652457,
          686.4754086667139,
          685.000507666094,
          679.9955226664073,
          685.2759386668671,
          685.8693846655418,
          683.6485276665675,
          685.1617856658171,
          685.1834686670676,
          688.8709476673588,
          685.8096536664865,
          688.7108876665783,
          687.9902946669366,
          684.6270146664514,
          689.5413476680309,
          689.456982666646,
          688.6467726665918,
          684.1179176675117,
          682.3837826662688,
          688.943133667029,
          689.2063056651144,
          687.1947136654247,
          685.1390406657932,
          687.235949665895,
          687.8821476669449,
          686.4220786659038,
          687.4758776660505
        ]
      },
      "e2e_ttft": {
        "mean": 688.0286171333257,
        "std": 2.4802390215702443,