{
  "version": "0.3.7",
  "timestamp": "2026-04-28 00:39:28Z",
  "latency_mode": "api",
  "latency_ms": 2.8052220004610717,
  "model": "qwen36-27b",
  "prefix_caching_enabled": false,
  "max_concurrency": 1,
  "benchmarks": [
    {
      "concurrency": 1,
      "context_size": 0,
      "prompt_size": 128,
      "response_size": 128,
      "is_context_prefill_phase": false,
      "pp_throughput": {
        "mean": 494.0085466332128,
        "std": 91.51132205871018,
        "values": [
          24.030308157077364,
          375.72271465643087,
          539.5880235376864,
          508.6311352196982,
          500.6038181626583,
          485.39238745994265,
          505.69690861571866,
          541.8672741212742,
          513.4834116386313,
          511.49858816142745,
          511.8227138854005,
          514.2778788108611,
          544.3071299131554,
          500.36325985008125,
          503.7841492546301,
          510.51757248158924,
          516.8558512659592,
          520.0132016700035,
          512.87230742972,
          512.4432279001612,
          513.7916515488535,
          515.12466925481,
          511.2838887832006,
          521.3338407601445,
          510.7357950913609,
          519.1144040257627,
          519.942149377335,
          517.1598715948962,
          515.3477079204181,
          522.6505584474941
        ]
      },
      "pp_req_throughput": {
        "mean": 494.0085466332128,
        "std": 91.51132205871018,
        "values": [
          24.030308157077364,
          375.72271465643087,
          539.5880235376864,
          508.6311352196982,
          500.6038181626583,
          485.39238745994265,
          505.69690861571866,
          541.8672741212742,
          513.4834116386313,
          511.49858816142745,
          511.8227138854005,
          514.2778788108611,
          544.3071299131554,
          500.36325985008125,
          503.7841492546301,
          510.51757248158924,
          516.8558512659592,
          520.0132016700035,
          512.87230742972,
          512.4432279001612,
          513.7916515488535,
          515.12466925481,
          511.2838887832006,
          521.3338407601445,
          510.7357950913609,
          519.1144040257627,
          519.942149377335,
          517.1598715948962,
          515.3477079204181,
          522.6505584474941
        ]
      },
      "tg_throughput": {
        "mean": 42.77296019517327,
        "std": 15.771996615027435,
        "values": [
          37.83501481592563,
          41.98186156614353,
          28.103942415085626,
          57.807150726991736,
          28.65764676184243,
          40.556344357121084,
          35.21115378536303,
          56.273572318139045,
          33.338356662407115,
          30.417953264279085,
          78.04199166475709,
          54.30153609552258,
          32.15602637127091,
          64.46235377381252,
          36.379717928119355,
          31.157738050588332,
          52.534223495392666,
          29.928623099519925,
          50.074826853259246,
          83.99694441323486,
          40.40749405082669,
          28.71445574060434,
          38.86744329586422,
          31.217095506784652,
          35.19703345611617,
          31.94201123133979,
          32.549595401409384,
          37.597906298709084,
          77.6588178331382,
          25.819974621629672
        ]
      },
      "tg_req_throughput": {
        "mean": 42.77296019517327,
        "std": 15.771996615027435,
        "values": [
          37.83501481592563,
          41.98186156614353,
          28.103942415085626,
          57.807150726991736,
          28.65764676184243,
          40.556344357121084,
          35.21115378536303,
          56.273572318139045,
          33.338356662407115,
          30.417953264279085,
          78.04199166475709,
          54.30153609552258,
          32.15602637127091,
          64.46235377381252,
          36.379717928119355,
          31.157738050588332,
          52.534223495392666,
          29.928623099519925,
          50.074826853259246,
          83.99694441323486,
          40.40749405082669,
          28.71445574060434,
          38.86744329586422,
          31.217095506784652,
          35.19703345611617,
          31.94201123133979,
          32.549595401409384,
          37.597906298709084,
          77.6588178331382,
          25.819974621629672
        ]
      },
      "peak_throughput": {
        "mean": 58.1,
        "std": 17.626400653565096,
        "values": [
          45.0,
          64.0,
          46.0,
          74.0,
          48.0,
          51.0,
          41.0,
          78.0,
          42.0,
          50.0,
          89.0,
          74.0,
          51.0,
          73.0,
          46.0,
          45.0,
          81.0,
          39.0,
          85.0,
          92.0,
          65.0,
          40.0,
          52.0,
          50.0,
          42.0,
          40.0,
          49.0,
          57.0,
          96.0,
          38.0
        ]
      },
      "peak_req_throughput": {
        "mean": 58.1,
        "std": 17.626400653565096,
        "values": [
          45.0,
          64.0,
          46.0,
          74.0,
          48.0,
          51.0,
          41.0,
          78.0,
          42.0,
          50.0,
          89.0,
          74.0,
          51.0,
          73.0,
          46.0,
          45.0,
          81.0,
          39.0,
          85.0,
          92.0,
          65.0,
          40.0,
          52.0,
          50.0,
          42.0,
          40.0,
          49.0,
          57.0,
          96.0,
          38.0
        ]
      },
      "ttfr": {
        "mean": 424.7245578668905,
        "std": 910.9481266284855,
        "values": [
          5329.411904000153,
          346.14352700009476,
          241.87650300154928,
          256.427132000681,
          258.49643999754335,
          264.4492100007483,
          253.94379499994102,
          240.87090000102762,
          254.03047500003595,
          253.05029200171703,
          254.84561899793334,
          253.6423769997782,
          239.80377100087935,
          260.61791599931894,
          258.8672679994488,
          251.5723690012237,
          252.39125200096169,
          248.9528190017154,
          250.4302120032662,
          254.54042499768548,
          253.87975700141396,
          253.23003700032132,
          255.11123599790153,
          246.41112300014356,
          255.38199699803954,
          251.30535800053622,
          250.90974700287916,
          250.3108910023002,
          253.12165499781258,
          247.71072899966384
        ]
      },
      "est_ppt": {
        "mean": 421.91933586642944,
        "std": 910.9481266284855,
        "values": [
          5326.606681999692,
          343.3383049996337,
          239.0712810010882,
          253.62191000021994,
          255.69121799708228,
          261.6439880002872,
          251.13857299947995,
          238.06567800056655,
          251.22525299957488,
          250.24507000125595,
          252.04039699747227,
          250.83715499931714,
          236.99854900041828,
          257.81269399885787,
          256.06204599898774,
          248.76714700076263,
          249.5860300005006,
          246.14759700125433,
          247.62499000280513,
          251.7352029972244,
          251.0745350009529,
          250.42481499986025,
          252.30601399744046,
          243.6059009996825,
          252.57677499757847,
          248.50013600007514,
          248.1045250024181,
          247.50566900183912,
          250.3164329973515,
          244.90550699920277
        ]
      },
      "e2e_ttft": {
        "mean": 424.7245578668905,
        "std": 910.9481266284855,