{
  "version": "0.3.7",
  "timestamp": "2026-04-27 23:46:05Z",
  "latency_mode": "api",
  "latency_ms": 1.6188273330044467,
  "model": "qwen36-27b",
  "prefix_caching_enabled": false,
  "max_concurrency": 1,
  "benchmarks": [
    {
      "concurrency": 1,
      "context_size": 0,
      "prompt_size": 128,
      "response_size": 128,
      "is_context_prefill_phase": false,
      "pp_throughput": {
        "mean": 486.00956833321885,
        "std": 88.37442229907171,
        "values": [
          24.494679124787478,
          395.3106247534392,
          488.292656156327,
          490.68532677881484,
          500.18612804416756,
          515.0995572095779,
          489.1874301836602,
          495.3747994250184,
          481.30251240616644,
          509.97582097363784,
          504.0959325041059,
          504.9465450836785,
          505.35577486521436,
          509.75781437792506,
          505.7731839479154,
          509.67059201417095,
          516.1484491121685,
          511.5308457123956,
          509.7534472751692,
          513.3401881810632,
          513.3306423317953,
          509.3388287653487,
          507.7317575729775,
          511.70640325299104,
          511.9169693633231,
          505.25256123899226,
          504.24623868498344,
          515.410468379631,
          511.2451204425038,
          509.8257518346159
        ]
      },
      "pp_req_throughput": {
        "mean": 486.00956833321885,
        "std": 88.37442229907171,
        "values": [
          24.494679124787478,
          395.3106247534392,
          488.292656156327,
          490.68532677881484,
          500.18612804416756,
          515.0995572095779,
          489.1874301836602,
          495.3747994250184,
          481.30251240616644,
          509.97582097363784,
          504.0959325041059,
          504.9465450836785,
          505.35577486521436,
          509.75781437792506,
          505.7731839479154,
          509.67059201417095,
          516.1484491121685,
          511.5308457123956,
          509.7534472751692,
          513.3401881810632,
          513.3306423317953,
          509.3388287653487,
          507.7317575729775,
          511.70640325299104,
          511.9169693633231,
          505.25256123899226,
          504.24623868498344,
          515.410468379631,
          511.2451204425038,
          509.8257518346159
        ]
      },
      "tg_throughput": {
        "mean": 42.194916884615324,
        "std": 16.432564086032837,
        "values": [
          40.99543668043726,
          33.58441026103165,
          34.749720950665775,
          29.250669050912517,
          36.94111239844677,
          35.803059208311346,
          91.92610201367559,
          85.23400791842256,
          33.54422898246019,
          44.31136085849708,
          35.752093351950485,
          32.566752963348236,
          30.730161212841075,
          33.22767623006967,
          31.508285909700092,
          33.192789296091235,
          29.057656209681983,
          79.72136226360325,
          35.63386329145651,
          64.90158304522821,
          39.36224873004302,
          40.821985666132356,
          29.240017389550825,
          50.050645361318,
          44.260436269350635,
          52.54969339308484,
          36.76244314670379,
          38.05741823978958,
          29.946432768983307,
          32.16385347667177
        ]
      },
      "tg_req_throughput": {
        "mean": 42.194916884615324,
        "std": 16.432564086032837,
        "values": [
          40.99543668043726,
          33.58441026103165,
          34.749720950665775,
          29.250669050912517,
          36.94111239844677,
          35.803059208311346,
          91.92610201367559,
          85.23400791842256,
          33.54422898246019,
          44.31136085849708,
          35.752093351950485,
          32.566752963348236,
          30.730161212841075,
          33.22767623006967,
          31.508285909700092,
          33.192789296091235,
          29.057656209681983,
          79.72136226360325,
          35.63386329145651,
          64.90158304522821,
          39.36224873004302,
          40.821985666132356,
          29.240017389550825,
          50.050645361318,
          44.260436269350635,
          52.54969339308484,
          36.76244314670379,
          38.05741823978958,
          29.946432768983307,
          32.16385347667177
        ]
      },
      "peak_throughput": {
        "mean": 56.46666666666667,
        "std": 18.681065874896493,
        "values": [
          64.0,
          48.0,
          51.0,
          40.0,
          49.0,
          48.0,
          101.0,
          102.0,
          49.0,
          57.0,
          45.0,
          43.0,
          36.0,
          39.0,
          43.0,
          61.0,
          37.0,
          100.0,
          46.0,
          79.0,
          55.0,
          54.0,
          42.0,
          66.0,
          63.0,
          84.0,
          58.0,
          50.0,
          35.0,
          49.0
        ]
      },
      "peak_req_throughput": {
        "mean": 56.46666666666667,
        "std": 18.681065874896493,
        "values": [
          64.0,
          48.0,
          51.0,
          40.0,
          49.0,
          48.0,
          101.0,
          102.0,
          49.0,
          57.0,
          45.0,
          43.0,
          36.0,
          39.0,
          43.0,
          61.0,
          37.0,
          100.0,
          46.0,
          79.0,
          55.0,
          54.0,
          42.0,
          66.0,
          63.0,
          84.0,
          58.0,
          50.0,
          35.0,
          49.0
        ]
      },
      "ttfr": {
        "mean": 424.7674820332274,
        "std": 891.9014663869281,
        "values": [
          5227.243517001625,
          327.9444859981595,
          265.80465600272873,
          264.5164380010101,
          259.52282100115553,
          252.05585100047756,
          265.3214330021001,
          262.0277139976679,
          271.7192250020162,
          252.6111189981748,
          257.5224989996059,
          257.0914139978413,
          256.88453600014327,
          254.6801759999653,
          256.67386799977976,
          252.76143199880607,
          251.54692499927478,
          253.80303299971274,
          254.6823439988657,
          250.9661469994171,
          252.91884599937475,
          254.8883460003708,
          255.68999399911263,
          253.71651299792575,
          253.61281799996505,
          256.9366819989227,
          257.44621899866615,
          253.84498100174824,
          253.94397400305024,
          254.64645399915753
        ]
      },
      "est_ppt": {
        "mean": 423.14865470022295,
        "std": 891.9014663869281,
        "values": [
          5225.624689668621,
          326.32565866515506,
          264.1858286697243,
          262.89761066800565,
          257.9039936681511,
          250.4370236674731,
          263.70260566909565,
          260.40888666466344,
          270.1003976690117,
          250.99229166517034,
          255.90367166660144,
          255.47258666483685,
          255.26570866713882,
          253.06134866696084,
          255.0550406667753,
          251.14260466580163,
          249.92809766627033,
          252.1842056667083,
          253.06351666586124,
          249.34731966641266,
          251.3000186663703,
          253.26951866736636,
          254.07116666610818,
          252.0976856649213,
          251.9939906669606,
          255.31785466591828,
          255.8273916656617,
          252.2261536687438,
          252.3251466700458,
          253.02762666615308
        ]
      },
      "e2e_ttft": {
        "mean": 424.7674820332274,
        "std": 891.9014663869281,