{
  "version": "0.3.7",
  "timestamp": "2026-04-28 03:48:26Z",
  "latency_mode": "api",
  "latency_ms": 1.8428330004098825,
  "model": "qwen36-27b",
  "prefix_caching_enabled": false,
  "max_concurrency": 1,
  "benchmarks": [
    {
      "concurrency": 1,
      "context_size": 0,
      "prompt_size": 128,
      "response_size": 128,
      "is_context_prefill_phase": false,
      "pp_throughput": {
        "mean": 473.51583988048753,
        "std": 79.9360671493205,
        "values": [
          25.61835978829579,
          418.2878727028361,
          433.49151696596704,
          449.7567386087173,
          474.626882838177,
          443.6319171097297,
          465.18896495002247,
          483.5970189209393,
          475.7755749499036,
          507.5111891991804,
          492.82934638343164,
          498.0706345981786,
          477.68395888167527,
          487.3098766197215,
          457.5401759122494,
          502.3909916712036,
          501.23241199708036,
          504.9040251648296,
          495.6178068972352,
          483.23423504564187,
          491.8973411577698,
          494.61545701671537,
          495.08057851406227,
          503.35169602824925,
          494.8865090069864,
          498.53002624979825,
          497.2710899732196,
          500.63366639092544,
          506.8459904057621,
          488.24331113230517,
          498.2999743167979,
          500.8773585270699,
          519.1063490052749,
          501.574851723238,
          503.54069716387374
        ]
      },
      "pp_req_throughput": {
        "mean": 473.51583988048753,
        "std": 79.9360671493205,
        "values": [
          25.61835978829579,
          418.2878727028361,
          433.49151696596704,
          449.7567386087173,
          474.626882838177,
          443.6319171097297,
          465.18896495002247,
          483.5970189209393,
          475.7755749499036,
          507.5111891991804,
          492.82934638343164,
          498.0706345981786,
          477.68395888167527,
          487.3098766197215,
          457.5401759122494,
          502.3909916712036,
          501.23241199708036,
          504.9040251648296,
          495.6178068972352,
          483.23423504564187,
          491.8973411577698,
          494.61545701671537,
          495.08057851406227,
          503.35169602824925,
          494.8865090069864,
          498.53002624979825,
          497.2710899732196,
          500.63366639092544,
          506.8459904057621,
          488.24331113230517,
          498.2999743167979,
          500.8773585270699,
          519.1063490052749,
          501.574851723238,
          503.54069716387374
        ]
      },
      "tg_throughput": {
        "mean": 38.64806008895335,
        "std": 16.787099517556516,
        "values": [
          67.388753289089,
          24.248420243201107,
          26.637755727364183,
          39.947189940722346,
          26.606452156461035,
          32.82583552556661,
          34.81622841868169,
          21.973144514128734,
          23.604620278871725,
          27.281396134579392,
          36.93325730900299,
          31.862735895743217,
          31.70923384794197,
          34.07844159855056,
          26.327772079616185,
          90.09703159426275,
          72.48777192504234,
          25.663773967793286,
          26.66927734392921,
          48.94830706149725,
          29.204323722960236,
          30.785925960103647,
          24.966520392548926,
          34.56222500244129,
          77.08130766672888,
          39.564395568668296,
          33.401838189013546,
          35.62463108064496,
          31.8020870801244,
          30.529401532087448,
          50.73520138631727,
          59.60511908036355,
          24.58152781100232,
          63.30416580929632,
          36.82603397902032
        ]
      },
      "tg_req_throughput": {
        "mean": 38.64806008895335,
        "std": 16.787099517556516,
        "values": [
          67.388753289089,
          24.248420243201107,
          26.637755727364183,
          39.947189940722346,
          26.606452156461035,
          32.82583552556661,
          34.81622841868169,
          21.973144514128734,
          23.604620278871725,
          27.281396134579392,
          36.93325730900299,
          31.862735895743217,
          31.70923384794197,
          34.07844159855056,
          26.327772079616185,
          90.09703159426275,
          72.48777192504234,
          25.663773967793286,
          26.66927734392921,
          48.94830706149725,
          29.204323722960236,
          30.785925960103647,
          24.966520392548926,
          34.56222500244129,
          77.08130766672888,
          39.564395568668296,
          33.401838189013546,
          35.62463108064496,
          31.8020870801244,
          30.529401532087448,
          50.73520138631727,
          59.60511908036355,
          24.58152781100232,
          63.30416580929632,
          36.82603397902032
        ]
      },
      "peak_throughput": {
        "mean": 53.857142857142854,
        "std": 19.22519605271442,
        "values": [
          92.0,
          45.0,
          36.0,
          55.0,
          38.0,
          47.0,
          54.0,
          36.0,
          34.0,
          38.0,
          52.0,
          42.0,
          44.0,
          50.0,
          40.0,
          103.0,
          99.0,
          43.0,
          40.0,
          78.0,
          43.0,
          44.0,
          42.0,
          51.0,
          90.0,
          50.0,
          43.0,
          49.0,
          47.0,
          41.0,
          68.0,
          73.0,
          38.0,
          88.0,
          52.0
        ]
      },
      "peak_req_throughput": {
        "mean": 53.857142857142854,
        "std": 19.22519605271442,
        "values": [
          92.0,
          45.0,
          36.0,
          55.0,
          38.0,
          47.0,
          54.0,
          36.0,
          34.0,
          38.0,
          52.0,
          42.0,
          44.0,
          50.0,
          40.0,
          103.0,
          99.0,
          43.0,
          40.0,
          78.0,
          43.0,
          44.0,
          42.0,
          51.0,
          90.0,
          50.0,
          43.0,
          49.0,
          47.0,
          41.0,
          68.0,
          73.0,
          38.0,
          88.0,
          52.0
        ]
      },
      "ttfr": {
        "mean": 403.9692613713019,
        "std": 794.717977557985,
        "values": [
          5037.29401199962,
          312.6335790002486,
          299.42651099918294,
          288.6645500002487,
          273.6352760002774,
          292.6244360023702,
          279.149497000617,
          268.59385699935956,
          272.979072000453,
          256.02442100353073,
          263.59672599937767,
          260.8422419980343,
          271.895861998928,
          266.5614569996251,
          283.78528699977323,
          258.6149529997783,
          259.2084719981358,
          257.3369339988858,
          262.12403800309403,
          268.79411799745867,
          264.09267500275746,
          262.65150399922277,
          264.4263510010205,
          258.12487400253303,
          264.529323001625,
          260.60357599999406,
          261.25867800146807,
          259.516275000351,
          256.3580159985577,
          266.0553619971324,
          260.7230389985489,
          259.3909089991939,
          250.34682499972405,
          259.0327609977976,
          258.0286799966416
        ]
      },
      "est_ppt": {
        "mean": 402.12642837089203,
        "std": 794.717977557985,