{
  "version": "0.3.6",
  "timestamp": "2026-05-22 11:58:04Z",
  "latency_mode": "none",
  "latency_ms": 0.0,
  "model": "Qwen3.6-27B-NVFP4-unsloth",
  "prefix_caching_enabled": false,
  "max_concurrency": 1,
  "benchmarks": [
    {
      "concurrency": 1,
      "context_size": 0,
      "prompt_size": 2048,
      "response_size": 128,
      "is_context_prefill_phase": false,
      "pp_throughput": {
        "mean": 410461.5316449253,
        "std": 37903.86506057492,
        "values": [
          367352.8781724922,
          404424.419914823,
          459607.2968474609
        ]
      },
      "pp_req_throughput": {
        "mean": 410461.5316449253,
        "std": 37903.86506057492,
        "values": [
          367352.8781724922,
          404424.419914823,
          459607.2968474609
        ]
      },
      "tg_throughput": {
        "mean": 14.154211191271143,
        "std": 0.01665258781054775,
        "values": [
          14.155282399300255,
          14.174049649350355,
          14.133301525162816
        ]
      },
      "tg_req_throughput": {
        "mean": 14.154211191271143,
        "std": 0.01665258781054775,
        "values": [
          14.155282399300255,
          14.174049649350355,
          14.133301525162816
        ]
      },
      "peak_throughput": {
        "mean": 42.0,
        "std": 6.48074069840786,
        "values": [
          36.0,
          39.0,
          51.0
        ]
      },
      "peak_req_throughput": {
        "mean": 42.0,
        "std": 6.48074069840786,
        "values": [
          36.0,
          39.0,
          51.0
        ]
      },
      "ttfr": {
        "mean": 5.031661984200279,
        "std": 0.45741882843883114,
        "values": [
          5.575020972173661,
          5.063986987806857,
          4.455977992620319
        ]
      },
      "est_ppt": {
        "mean": 5.031661984200279,
        "std": 0.45741882843883114,
        "values": [
          5.575020972173661,
          5.063986987806857,
          4.455977992620319
        ]
      },
      "e2e_ttft": {
        "mean": 6050.862656654014,
        "std": 352.4146483301305,
        "values": [
          5990.900689968839,
          5652.360795007553,
          6509.32648498565
        ]
      },
      "throughput_over_time": null,
      "requests_throughput_over_time": null
    }
  ]
}