{
  "version": "0.3.6",
  "timestamp": "2026-05-22 11:59:51Z",
  "latency_mode": "none",
  "latency_ms": 0.0,
  "model": "Qwen3.6-27B-NVFP4-unsloth",
  "prefix_caching_enabled": false,
  "max_concurrency": 1,
  "benchmarks": [
    {
      "concurrency": 1,
      "context_size": 0,
      "prompt_size": 2048,
      "response_size": 128,
      "is_context_prefill_phase": false,
      "pp_throughput": {
        "mean": 373987.0951966196,
        "std": 52729.660880328745,
        "values": [
          303307.52033088444,
          388737.4684214307,
          429916.29683754354
        ]
      },
      "pp_req_throughput": {
        "mean": 373987.0951966196,
        "std": 52729.660880328745,
        "values": [
          303307.52033088444,
          388737.4684214307,
          429916.29683754354
        ]
      },
      "tg_throughput": {
        "mean": 20.376666571947936,
        "std": 4.617179447191743,
        "values": [
          14.333491150805912,
          25.540109131320207,
          21.256399433717693
        ]
      },
      "tg_req_throughput": {
        "mean": 20.376666571947936,
        "std": 4.617179447191743,
        "values": [
          14.333491150805912,
          25.540109131320207,
          21.256399433717693
        ]
      },
      "peak_throughput": {
        "mean": 126.66666666666667,
        "std": 53.50597059103674,
        "values": [
          60.0,
          191.0,
          129.0
        ]
      },
      "peak_req_throughput": {
        "mean": 126.66666666666667,
        "std": 53.50597059103674,
        "values": [
          60.0,
          191.0,
          129.0
        ]
      },
      "ttfr": {
        "mean": 5.594759325807293,
        "std": 0.8439793146294804,
        "values": [
          6.752222951035947,
          5.268337030429393,
          4.76371799595654
        ]
      },
      "est_ppt": {
        "mean": 5.594759325807293,
        "std": 0.8439793146294804,
        "values": [
          6.752222951035947,
          5.268337030429393,
          4.76371799595654
        ]
      },
      "e2e_ttft": {
        "mean": 2867.9998840088956,
        "std": 206.681344237834,
        "values": [
          3137.090560980141,
          2832.28987705661,
          2634.619213989936
        ]
      },
      "throughput_over_time": null,
      "requests_throughput_over_time": null
    }
  ]
}