{
  "version": "0.3.7",
  "timestamp": "2026-05-07 19:30:59Z",
  "latency_mode": "api",
  "latency_ms": 1.9025620010021764,
  "model": "qwen36-27b",
  "prefix_caching_enabled": false,
  "max_concurrency": 1,
  "benchmarks": [
    {
      "concurrency": 1,
      "context_size": 0,
      "prompt_size": 2048,
      "response_size": 32,
      "is_context_prefill_phase": false,
      "pp_throughput": {
        "mean": 3086.1312828677756,
        "std": 9.377517813710421,
        "values": [
          3098.831750222801,
          3091.0032680721047,
          3097.092930795876,
          3092.298706399986,
          3103.364353382561,
          3097.2138819934044,
          3098.737130016192,
          3087.9057352574328,
          3093.1799957782787,
          3099.740611209765,
          3091.280697322595,
          3084.690000678045,
          3074.490306322292,
          3077.0019330039095,
          3077.936635456406,
          3085.6630994422735,
          3075.8707506534543,
          3087.4590048174327,
          3067.128785710147,
          3077.1117153554615,
          3068.1975835553308,
          3089.962944504074,
          3078.9184978413123,
          3084.0098627829084,
          3079.9314269748816,
          3080.2969520622705,
          3079.875935897618,
          3080.289975297489,
          3092.922129348732,
          3091.531885878218
        ]
      },
      "pp_req_throughput": {
        "mean": 3086.1312828677756,
        "std": 9.377517813710421,
        "values": [
          3098.831750222801,
          3091.0032680721047,
          3097.092930795876,
          3092.298706399986,
          3103.364353382561,
          3097.2138819934044,
          3098.737130016192,
          3087.9057352574328,
          3093.1799957782787,
          3099.740611209765,
          3091.280697322595,
          3084.690000678045,
          3074.490306322292,
          3077.0019330039095,
          3077.936635456406,
          3085.6630994422735,
          3075.8707506534543,
          3087.4590048174327,
          3067.128785710147,
          3077.1117153554615,
          3068.1975835553308,
          3089.962944504074,
          3078.9184978413123,
          3084.0098627829084,
          3079.9314269748816,
          3080.2969520622705,
          3079.875935897618,
          3080.289975297489,
          3092.922129348732,
          3091.531885878218
        ]
      },
      "tg_throughput": {
        "mean": 10.777562762910119,
        "std": 0.045110776430905955,
        "values": [
          10.873475268775728,
          10.873128435366171,
          10.873045350577973,
          10.842721414479273,
          10.868917632644632,
          10.810956433549308,
          10.784319955294905,
          10.778690962030433,
          10.779277370289675,
          10.782717745495754,
          10.786121125646622,
          10.751248004517194,
          10.739750304411144,
          10.762271226100829,
          10.778361473874952,
          10.750096030429328,
          10.786735764543378,
          10.742666155085661,
          10.753107550698145,
          10.745870191366878,
          10.714843215725192,
          10.746342019102263,
          10.737041156075195,
          10.739691152772668,
          10.757374402242677,
          10.739678539702926,
          10.79510914667804,
          10.73421440661413,
          10.758084286064825,
          10.741026167147568
        ]
      },
      "tg_req_throughput": {
        "mean": 10.777562762910119,
        "std": 0.045110776430905955,
        "values": [
          10.873475268775728,
          10.873128435366171,
          10.873045350577973,
          10.842721414479273,
          10.868917632644632,
          10.810956433549308,
          10.784319955294905,
          10.778690962030433,
          10.779277370289675,
          10.782717745495754,
          10.786121125646622,
          10.751248004517194,
          10.739750304411144,
          10.762271226100829,
          10.778361473874952,
          10.750096030429328,
          10.786735764543378,
          10.742666155085661,
          10.753107550698145,
          10.745870191366878,
          10.714843215725192,
          10.746342019102263,
          10.737041156075195,
          10.739691152772668,
          10.757374402242677,
          10.739678539702926,
          10.79510914667804,
          10.73421440661413,
          10.758084286064825,
          10.741026167147568
        ]
      },
      "peak_throughput": {
        "mean": 11.0,
        "std": 0.0,
        "values": [
          11.0,
          11.0,
          11.0,
          11.0,
          11.0,
          11.0,
          11.0,
          11.0,
          11.0,
          11.0,
          11.0,
          11.0,
          11.0,
          11.0,
          11.0,
          11.0,
          11.0,
          11.0,
          11.0,
          11.0,
          11.0,
          11.0,
          11.0,
          11.0,
          11.0,
          11.0,
          11.0,
          11.0,
          11.0,
          11.0
        ]
      },
      "peak_req_throughput": {
        "mean": 11.0,
        "std": 0.0,
        "values": [
          11.0,
          11.0,
          11.0,
          11.0,
          11.0,
          11.0,
          11.0,
          11.0,
          11.0,
          11.0,
          11.0,
          11.0,
          11.0,
          11.0,
          11.0,
          11.0,
          11.0,
          11.0,
          11.0,
          11.0,
          11.0,
          11.0,
          11.0,
          11.0,
          11.0,
          11.0,
          11.0,
          11.0,
          11.0,
          11.0
        ]
      },
      "ttfr": {
        "mean": 668.8494344665136,
        "std": 2.026534415623067,
        "values": [
          666.0238069998741,
          667.7058049990592,
          666.7195520003588,
          667.4268840015429,
          665.3760589997546,
          666.3707190000423,
          666.0440859996015,
          668.3736839986523,
          667.2372670000186,
          665.8290830000624,
          667.646051999327,
          669.3926499992813,
          671.2818069991044,
          670.7354210011545,
          670.5323109999881,
          668.8580699992599,
          670.9813910001685,
          668.4701169997425,
          672.8884069998458,
          670.7115589997557,
          672.65467100151,
          668.2535950003512,
          670.3190859989263,
          669.2156029985199,
          670.7486220002465,
          670.344608999585,
          670.1112959999591,
          670.3461230008543,
          667.2927380004694,
          667.5919599983899
        ]
      },
      "est_ppt": {
        "mean": 666.9468724655111,
        "std": 2.026534415623067,
        "values": [
          664.1212449988719,
          665.803242998057,
          664.8169899993567,
          665.5243220005408,
          663.4734969987525,
          664.4681569990402,
          664.1415239985994,
          666.4711219976501,
          665.3347049990165,
          663.9265209990602,
          665.7434899983249,
          667.4900879982791,
          669.3792449981023,
          668.8328590001523,
          668.629748998986,
          666.9555079982578,
          669.0788289991664,
          666.5675549987403,
          670.9858449988436,
          668.8089969987535,
          670.7521090005079,
          666.3510329993491,
          668.4165239979242,
          667.3130409975178,
          668.8460599992444,
          668.4420469985829,
          668.208733998957,
          668.4435609998521,
          665.3901759994673,
          665.6893979973878
        ]
      },
      "e2e_ttft": {
        "mean": 668.8494344665136,
        "std": 2.026534415623067,