{
  "version": "0.3.7",
  "timestamp": "2026-05-07 19:43:22Z",
  "latency_mode": "api",
  "latency_ms": 1.1698280001534538,
  "model": "qwen36-27b",
  "prefix_caching_enabled": false,
  "max_concurrency": 1,
  "benchmarks": [
    {
      "concurrency": 1,
      "context_size": 0,
      "prompt_size": 128,
      "response_size": 128,
      "is_context_prefill_phase": false,
      "pp_throughput": {
        "mean": 546.1859604886585,
        "std": 175.08568908632836,
        "values": [
          133.6132386367516,
          488.59730916828124,
          489.5283263519762,
          489.72025368087407,
          489.80462559309717,
          836.720614037406,
          838.9250833340327,
          489.0585786515512,
          224.5090649313344,
          485.02860877398854,
          486.4845136417161,
          829.2020270753585,
          485.09935904454034,
          830.3142292627297,
          484.85969539327766,
          482.1867700439028,
          828.7219507241152,
          481.97072134198027,
          481.4020631326635,
          485.49377227794207,
          486.69303705234114,
          488.6612927644486,
          484.1429794608783,
          484.83132657899114,
          484.0686337779209,
          817.4397021745726,
          488.01524832867693,
          487.35054092399673,
          484.40581280801166,
          838.729435692396
        ]
      },
      "pp_req_throughput": {
        "mean": 546.1859604886585,
        "std": 175.08568908632836,
        "values": [
          133.6132386367516,
          488.59730916828124,
          489.5283263519762,
          489.72025368087407,
          489.80462559309717,
          836.720614037406,
          838.9250833340327,
          489.0585786515512,
          224.5090649313344,
          485.02860877398854,
          486.4845136417161,
          829.2020270753585,
          485.09935904454034,
          830.3142292627297,
          484.85969539327766,
          482.1867700439028,
          828.7219507241152,
          481.97072134198027,
          481.4020631326635,
          485.49377227794207,
          486.69303705234114,
          488.6612927644486,
          484.1429794608783,
          484.83132657899114,
          484.0686337779209,
          817.4397021745726,
          488.01524832867693,
          487.35054092399673,
          484.40581280801166,
          838.729435692396
        ]
      },
      "tg_throughput": {
        "mean": 31.048490546088072,
        "std": 6.234799006894939,
        "values": [
          27.46017296677726,
          31.703678943573628,
          29.072256131604483,
          29.921838623161147,
          35.857554219239496,
          29.860301698563354,
          24.422762602128117,
          34.64088117888514,
          30.611700046108655,
          28.23324047646237,
          36.985276514676194,
          29.735838726498578,
          30.639211259005936,
          26.81238007612072,
          42.79666528153878,
          24.316620316526404,
          26.769312057857963,
          27.44239898578455,
          26.066287126841747,
          38.25678213884119,
          26.02397843512113,
          48.556808623236975,
          32.45849702968271,
          19.800200760908005,
          26.730386368052024,
          35.6099863474806,
          35.60884560927427,
          42.71960175092992,
          28.0907882269443,
          24.250463860816716
        ]
      },
      "tg_req_throughput": {
        "mean": 31.048490546088072,
        "std": 6.234799006894939,
        "values": [
          27.46017296677726,
          31.703678943573628,
          29.072256131604483,
          29.921838623161147,
          35.857554219239496,
          29.860301698563354,
          24.422762602128117,
          34.64088117888514,
          30.611700046108655,
          28.23324047646237,
          36.985276514676194,
          29.735838726498578,
          30.639211259005936,
          26.81238007612072,
          42.79666528153878,
          24.316620316526404,
          26.769312057857963,
          27.44239898578455,
          26.066287126841747,
          38.25678213884119,
          26.02397843512113,
          48.556808623236975,
          32.45849702968271,
          19.800200760908005,
          26.730386368052024,
          35.6099863474806,
          35.60884560927427,
          42.71960175092992,
          28.0907882269443,
          24.250463860816716
        ]
      },
      "peak_throughput": {
        "mean": 45.233333333333334,
        "std": 9.884949277675744,
        "values": [
          42.0,
          44.0,
          52.0,
          38.0,
          48.0,
          41.0,
          37.0,
          43.0,
          42.0,
          43.0,
          46.0,
          38.0,
          49.0,
          36.0,
          68.0,
          41.0,
          41.0,
          48.0,
          41.0,
          55.0,
          35.0,
          67.0,
          45.0,
          30.0,
          36.0,
          53.0,
          47.0,
          73.0,
          45.0,
          33.0
        ]
      },
      "peak_req_throughput": {
        "mean": 45.233333333333334,
        "std": 9.884949277675744,
        "values": [
          42.0,
          44.0,
          52.0,
          38.0,
          48.0,
          41.0,
          37.0,
          43.0,
          42.0,
          43.0,
          46.0,
          38.0,
          49.0,
          36.0,
          68.0,
          41.0,
          41.0,
          48.0,
          41.0,
          55.0,
          35.0,
          67.0,
          45.0,
          30.0,
          36.0,
          53.0,
          47.0,
          73.0,
          45.0,
          33.0
        ]
      },
      "ttfr": {
        "mean": 274.2047732335777,
        "std": 149.03334613280884,
        "values": [
          966.6430199995375,
          265.1909299984254,
          266.73158000085095,
          264.5855210012087,
          264.54014599949005,
          155.34315400145715,
          154.93802800119738,
          264.9419110002782,
          571.3027090005198,
          267.13352099977783,
          266.33756999945035,
          156.74108299936051,
          267.0947310016345,
          156.5326960007951,
          265.16372399964894,
          266.62713199948485,
          156.8312050003442,
          268.8209409989213,
          269.1371050004818,
          264.8189359988464,
          266.22395900085394,
          265.15636000112863,
          267.6200410005549,
          267.2417440007848,
          265.5951409997215,
          158.97963300085394,
          267.55494700046256,
          265.8663639995211,
          267.4754680010665,
          154.97389700067288
        ]
      },
      "est_ppt": {
        "mean": 273.03494523342425,
        "std": 149.03334613280884,
        "values": [
          965.4731919993841,
          264.02110199827194,
          265.5617520006975,
          263.4156930010552,
          263.3703179993366,
          154.1733260013037,
          153.76820000104394,
          263.7720830001247,
          570.1328810003664,
          265.96369299962436,
          265.1677419992969,
          155.57125499920707,
          265.924903001481,
          155.36286800064167,
          263.99389599949546,
          265.4573039993314,
          155.66137700019075,
          267.6511129987678,
          267.96727700032835,
          263.64910799869295,
          265.05413100070047,
          263.98653200097516,
          266.45021300040145,
          266.07191600063135,
          264.425312999568,
          157.8098050007005,
          266.3851190003091,
          264.69653599936765,
          266.305640000913,
          153.80406900051943
        ]
      },
      "e2e_ttft": {
        "mean": 274.2047732335777,
        "std": 149.03334613280884,