{
  "composition": {
    "COMBO_code76": {
      "delta": -0.00016460311383629037,
      "standard_error": 0.0002644902871397948
    },
    "COMBO_full512_by_class": {
      "agentic": {
        "mean": -0.000137463355104324,
        "n_windows": 154,
        "standard_error": 0.0002488542046399127
      },
      "chat": {
        "mean": 2.9801156267053247e-05,
        "n_windows": 52,
        "standard_error": 0.00020958618643145537
      },
      "code": {
        "mean": 6.429204058109853e-05,
        "n_windows": 76,
        "standard_error": 0.00028724313439677156
      },
      "multilingual": {
        "mean": -0.0005442177790824446,
        "n_windows": 76,
        "standard_error": 0.00038869139064713864
      },
      "prose": {
        "mean": -0.00036608254549505196,
        "n_windows": 78,
        "standard_error": 0.0003013834307012486
      },
      "reasoning": {
        "mean": 3.711585015008908e-05,
        "n_windows": 76,
        "standard_error": 5.931493498221979e-05
      }
    },
    "COMBO_full512_global": {
      "mean": -0.00015981970043650134,
      "n_windows": 512,
      "standard_error": 0.00011559469242559544
    },
    "DISCRIM_code76": {
      "delta": 0.0007679398788249803,
      "full512_status_at_cutoff": "RUNNING",
      "interaction_coefficient": 0.002149683177465403,
      "interaction_sign": "ANTAGONISTIC_LESS_NEGATIVE_THAN_L17_PLUS_L04",
      "interaction_threshold": 0.0008975494604517185,
      "resolution_threshold": 0.0005048316660872674,
      "sign": "REGRESSION",
      "standard_error": 0.0002524158330436337
    },
    "L04": {
      "delta": 0.0001471947948518747,
      "standard_error": 0.0002653786301729563
    },
    "L17_curve": [
      {
        "absolute_effect_in_standard_errors": 5.095152412677891,
        "delta": -0.0014642575822556667,
        "standard_error": 0.00028738248901294156,
        "updates": 4
      },
      {
        "absolute_effect_in_standard_errors": 3.3877284403416468,
        "delta": -0.0011040666910699978,
        "standard_error": 0.0003259017688438612,
        "updates": 16
      },
      {
        "absolute_effect_in_standard_errors": 2.673491646292729,
        "delta": -0.0007792654757356962,
        "standard_error": 0.00029147855270701375,
        "updates": 32
      }
    ],
    "L17_decay_percent_first_dose_multiplication": 24.59887492136461,
    "L17_decay_percent_second_dose_doubling": 29.418622802534056,
    "L17_retained_effect_fraction_d16_over_d4": 0.7540112507863539,
    "L17_retained_effect_fraction_d32_over_d16": 0.7058137719746594
  },
  "evidence_cutoff": "2026-07-23T08:38:01-07:00",
  "provenance_registry": {
    "path_policy": "Public-safe logical basenames only; private roots, task IDs, hostnames, and addresses are intentionally omitted.",
    "sources": {
      "bq3_step0": {
        "path": "campaign/BQ3_STEP0_PER_CLASS.json",
        "sha256": "5a49b0d92cf7f1c403b2d6bb49487c6d97f273211d6b1c68efb27782a8a20a88"
      },
      "class_map": {
        "path": "campaign/CLASS_BY_WIN.json",
        "sha256": "723e6f9e731b759a8023e0a5be15f99f95f7726b7f47bb8256977cf39a18cfe6"
      },
      "combo_code76": {
        "path": "campaign/REPACK_COMBO_PAIRED_CODE76.json",
        "sha256": "07571b272c7dfa666f4902b3ff12e5bbe08a86366d860439333e093e3ce30ebf"
      },
      "combo_discriminator_code76": {
        "path": "campaign/REPACK_COMBO_DISCRIM_PAIRED_CODE76.json",
        "sha256": "d018c5ea9094ef14b32c9faec657f57b369fbea3ad1735c2d2d85529f620e36f"
      },
      "combo_full512": {
        "path": "campaign/REPACK_COMBO_PAIRED_FULL512.json",
        "sha256": "294dd2d5a08d2d603fd8404689e8e3ffc98b3e64df304d93d5ad6cdb6ac4dc5c"
      },
      "cutoff_private_export": {
        "path": "campaign/JUL22_23_BOARD_WINDOW_EXPORT.json",
        "sha256": "cd3f83a299fd0411a8e1821996c0105dd5d983d732e77b833a880201e8fc2626"
      },
      "genesis_infeasibility": {
        "path": "campaign/GENESIS_INFEASIBILITY_CERTIFICATE.json",
        "sha256": "00e4978e0edcc3ac646536174ec87f0e1c54c5315cd92168b73ff95fcf7475ea"
      },
      "genesis_price_sheet": {
        "path": "campaign/FULL_EXPERT_PROXY_ROWS.jsonl",
        "sha256": "b7095e19d501a9bacf229de90484f5c980b97fdfa759b45cf299efd6f9d29f0f"
      },
      "genesis_profile": {
        "path": "campaign/PROFILE_TERMINAL.json",
        "sha256": "d607a4c45875af196a5528c84d77beb3688418a55ec447bf24b5ae31b3a636dd"
      },
      "historical_llama_column": {
        "path": "git/README.md@cd255b3",
        "sha256": "308c2cbfce68416920f7cd19dd7b1d369bdc827acc3e6ef4c3a2c238fdf5b22a"
      },
      "iq3_per_class": {
        "path": "campaign/UD-IQ3_XXS_PER_CLASS.json",
        "sha256": "a31910686765ce06c9576e1f686bbf6f6bc7870a5c340d4a64b117d8d58375e3"
      },
      "iq4_per_class": {
        "path": "campaign/UD-IQ4_XS_PER_CLASS.json",
        "sha256": "48977952f143f072457d5733aeb33a73f13fbd288a3721983fc4acf133cc769e"
      },
      "l04_code76": {
        "path": "campaign/L04_PAIRED_CODE76.json",
        "sha256": "a7d9267e688207a7b076781e9ab47694c12be1d8e51a198f2abc1a9bb435de42"
      },
      "l17_dose4": {
        "path": "campaign/REPACK_L17_DOSE4_PAIRED_CODE76.json",
        "sha256": "95b39e29b4179720efa810e651e7e806ed14663aa1ce490e3cdd324e0aab88c4"
      },
      "l17_dose16": {
        "path": "campaign/REPACK_L17_DOSE16_PAIRED_CODE76.json",
        "sha256": "56b4d699e5a1265a22f75d5903eafcd9f5c0c97e7fa549a254db14ccc422ef78"
      },
      "l17_dose32": {
        "path": "campaign/KNAPSACK_L17_WASHOUT_TERMINAL.json",
        "sha256": "ba91626a26a4cb7840bf953d4303c03c2949ff2b97d3a2b14b160625a65b5726"
      },
      "one_pot_behavior": {
        "path": "campaign/ONE_POT_BEHAVIORAL_OVERRIDE_VERDICT.json",
        "sha256": "64d4533ff7157d928f479e9350024cc86a0f4fe642c72308e5936adb9783d8f9"
      },
      "one_pot_control_readout": {
        "path": "campaign/ONE_POT_CONTROL_STEP8_READOUT.json",
        "sha256": "eaddc2ed63fc2b948b7ddfdafdd5cea13159bf589bd543beb416907775c945ac"
      },
      "one_pot_joint_readout": {
        "path": "campaign/ONE_POT_JOINT_STEP8_READOUT.json",
        "sha256": "9f9fb4d69fa96b9fcff2aa76630bc1abd3a223a231dfa642d764cc8399464900"
      },
      "one_pot_static_gate": {
        "path": "campaign/ONE_POT_UPDATE8_STOP_RECEIPT.json",
        "sha256": "3c0a239249be8116202e537d4e15d1ffd2c65fc32dbe61717204dcb65b38ad23"
      },
      "rebuild_b2_terminal": {
        "path": "campaign/TERMINAL_B2_L0.json",
        "sha256": "be4348cd6817162c96095752c3ecb52bebd5b372676e74b044629e3bc61670fc"
      },
      "rebuild_b3_state": {
        "path": "campaign/B3_STATE_REBIND.json",
        "sha256": "4f1ac6e2b4f605a9f539a36e296ba0458a4474ca044950ec7b187bb558b22b6f"
      },
      "rebuild_c2_contract": {
        "path": "campaign/LEG_C2_FULL512_CONTRACT.json",
        "sha256": "c40cd89e59c51191d6767b3ca8d9a194de9384fabf3468a90c17749ff9acdcba"
      },
      "rebuild_c2_terminal": {
        "path": "campaign/LEG_C2_TERMINAL.json",
        "sha256": "13d74e45be8f64c42db753b80ed82c853c78909eccb85cc313a6f3bb0665fd87"
      },
      "rebuild_c_bank_v1": {
        "path": "campaign/LEG_C_TERMINAL.json",
        "sha256": "0487d54abe9441ed4ec57857284abd87faba6e4d9fafee8396aa340e5793a42b"
      },
      "rebuild_c_bank_v2": {
        "path": "campaign/LEG_C_BANK_V2_TERMINAL.json",
        "sha256": "abae3f18ce2215e2570adb1785594e08c9d1a3de7105a202e10d2b403cee576a"
      },
      "rebuild_research": {
        "path": "campaign/MEMO_FINALIZATION_RECEIPT.json",
        "sha256": "ca660eb98e494d43efc66ef3b929084fcda46287834175be6b1011dea1b82540"
      },
      "rht_seed0_plane": {
        "path": "campaign/RHT_SEED0_L17_PLANE.pt",
        "sha256": "b762a85ab7858d6dd89187390a1428bf5d4be7ef101f683ad51899c54d5fe51d"
      },
      "shuffle_full512": {
        "path": "campaign/PAIRED_FULL512_DECISION.json",
        "sha256": "f068cb781ccfb212a04223b9809f58dee8ad167d6640814ea25e3f7de3e11c60"
      },