{
  "version": "0.3.7",
  "timestamp": "2026-05-14 08:46:52Z",
  "latency_mode": "api",
  "latency_ms": 3.0220559953401485,
  "model": "aeon-ultimate",
  "prefix_caching_enabled": false,
  "max_concurrency": 1,
  "benchmarks": [
    {
      "concurrency": 1,
      "context_size": 0,
      "prompt_size": 65536,
      "response_size": 128,
      "is_context_prefill_phase": false,
      "pp_throughput": {
        "mean": 1397.5669518731852,
        "std": 2.056269933016937,
        "values": [
          1405.0597882670602,
          1396.0972904430191,
          1399.3692062162881,
          1396.5062363563582,
          1397.3279828567108,
          1397.7157873215874,
          1396.6027377262637,
          1394.5061667195641,
          1397.6628251057487,
          1395.8055216184093,
          1395.8096816246793,
          1398.3060308698214,
          1396.4126815715033,
          1399.3930814423088,
          1397.0861134740608,
          1401.2581015278595,
          1396.5605064389383,
          1396.7313515939593,
          1398.7274417853632,
          1395.4569156609589,
          1395.881952526384,
          1397.3007506067656,
          1399.5309958526784,
          1395.3376295539072,
          1397.6076711523694,
          1398.087033537492,
          1395.6220930635357,
          1399.2235697697067,
          1396.9897004199695,
          1399.0317110922815
        ]
      },
      "pp_req_throughput": {
        "mean": 1397.5669518731852,
        "std": 2.056269933016937,
        "values": [
          1405.0597882670602,
          1396.0972904430191,
          1399.3692062162881,
          1396.5062363563582,
          1397.3279828567108,
          1397.7157873215874,
          1396.6027377262637,
          1394.5061667195641,
          1397.6628251057487,
          1395.8055216184093,
          1395.8096816246793,
          1398.3060308698214,
          1396.4126815715033,
          1399.3930814423088,
          1397.0861134740608,
          1401.2581015278595,
          1396.5605064389383,
          1396.7313515939593,
          1398.7274417853632,
          1395.4569156609589,
          1395.881952526384,
          1397.3007506067656,
          1399.5309958526784,
          1395.3376295539072,
          1397.6076711523694,
          1398.087033537492,
          1395.6220930635357,
          1399.2235697697067,
          1396.9897004199695,
          1399.0317110922815
        ]
      },
      "tg_throughput": {
        "mean": 9.977160279340579,
        "std": 0.013710137884782132,
        "values": [
          9.996233171414724,
          10.001736687404566,
          9.997459850925315,
          9.98646830238787,
          9.987401576286969,
          9.977246370362144,
          9.970038958191292,
          9.969462184001886,
          9.987216222491186,
          9.95320243247431,
          9.971823986311607,
          9.98683908631394,
          9.989968334950488,
          9.963367503886582,
          9.960203139393055,
          9.963518290620764,
          9.965087906949561,
          9.977469491185005,
          9.993255670555577,
          9.975438669693572,
          9.982251002838556,
          9.979246515436897,
          9.986584340310793,
          9.975903303771187,
          9.9523484736773,
          9.955453274682727,
          9.968496326367259,
          9.97324531974028,
          9.967560316692108,
          10.000281670899831
        ]
      },
      "tg_req_throughput": {
        "mean": 9.977160279340579,
        "std": 0.013710137884782132,
        "values": [
          9.996233171414724,
          10.001736687404566,
          9.997459850925315,
          9.98646830238787,
          9.987401576286969,
          9.977246370362144,
          9.970038958191292,
          9.969462184001886,
          9.987216222491186,
          9.95320243247431,
          9.971823986311607,
          9.98683908631394,
          9.989968334950488,
          9.963367503886582,
          9.960203139393055,
          9.963518290620764,
          9.965087906949561,
          9.977469491185005,
          9.993255670555577,
          9.975438669693572,
          9.982251002838556,
          9.979246515436897,
          9.986584340310793,
          9.975903303771187,
          9.9523484736773,
          9.955453274682727,
          9.968496326367259,
          9.97324531974028,
          9.967560316692108,
          10.000281670899831
        ]
      },
      "peak_throughput": {
        "mean": 11.0,
        "std": 0.0,
        "values": [
          11.0,
          11.0,
          11.0,
          11.0,
          11.0,
          11.0,
          11.0,
          11.0,
          11.0,
          11.0,
          11.0,
          11.0,
          11.0,
          11.0,
          11.0,
          11.0,
          11.0,
          11.0,
          11.0,
          11.0,
          11.0,
          11.0,
          11.0,
          11.0,
          11.0,
          11.0,
          11.0,
          11.0,
          11.0,
          11.0
        ]
      },
      "peak_req_throughput": {
        "mean": 11.0,
        "std": 0.0,
        "values": [
          11.0,
          11.0,
          11.0,
          11.0,
          11.0,
          11.0,
          11.0,
          11.0,
          11.0,
          11.0,
          11.0,
          11.0,
          11.0,
          11.0,
          11.0,
          11.0,
          11.0,
          11.0,
          11.0,
          11.0,
          11.0,
          11.0,
          11.0,
          11.0,
          11.0,
          11.0,
          11.0,
          11.0,
          11.0,
          11.0
        ]
      },
      "ttfr": {
        "mean": 46896.78624962689,
        "std": 68.93728414603733,
        "values": [
          46645.87707701139,
          46946.02556200698,
          46836.26642700983,
          46932.995079958346,
          46904.680653009564,
          46891.667512012646,
          46929.03632594971,
          46999.58726600744,
          46894.1597630037,
          46955.83817898296,
          46955.698242993094,
          46871.87519198051,
          46935.42310397606,
          46835.467398981564,
          46912.80046402244,
          46773.13523396151,
          46930.455345020164,
          46924.71528297756,
          46858.46940201009,
          46967.567692976445,
          46953.26729799854,
          46905.594728013966,
          46830.85237501655,
          46971.58264799509,
          46895.29472502181,
          46879.216761968564,
          46962.00925298035,
          46840.42632498313,
          46916.03793599643,
          46847.56423498038
        ]
      },
      "est_ppt": {
        "mean": 46893.76419363154,
        "std": 68.93728414603733,
        "values": [
          46642.855021016054,
          46943.00350601164,
          46833.244371014494,
          46929.97302396301,
          46901.658597014226,
          46888.64545601731,
          46926.01426995437,
          46996.5652100121,
          46891.13770700836,
          46952.81612298762,
          46952.676186997756,
          46868.85313598517,
          46932.401047980726,
          46832.445342986226,
          46909.7784080271,
          46770.113177966174,
          46927.433289024826,
          46921.69322698222,
          46855.44734601475,
          46964.54563698111,
          46950.2452420032,
          46902.57267201863,
          46827.83031902121,
          46968.560591999754,
          46892.272669026475,
          46876.19470597323,
          46958.987196985014,
          46837.40426898779,
          46913.01588000109,
          46844.542178985044
        ]
      },
      "e2e_ttft": {
        "mean": 46898.05352126132,
        "std": 68.21040004357008,