{
  "version": "0.3.7",
  "timestamp": "2026-05-14 08:16:40Z",
  "latency_mode": "api",
  "latency_ms": 2.756323335537066,
  "model": "aeon-ultimate",
  "prefix_caching_enabled": false,
  "max_concurrency": 1,
  "benchmarks": [
    {
      "concurrency": 1,
      "context_size": 0,
      "prompt_size": 65536,
      "response_size": 128,
      "is_context_prefill_phase": false,
      "pp_throughput": {
        "mean": 1402.2356416210766,
        "std": 0.0,
        "values": [
          1402.2356416210766
        ]
      },
      "pp_req_throughput": {
        "mean": 1402.2356416210766,
        "std": 0.0,
        "values": [
          1402.2356416210766
        ]
      },
      "tg_throughput": {
        "mean": 9.970229891323116,
        "std": 0.0,
        "values": [
          9.970229891323116
        ]
      },
      "tg_req_throughput": {
        "mean": 9.970229891323116,
        "std": 0.0,
        "values": [
          9.970229891323116
        ]
      },
      "peak_throughput": {
        "mean": 11.0,
        "std": 0.0,
        "values": [
          11.0
        ]
      },
      "peak_req_throughput": {
        "mean": 11.0,
        "std": 0.0,
        "values": [
          11.0
        ]
      },
      "ttfr": {
        "mean": 46740.26466696523,
        "std": 0.0,
        "values": [
          46740.26466696523
        ]
      },
      "est_ppt": {
        "mean": 46737.50834362969,
        "std": 0.0,
        "values": [
          46737.50834362969
        ]
      },
      "e2e_ttft": {
        "mean": 46740.26466696523,
        "std": 0.0,
        "values": [
          46740.26466696523
        ]
      },
      "throughput_over_time": null,
      "requests_throughput_over_time": null
    }
  ]
}