{
  "benchmarks": [
    {
      "prompt_size": 65536,
      "response_size": 128,
      "concurrency": 1,
      "runs": 3,
      "request_path": "raw_completions_tokenize_calibrated_debug",
      "server_prompt_tokens": 65536,
      "completion_token_counts": [
        128,
        128,
        128
      ],
      "latencies": [
        {
          "ttft_s": 30.91579327202635,
          "total_s": 42.55344121000962
        },
        {
          "ttft_s": 30.868409183982294,
          "total_s": 42.60050949198194
        },
        {
          "ttft_s": 31.062452943006065,
          "total_s": 42.70259202300804
        }
      ],
      "pp_throughput": {
        "mean": 2117.571146551044,
        "median": 2119.8226881436412,
        "min": 2109.8140613764986,
        "max": 2123.0766901329926,
        "values": [
          2119.8226881436412,
          2123.0766901329926,
          2109.8140613764986
        ]
      },
      "tg_throughput": {
        "mean": 10.8827939386631,
        "median": 10.910522557087734,
        "min": 10.825001207448238,
        "max": 10.912858051453329,
        "values": [
          10.912858051453329,
          10.825001207448238,
          10.910522557087734
        ]
      }
    }
  ]
}