{
  "benchmarks": [
    {
      "prompt_size": 65536,
      "response_size": 128,
      "concurrency": 1,
      "runs": 3,
      "request_path": "raw_completions_tokenize_calibrated_debug",
      "server_prompt_tokens": 65536,
      "completion_token_counts": [
        128,
        128,
        128
      ],
      "latencies": [
        {
          "ttft_s": 31.03180271096062,
          "total_s": 35.2384351369692
        },
        {
          "ttft_s": 30.982732525037136,
          "total_s": 35.21295070101041
        },
        {
          "ttft_s": 30.99577302596299,
          "total_s": 35.2514395120088
        }
      ],
      "pp_throughput": {
        "mean": 2113.8311627521884,
        "median": 2114.3528165955104,
        "min": 2111.8979329180993,
        "max": 2115.2427387429557,
        "values": [
          2111.8979329180993,
          2115.2427387429557,
          2114.3528165955104
        ]
      },
      "tg_throughput": {
        "mean": 30.018358788011078,
        "median": 30.02209217513472,
        "min": 29.842564123957732,
        "max": 30.190420064940778,
        "values": [
          30.190420064940778,
          30.02209217513472,
          29.842564123957732
        ]
      }
    }
  ]
}