{
  "version": "0.3.7",
  "timestamp": "2026-05-10 22:45:57Z",
  "latency_mode": "api",
  "latency_ms": 1.1544286680873483,
  "model": "qwen36-27b",
  "prefix_caching_enabled": false,
  "max_concurrency": 1,
  "benchmarks": [
    {
      "concurrency": 1,
      "context_size": 0,
      "prompt_size": 32768,
      "response_size": 128,
      "is_context_prefill_phase": false,
      "pp_throughput": {
        "mean": 2460.8408498695785,
        "std": 3.0636144547607,
        "values": [
          2464.985695199472,
          2457.675818773137,
          2459.861035636127
        ]
      },
      "pp_req_throughput": {
        "mean": 2460.8408498695785,
        "std": 3.0636144547607,
        "values": [
          2464.985695199472,
          2457.675818773137,
          2459.861035636127
        ]
      },
      "tg_throughput": {
        "mean": 6.65921426641122,
        "std": 0.004951220361582659,
        "values": [
          6.6543062515850835,
          6.6573432978181994,
          6.665993249830377
        ]
      },
      "tg_req_throughput": {
        "mean": 6.65921426641122,
        "std": 0.004951220361582659,
        "values": [
          6.6543062515850835,
          6.6573432978181994,
          6.665993249830377
        ]
      },
      "peak_throughput": {
        "mean": 8.0,
        "std": 0.0,
        "values": [
          8.0,
          8.0,
          8.0
        ]
      },
      "peak_req_throughput": {
        "mean": 8.0,
        "std": 0.0,
        "values": [
          8.0,
          8.0,
          8.0
        ]
      },
      "ttfr": {
        "mean": 13317.625629007429,
        "std": 16.20329967442316,
        "values": [
          13295.754905993817,
          13334.483320009895,
          13322.638661018573
        ]
      },
      "est_ppt": {
        "mean": 13316.471200339342,
        "std": 16.20329967442316,
        "values": [
          13294.60047732573,
          13333.328891341807,
          13321.484232350485
        ]
      },
      "e2e_ttft": {
        "mean": 13318.762687005801,
        "std": 16.93728302014667,
        "values": [
          13295.754905993817,
          13336.036226013675,
          13324.49692900991
        ]
      },
      "throughput_over_time": null,
      "requests_throughput_over_time": null
    }
  ]
}