{
  "version": "0.3.7",
  "timestamp": "2026-05-10 20:30:49Z",
  "latency_mode": "api",
  "latency_ms": 1.8778496693509321,
  "model": "qwen36-27b",
  "prefix_caching_enabled": false,
  "max_concurrency": 1,
  "benchmarks": [
    {
      "concurrency": 1,
      "context_size": 0,
      "prompt_size": 32768,
      "response_size": 128,
      "is_context_prefill_phase": false,
      "pp_throughput": {
        "mean": 2385.2536772768585,
        "std": 5.836558769573988,
        "values": [
          2393.5031288653345,
          2380.888039106267,
          2381.369863858974
        ]
      },
      "pp_req_throughput": {
        "mean": 2385.2536772768585,
        "std": 5.836558769573988,
        "values": [
          2393.5031288653345,
          2380.888039106267,
          2381.369863858974
        ]
      },
      "tg_throughput": {
        "mean": 25.298106309007053,
        "std": 2.4326769622554805,
        "values": [
          26.07529883502633,
          22.007122298442365,
          27.811897793552458
        ]
      },
      "tg_req_throughput": {
        "mean": 25.298106309007053,
        "std": 2.4326769622554805,
        "values": [
          26.07529883502633,
          22.007122298442365,
          27.811897793552458
        ]
      },
      "peak_throughput": {
        "mean": 41.333333333333336,
        "std": 7.039570693980959,
        "values": [
          49.0,
          32.0,
          43.0
        ]
      },
      "peak_req_throughput": {
        "mean": 41.333333333333336,
        "std": 7.039570693980959,
        "values": [
          49.0,
          32.0,
          43.0
        ]
      },
      "ttfr": {
        "mean": 13740.261370335551,
        "std": 33.663979934828674,
        "values": [
          13692.689282004721,
          13765.649795997888,
          13762.445033004042
        ]
      },
      "est_ppt": {
        "mean": 13738.383520666199,
        "std": 33.66397993482867,
        "values": [
          13690.811432335371,
          13763.771946328538,
          13760.567183334691
        ]
      },
      "e2e_ttft": {
        "mean": 13741.715003338564,
        "std": 32.729481733334325,
        "values": [
          13695.43765601702,
          13765.649795997888,
          13764.057558000786
        ]
      },
      "throughput_over_time": null,
      "requests_throughput_over_time": null
    }
  ]
}