{
  "AR-sherlock-thinkON": {
    "prompt": 128,
    "output": 128,
    "tg": {
      "n": 29,
      "mean": 10.239006276074953,
      "median": 10.298248086379356,
      "std": 0.2707763666644972,
      "min": 9.514029867156012,
      "max": 10.601500774942194
    },
    "pp_benchy": {
      "n": 29,
      "mean": 402.6979373202673,
      "median": 401.67755329297313,
      "std": 4.7564227840816695,
      "min": 394.56395403311774,
      "max": 413.6621046881052
    },
    "ttft_e2e_ms": {
      "n": 29,
      "mean": 342.9516725149808,
      "median": 343.96134002599865,
      "std": 3.9113635262053523,
      "min": 333.64550198893994,
      "max": 349.7992999618873
    },
    "ttfr_ms": {
      "n": 29,
      "mean": 342.9054875159636,
      "median": 343.9297220320441,
      "std": 3.908146975400002,
      "min": 333.6056129774079,
      "max": 349.7531859902665
    },
    "prefill_from_e2e": {
      "mean": 373.2304294110381,
      "median": 372.134845126272,
      "min": 383.640718178311,
      "max": 365.92411709785114
    },
    "tokSTotal_median": 20.041868890074024
  },
  "AR-sherlock-thinkOFF": {
    "prompt": 128,
    "output": 128,
    "tg": {
      "n": 29,
      "mean": 10.68575234771129,
      "median": 10.6939861538442,
      "std": 0.13118856389452682,
      "min": 10.26962884827091,
      "max": 10.872455526301634
    },
    "pp_benchy": {
      "n": 29,
      "mean": 405.50739850823027,
      "median": 404.9946403538745,
      "std": 4.265163033960055,
      "min": 394.0714463035222,
      "max": 416.04611408042706
    },
    "ttft_e2e_ms": {
      "n": 29,
      "mean": 345.1530394116256,
      "median": 345.6095230067149,
      "std": 3.218996392250237,
      "min": 336.5465640090406,
      "max": 352.7780110016465
    },
    "ttfr_ms": {
      "n": 29,
      "mean": 345.1093604511196,
      "median": 345.577618048992,
      "std": 3.2179046112098884,
      "min": 336.50115999625996,
      "max": 352.7279159752652
    },
    "prefill_from_e2e": {
      "mean": 370.8499864819346,
      "median": 370.3601650973983,
      "min": 380.33370026193927,
      "max": 362.8344057969151
    },
    "tokSTotal_median": 20.787735624880508
  },
  "AR-codegen-thinkON": {
    "prompt": 128,
    "output": 128,
    "tg": {
      "n": 29,
      "mean": 9.88620652800103,
      "median": 10.112367510217794,
      "std": 0.5626019411224431,
      "min": 8.55345378820364,
      "max": 10.457507686917136
    },
    "pp_benchy": {
      "n": 29,
      "mean": 404.4736949738161,
      "median": 404.3281014865328,
      "std": 6.1085181965405235,
      "min": 392.48374807220904,
      "max": 416.3857961019281
    },
    "ttft_e2e_ms": {
      "n": 29,
      "mean": 340.10351485982216,
      "median": 340.31443402636796,
      "std": 5.19793081589157,
      "min": 330.9228550060652,
      "max": 349.51856499537826
    },
    "ttfr_ms": {
      "n": 29,
      "mean": 340.0636689360093,
      "median": 340.2679230202921,
      "std": 5.193258127048249,
      "min": 330.8921679854393,
      "max": 349.4628060143441
    },
    "prefill_from_e2e": {
      "mean": 376.35600459100453,
      "median": 376.1227476765867,
      "min": 386.79709806581354,
      "max": 366.2180290814955
    },
    "tokSTotal_median": 19.695213117113827
  },
  "AR-codegen-thinkOFF": {
    "prompt": 128,
    "output": 128,
    "tg": {
      "n": 29,
      "mean": 10.476293874283842,
      "median": 10.569203464088025,
      "std": 0.3740085645482152,
      "min": 9.439963159806886,
      "max": 10.916226556226091
    },
    "pp_benchy": {
      "n": 29,
      "mean": 405.4209315606596,
      "median": 405.4554576286896,
      "std": 3.3416257068772235,
      "min": 398.9013551751396,
      "max": 413.2802617181896
    },
    "ttft_e2e_ms": {
      "n": 29,
      "mean": 344.85879944886307,
      "median": 345.3126360545866,
      "std": 2.3556488068482997,
      "min": 338.7966640293598,
      "max": 348.7954970332794
    },
    "ttfr_ms": {
      "n": 29,
      "mean": 344.82384678819375,
      "median": 345.2805070555769,
      "std": 2.3581183995709596,
      "min": 338.7531730113551,
      "max": 348.75653497874737
    },
    "prefill_from_e2e": {
      "mean": 371.1664026104699,
      "median": 370.67858698274193,
      "min": 377.8077342252332,
      "max": 366.97721469663134
    },
    "tokSTotal_median": 20.552394027042297
  },
  "DF-sherlock-thinkON": {
    "prompt": 128,
    "output": 128,
    "tg": {
      "n": 29,
      "mean": 34.11887922682868,
      "median": 33.76840352067782,
      "std": 9.08243685209009,
      "min": 20.244638000533467,
      "max": 51.45616475192317
    },
    "pp_benchy": {
      "n": 29,
      "mean": 40916.292095040495,
      "median": 39702.118761823825,
      "std": 5513.650959818398,
      "min": 32703.142214728214,
      "max": 56075.63408556281
    },
    "ttft_e2e_ms": {
      "n": 29,
      "mean": 693.726948865866,
      "median": 694.1547490423545,
      "std": 5.233000753841502,
      "min": 685.5651689693332,
      "max": 707.5417139567435
    },
    "ttfr_ms": {
      "n": 29,
      "mean": 3.4318695222188174,
      "median": 3.4758850233629346,
      "std": 0.4261574012833668,
      "min": 2.4966280325315893,
      "max": 4.219777998514473
    },
    "prefill_from_e2e": {
      "mean": 184.51063521355164,
      "median": 184.3969232747984,
      "min": 186.70726838767638,
      "max": 180.90806163808097
    },
    "tokSTotal_median": 57.08322036848961
  },
  "DF-sherlock-thinkOFF": {
    "prompt": 128,
    "output": 128,
    "tg": {
      "n": 29,
      "mean": 16.47471521759553,
      "median": 16.771234521565898,
      "std": 2.9842001785878627,
      "min": 11.728379903198652,
      "max": 22.843716848767833
    },
    "pp_benchy": {
      "n": 29,
      "mean": 44120.00279907137,
      "median": 43237.170244079876,
      "std": 4446.490707682035,
      "min": 33848.98236900997,
      "max": 52375.3334376696
    },
    "ttft_e2e_ms": {
      "n": 29,
      "mean": 942.718132517445,
      "median": 932.2056400123984,
      "std": 122.32115516989401,
      "min": 682.3600889765657,
      "max": 1194.0632139449008
    },
    "ttfr_ms": {
      "n": 29,
      "mean": 3.2081959993931752,
      "median": 3.2426510006189346,
      "std": 0.3357869470217598,
      "min": 2.6730140089057386,
      "max": 4.136017989367247
    },
    "prefill_from_e2e": {
      "mean": 135.77759415551643,
      "median": 137.30875946888457,
      "min": 187.58424190954682,
      "max": 107.19700473571952
    },
    "tokSTotal_median": 29.891452449831608
  },
  "DF-codegen-thinkON": {
    "prompt": 128,
    "output": 128,
    "tg": {
      "n": 29,
      "mean": 31.662874838045386,
      "median": 29.670421497655223,
      "std": 7.433410775146577,
      "min": 23.960464846747243,
      "max": 46.34730262472172
    },
    "pp_benchy": {
      "n": 29,
      "mean": 39098.40282264947,
      "median": 37945.103628827426,
      "std": 4555.244372821218,
      "min": 30998.049740112627,
      "max": 58098.926355355
    },
    "ttft_e2e_ms": {
      "n": 29,
      "mean": 695.6633051720866,
      "median": 694.5464669843204,
      "std": 4.157478847629155,
      "min": 689.5697700092569,
      "max": 706.209959986154
    },
    "ttfr_ms": {
      "n": 29,
      "mean": 3.5622257514503497,
      "median": 3.6104790051467717,
      "std": 0.35785805780415153,
      "min": 2.34083499526605,
      "max": 4.451892978977412
    },
    "prefill_from_e2e": {
      "mean": 183.99705582909334,
      "median": 184.29292507349206,
      "min": 185.62298634158762,
      "max": 181.2492137642884
    },
    "tokSTotal_median": 51.11201384343707
  },
  "DF-codegen-thinkOFF": {
    "prompt": 128,
    "output": 128,
    "tg": {
      "n": 29,
      "mean": 21.30562515427306,
      "median": 20.906540823569568,
      "std": 4.0019553218668955,
      "min": 15.682075349230745,
      "max": 31.2961302494196
    },
    "pp_benchy": {
      "n": 29,
      "mean": 42534.34342118071,