2026-07-13 08:28:39,900 - INFO - autotuner.py:651 - flashinfer.jit: [Autotuner]: Autotuning process starts ...
2026-07-13 08:29:24,650 - INFO - autotuner.py:674 - flashinfer.jit: [Autotuner]: Autotuning process ends
2026-07-13 08:29:24,676 - INFO - autotuner.py:1808 - flashinfer.jit: [Autotuner]: Saved 18 configs to /work/build/.cache/vllm/flashinfer_autotune_cache/0.6.14/121a/0f42d2e04f2ebb2f1f79cf54593a7f33fe14f30e6631c4624ebba546f8643840/autotune_configs.json (18 new, 0 from previous config)
2026-07-13 08:29:24,687 - INFO - autotuner.py:1899 - flashinfer.jit: [Autotuner]: Loaded 18 configs from /work/build/.cache/vllm/flashinfer_autotune_cache/0.6.14/121a/0f42d2e04f2ebb2f1f79cf54593a7f33fe14f30e6631c4624ebba546f8643840/autotune_configs.json
2026-07-13 08:30:14,945 - INFO - autotuner.py:651 - flashinfer.jit: [Autotuner]: Autotuning process starts ...
2026-07-13 08:30:16,269 - INFO - autotuner.py:674 - flashinfer.jit: [Autotuner]: Autotuning process ends
2026-07-15 22:43:18,548 - INFO - autotuner.py:651 - flashinfer.jit: [Autotuner]: Autotuning process starts ...
2026-07-15 22:43:23,202 - INFO - autotuner.py:674 - flashinfer.jit: [Autotuner]: Autotuning process ends
2026-07-15 22:43:23,228 - INFO - autotuner.py:1808 - flashinfer.jit: [Autotuner]: Saved 18 configs to /work/build/.cache/vllm/flashinfer_autotune_cache/0.6.14/121a/6024efa17f001c13aed9d432af238bf8139f67b4e5a18d4071963d3d2332c331/autotune_configs.json (18 new, 0 from previous config)
2026-07-15 22:43:23,237 - INFO - autotuner.py:1899 - flashinfer.jit: [Autotuner]: Loaded 18 configs from /work/build/.cache/vllm/flashinfer_autotune_cache/0.6.14/121a/6024efa17f001c13aed9d432af238bf8139f67b4e5a18d4071963d3d2332c331/autotune_configs.json
2026-07-15 22:43:23,375 - INFO - autotuner.py:651 - flashinfer.jit: [Autotuner]: Autotuning process starts ...
2026-07-15 22:43:25,712 - INFO - autotuner.py:674 - flashinfer.jit: [Autotuner]: Autotuning process ends
2026-07-16 00:46:38,734 - INFO - autotuner.py:1899 - flashinfer.jit: [Autotuner]: Loaded 18 configs from /work/build/.cache/vllm/flashinfer_autotune_cache/0.6.14/121a/6024efa17f001c13aed9d432af238bf8139f67b4e5a18d4071963d3d2332c331/autotune_configs.json
2026-07-16 00:46:38,734 - INFO - autotuner.py:651 - flashinfer.jit: [Autotuner]: Autotuning process starts ...
2026-07-16 00:46:38,890 - INFO - autotuner.py:1009 - flashinfer.jit: [Autotuner]: Config cache hit for sparse_mla_sm120_decode_dsv4 (runner=SparseMlaDecodeV3Runner, source=config file)
2026-07-16 00:46:42,390 - INFO - autotuner.py:674 - flashinfer.jit: [Autotuner]: Autotuning process ends
2026-07-16 00:46:42,401 - INFO - autotuner.py:1899 - flashinfer.jit: [Autotuner]: Loaded 18 configs from /work/build/.cache/vllm/flashinfer_autotune_cache/0.6.14/121a/6024efa17f001c13aed9d432af238bf8139f67b4e5a18d4071963d3d2332c331/autotune_configs.json
2026-07-16 00:46:42,540 - INFO - autotuner.py:651 - flashinfer.jit: [Autotuner]: Autotuning process starts ...
2026-07-16 00:46:43,239 - INFO - autotuner.py:674 - flashinfer.jit: [Autotuner]: Autotuning process ends
2026-07-16 18:40:37,737 - INFO - autotuner.py:651 - flashinfer.jit: [Autotuner]: Autotuning process starts ...
2026-07-16 18:40:43,167 - INFO - autotuner.py:674 - flashinfer.jit: [Autotuner]: Autotuning process ends
2026-07-16 18:40:43,198 - INFO - autotuner.py:1808 - flashinfer.jit: [Autotuner]: Saved 18 configs to /work/build/.cache/vllm/flashinfer_autotune_cache/0.6.14/121a/f99305f1600e2445761e84c06ca10099e54d3618084027243ce9df09fd40c813/autotune_configs.json (18 new, 0 from previous config)
2026-07-16 18:40:43,211 - INFO - autotuner.py:1899 - flashinfer.jit: [Autotuner]: Loaded 18 configs from /work/build/.cache/vllm/flashinfer_autotune_cache/0.6.14/121a/f99305f1600e2445761e84c06ca10099e54d3618084027243ce9df09fd40c813/autotune_configs.json
2026-07-16 18:40:43,570 - INFO - autotuner.py:651 - flashinfer.jit: [Autotuner]: Autotuning process starts ...
2026-07-16 18:40:45,150 - INFO - autotuner.py:674 - flashinfer.jit: [Autotuner]: Autotuning process ends
2026-07-16 19:46:48,530 - INFO - autotuner.py:651 - flashinfer.jit: [Autotuner]: Autotuning process starts ...
2026-07-16 19:46:53,775 - INFO - autotuner.py:674 - flashinfer.jit: [Autotuner]: Autotuning process ends
2026-07-16 19:46:53,797 - INFO - autotuner.py:1808 - flashinfer.jit: [Autotuner]: Saved 18 configs to /work/build/.cache/vllm/flashinfer_autotune_cache/0.6.14/121a/35df21a068b911317b78b46c6af4562612a3d06c60dc2b881be1d6c1955215b8/autotune_configs.json (18 new, 0 from previous config)
2026-07-16 19:46:53,808 - INFO - autotuner.py:1899 - flashinfer.jit: [Autotuner]: Loaded 18 configs from /work/build/.cache/vllm/flashinfer_autotune_cache/0.6.14/121a/35df21a068b911317b78b46c6af4562612a3d06c60dc2b881be1d6c1955215b8/autotune_configs.json
2026-07-16 19:46:54,027 - INFO - autotuner.py:651 - flashinfer.jit: [Autotuner]: Autotuning process starts ...
2026-07-16 19:46:55,783 - INFO - autotuner.py:674 - flashinfer.jit: [Autotuner]: Autotuning process ends
2026-07-16 19:50:48,620 - INFO - autotuner.py:651 - flashinfer.jit: [Autotuner]: Autotuning process starts ...
2026-07-16 19:50:55,131 - INFO - autotuner.py:674 - flashinfer.jit: [Autotuner]: Autotuning process ends
2026-07-16 19:50:55,151 - INFO - autotuner.py:1808 - flashinfer.jit: [Autotuner]: Saved 18 configs to /work/build/.cache/vllm/flashinfer_autotune_cache/0.6.14/121a/da5c2be19cb7b20ae14c2b6b4b0202eb12ba953a1061ec6787df50134df0ac40/autotune_configs.json (18 new, 0 from previous config)
2026-07-16 19:50:55,162 - INFO - autotuner.py:1899 - flashinfer.jit: [Autotuner]: Loaded 18 configs from /work/build/.cache/vllm/flashinfer_autotune_cache/0.6.14/121a/da5c2be19cb7b20ae14c2b6b4b0202eb12ba953a1061ec6787df50134df0ac40/autotune_configs.json
2026-07-16 19:50:55,384 - INFO - autotuner.py:651 - flashinfer.jit: [Autotuner]: Autotuning process starts ...
2026-07-16 19:50:56,690 - INFO - autotuner.py:674 - flashinfer.jit: [Autotuner]: Autotuning process ends
2026-07-16 19:54:26,834 - INFO - autotuner.py:651 - flashinfer.jit: [Autotuner]: Autotuning process starts ...
2026-07-16 19:54:32,758 - INFO - autotuner.py:674 - flashinfer.jit: [Autotuner]: Autotuning process ends
2026-07-16 19:54:32,777 - INFO - autotuner.py:1808 - flashinfer.jit: [Autotuner]: Saved 18 configs to /work/build/.cache/vllm/flashinfer_autotune_cache/0.6.14/121a/62ab171c9057a2067b3417eb2867389270a8ce2313af584516c7e6087fd6b7db/autotune_configs.json (18 new, 0 from previous config)
2026-07-16 19:54:32,785 - INFO - autotuner.py:1899 - flashinfer.jit: [Autotuner]: Loaded 18 configs from /work/build/.cache/vllm/flashinfer_autotune_cache/0.6.14/121a/62ab171c9057a2067b3417eb2867389270a8ce2313af584516c7e6087fd6b7db/autotune_configs.json
2026-07-16 19:54:33,185 - INFO - autotuner.py:651 - flashinfer.jit: [Autotuner]: Autotuning process starts ...
2026-07-16 19:54:34,699 - INFO - autotuner.py:674 - flashinfer.jit: [Autotuner]: Autotuning process ends
2026-07-16 19:58:02,863 - INFO - autotuner.py:651 - flashinfer.jit: [Autotuner]: Autotuning process starts ...
2026-07-16 19:58:08,808 - INFO - autotuner.py:674 - flashinfer.jit: [Autotuner]: Autotuning process ends
2026-07-16 19:58:08,826 - INFO - autotuner.py:1808 - flashinfer.jit: [Autotuner]: Saved 18 configs to /work/build/.cache/vllm/flashinfer_autotune_cache/0.6.14/121a/c17ebbe8b5aebac2da8a024668806d42b49a418a582fa310afdd4269b7720f01/autotune_configs.json (18 new, 0 from previous config)
2026-07-16 19:58:08,834 - INFO - autotuner.py:1899 - flashinfer.jit: [Autotuner]: Loaded 18 configs from /work/build/.cache/vllm/flashinfer_autotune_cache/0.6.14/121a/c17ebbe8b5aebac2da8a024668806d42b49a418a582fa310afdd4269b7720f01/autotune_configs.json
2026-07-16 19:58:09,056 - INFO - autotuner.py:651 - flashinfer.jit: [Autotuner]: Autotuning process starts ...
2026-07-16 19:58:10,817 - INFO - autotuner.py:674 - flashinfer.jit: [Autotuner]: Autotuning process ends
2026-07-16 20:03:39,682 - INFO - autotuner.py:1899 - flashinfer.jit: [Autotuner]: Loaded 18 configs from /work/build/.cache/vllm/flashinfer_autotune_cache/0.6.14/121a/c17ebbe8b5aebac2da8a024668806d42b49a418a582fa310afdd4269b7720f01/autotune_configs.json
2026-07-16 20:03:39,683 - INFO - autotuner.py:651 - flashinfer.jit: [Autotuner]: Autotuning process starts ...
2026-07-16 20:03:39,829 - INFO - autotuner.py:1009 - flashinfer.jit: [Autotuner]: Config cache hit for sparse_mla_sm120_decode_dsv4 (runner=SparseMlaDecodeV3Runner, source=config file)
2026-07-16 20:03:42,754 - INFO - autotuner.py:674 - flashinfer.jit: [Autotuner]: Autotuning process ends
2026-07-16 20:03:42,764 - INFO - autotuner.py:1899 - flashinfer.jit: [Autotuner]: Loaded 18 configs from /work/build/.cache/vllm/flashinfer_autotune_cache/0.6.14/121a/c17ebbe8b5aebac2da8a024668806d42b49a418a582fa310afdd4269b7720f01/autotune_configs.json
2026-07-16 20:03:42,991 - INFO - autotuner.py:651 - flashinfer.jit: [Autotuner]: Autotuning process starts ...
2026-07-16 20:03:44,389 - INFO - autotuner.py:674 - flashinfer.jit: [Autotuner]: Autotuning process ends
2026-07-16 21:39:25,107 - INFO - autotuner.py:651 - flashinfer.jit: [Autotuner]: Autotuning process starts ...
2026-07-16 21:39:25,107 - INFO - autotuner.py:674 - flashinfer.jit: [Autotuner]: Autotuning process ends
2026-07-16 21:43:09,030 - INFO - autotuner.py:651 - flashinfer.jit: [Autotuner]: Autotuning process starts ...
2026-07-16 21:43:13,920 - INFO - autotuner.py:674 - flashinfer.jit: [Autotuner]: Autotuning process ends
2026-07-16 21:43:13,948 - INFO - autotuner.py:1808 - flashinfer.jit: [Autotuner]: Saved 24 configs to /work/build/.cache/vllm/flashinfer_autotune_cache/0.6.14/121a/5597f3a58dd2ec2cac6db941dc4dcee2bbef787de965f35439f6b97480c25026/autotune_configs.json (24 new, 0 from previous config)
2026-07-16 21:43:13,955 - INFO - autotuner.py:1899 - flashinfer.jit: [Autotuner]: Loaded 24 configs from /work/build/.cache/vllm/flashinfer_autotune_cache/0.6.14/121a/5597f3a58dd2ec2cac6db941dc4dcee2bbef787de965f35439f6b97480c25026/autotune_configs.json
2026-07-16 21:43:14,165 - INFO - autotuner.py:651 - flashinfer.jit: [Autotuner]: Autotuning process starts ...
2026-07-16 21:43:15,956 - INFO - autotuner.py:674 - flashinfer.jit: [Autotuner]: Autotuning process ends
2026-07-16 22:14:03,172 - INFO - autotuner.py:651 - flashinfer.jit: [Autotuner]: Autotuning process starts ...
2026-07-16 22:14:09,108 - INFO - autotuner.py:674 - flashinfer.jit: [Autotuner]: Autotuning process ends
2026-07-16 22:14:09,134 - INFO - autotuner.py:1808 - flashinfer.jit: [Autotuner]: Saved 18 configs to /work/build/.cache/vllm/flashinfer_autotune_cache/0.6.14/121a/30bf96a9bebd7b7554f8cc32c73973efe91d7ff2bd321941aa5c4092b64a44b4/autotune_configs.json (18 new, 0 from previous config)
2026-07-16 22:14:09,141 - INFO - autotuner.py:1899 - flashinfer.jit: [Autotuner]: Loaded 18 configs from /work/build/.cache/vllm/flashinfer_autotune_cache/0.6.14/121a/30bf96a9bebd7b7554f8cc32c73973efe91d7ff2bd321941aa5c4092b64a44b4/autotune_configs.json
2026-07-16 22:14:09,361 - INFO - autotuner.py:651 - flashinfer.jit: [Autotuner]: Autotuning process starts ...
2026-07-16 22:14:10,379 - INFO - autotuner.py:674 - flashinfer.jit: [Autotuner]: Autotuning process ends
2026-07-16 22:39:39,110 - INFO - autotuner.py:1899 - flashinfer.jit: [Autotuner]: Loaded 24 configs from /work/build/.cache/vllm/flashinfer_autotune_cache/0.6.14/121a/5597f3a58dd2ec2cac6db941dc4dcee2bbef787de965f35439f6b97480c25026/autotune_configs.json
2026-07-16 22:39:39,110 - INFO - autotuner.py:651 - flashinfer.jit: [Autotuner]: Autotuning process starts ...
2026-07-16 22:39:39,132 - INFO - autotuner.py:1009 - flashinfer.jit: [Autotuner]: Config cache hit for sparse_mla_sm120_decode_dsv4 (runner=SparseMlaDecodeV3Runner, source=config file)
2026-07-16 22:39:39,412 - INFO - autotuner.py:674 - flashinfer.jit: [Autotuner]: Autotuning process ends
2026-07-16 22:39:39,425 - INFO - autotuner.py:1899 - flashinfer.jit: [Autotuner]: Loaded 24 configs from /work/build/.cache/vllm/flashinfer_autotune_cache/0.6.14/121a/5597f3a58dd2ec2cac6db941dc4dcee2bbef787de965f35439f6b97480c25026/autotune_configs.json
2026-07-16 22:39:39,639 - INFO - autotuner.py:651 - flashinfer.jit: [Autotuner]: Autotuning process starts ...
2026-07-16 22:39:41,387 - INFO - autotuner.py:674 - flashinfer.jit: [Autotuner]: Autotuning process ends
2026-07-16 22:50:50,959 - INFO - autotuner.py:651 - flashinfer.jit: [Autotuner]: Autotuning process starts ...
2026-07-16 22:50:57,088 - INFO - autotuner.py:674 - flashinfer.jit: [Autotuner]: Autotuning process ends
2026-07-16 22:50:57,109 - INFO - autotuner.py:1808 - flashinfer.jit: [Autotuner]: Saved 18 configs to /work/build/.cache/vllm/flashinfer_autotune_cache/0.6.14/121a/92b792d9b61c99bb5b763c2fd05c6b0acec90a5e6c225f757ffca80c2edf98c6/autotune_configs.json (18 new, 0 from previous config)
2026-07-16 22:50:57,117 - INFO - autotuner.py:1899 - flashinfer.jit: [Autotuner]: Loaded 18 configs from /work/build/.cache/vllm/flashinfer_autotune_cache/0.6.14/121a/92b792d9b61c99bb5b763c2fd05c6b0acec90a5e6c225f757ffca80c2edf98c6/autotune_configs.json
2026-07-16 22:50:57,339 - INFO - autotuner.py:651 - flashinfer.jit: [Autotuner]: Autotuning process starts ...
2026-07-16 22:50:58,396 - INFO - autotuner.py:674 - flashinfer.jit: [Autotuner]: Autotuning process ends
2026-07-17 02:16:27,398 - INFO - autotuner.py:1899 - flashinfer.jit: [Autotuner]: Loaded 18 configs from /work/build/.cache/vllm/flashinfer_autotune_cache/0.6.14/121a/c17ebbe8b5aebac2da8a024668806d42b49a418a582fa310afdd4269b7720f01/autotune_configs.json
2026-07-17 02:16:27,398 - INFO - autotuner.py:651 - flashinfer.jit: [Autotuner]: Autotuning process starts ...
2026-07-17 02:16:27,564 - INFO - autotuner.py:1009 - flashinfer.jit: [Autotuner]: Config cache hit for sparse_mla_sm120_decode_dsv4 (runner=SparseMlaDecodeV3Runner, source=config file)
2026-07-17 02:16:30,892 - INFO - autotuner.py:674 - flashinfer.jit: [Autotuner]: Autotuning process ends
2026-07-17 02:16:30,904 - INFO - autotuner.py:1899 - flashinfer.jit: [Autotuner]: Loaded 18 configs from /work/build/.cache/vllm/flashinfer_autotune_cache/0.6.14/121a/c17ebbe8b5aebac2da8a024668806d42b49a418a582fa310afdd4269b7720f01/autotune_configs.json
2026-07-17 02:16:31,211 - INFO - autotuner.py:651 - flashinfer.jit: [Autotuner]: Autotuning process starts ...
2026-07-17 02:16:33,007 - INFO - autotuner.py:674 - flashinfer.jit: [Autotuner]: Autotuning process ends
2026-07-17 21:56:21,316 - INFO - autotuner.py:651 - flashinfer.jit: [Autotuner]: Autotuning process starts ...
2026-07-17 21:56:41,304 - INFO - autotuner.py:674 - flashinfer.jit: [Autotuner]: Autotuning process ends
2026-07-17 21:56:41,556 - INFO - autotuner.py:1808 - flashinfer.jit: [Autotuner]: Saved 18 configs to /work/build/.cache/vllm/flashinfer_autotune_cache/0.6.14/121a/8fd52cd5918d4f6e5b294dd0d20ede2377dadfbf9526597ba8595b682249e9ee/autotune_configs.json (18 new, 0 from previous config)
2026-07-17 21:56:41,612 - INFO - autotuner.py:1899 - flashinfer.jit: [Autotuner]: Loaded 18 configs from /work/build/.cache/vllm/flashinfer_autotune_cache/0.6.14/121a/8fd52cd5918d4f6e5b294dd0d20ede2377dadfbf9526597ba8595b682249e9ee/autotune_configs.json
2026-07-17 21:56:42,217 - INFO - autotuner.py:651 - flashinfer.jit: [Autotuner]: Autotuning process starts ...
2026-07-17 21:56:55,843 - INFO - autotuner.py:674 - flashinfer.jit: [Autotuner]: Autotuning process ends
2026-07-17 22:14:37,853 - INFO - autotuner.py:651 - flashinfer.jit: [Autotuner]: Autotuning process starts ...
2026-07-17 22:14:53,745 - INFO - autotuner.py:674 - flashinfer.jit: [Autotuner]: Autotuning process ends
2026-07-17 22:14:54,106 - INFO - autotuner.py:1808 - flashinfer.jit: [Autotuner]: Saved 18 configs to /work/build/.cache/vllm/flashinfer_autotune_cache/0.6.14/121a/7c7a5fc88054677f99c644e95535688709ba53ce2c473a5cdc54056dc047551c/autotune_configs.json (18 new, 0 from previous config)
2026-07-17 22:14:54,170 - INFO - autotuner.py:1899 - flashinfer.jit: [Autotuner]: Loaded 18 configs from /work/build/.cache/vllm/flashinfer_autotune_cache/0.6.14/121a/7c7a5fc88054677f99c644e95535688709ba53ce2c473a5cdc54056dc047551c/autotune_configs.json
2026-07-17 22:14:54,689 - INFO - autotuner.py:651 - flashinfer.jit: [Autotuner]: Autotuning process starts ...
2026-07-17 22:15:13,479 - INFO - autotuner.py:674 - flashinfer.jit: [Autotuner]: Autotuning process ends
2026-07-17 22:19:21,689 - INFO - autotuner.py:1899 - flashinfer.jit: [Autotuner]: Loaded 18 configs from /work/build/.cache/vllm/flashinfer_autotune_cache/0.6.14/121a/8fd52cd5918d4f6e5b294dd0d20ede2377dadfbf9526597ba8595b682249e9ee/autotune_configs.json
2026-07-17 22:19:21,693 - INFO - autotuner.py:651 - flashinfer.jit: [Autotuner]: Autotuning process starts ...
2026-07-17 22:19:23,385 - INFO - autotuner.py:1009 - flashinfer.jit: [Autotuner]: Config cache hit for sparse_mla_sm120_decode_dsv4 (runner=SparseMlaDecodeV3Runner, source=config file)
2026-07-17 22:19:35,158 - INFO - autotuner.py:674 - flashinfer.jit: [Autotuner]: Autotuning process ends
2026-07-17 22:19:35,280 - INFO - autotuner.py:1899 - flashinfer.jit: [Autotuner]: Loaded 18 configs from /work/build/.cache/vllm/flashinfer_autotune_cache/0.6.14/121a/8fd52cd5918d4f6e5b294dd0d20ede2377dadfbf9526597ba8595b682249e9ee/autotune_configs.json
2026-07-17 22:19:35,548 - INFO - autotuner.py:651 - flashinfer.jit: [Autotuner]: Autotuning process starts ...
2026-07-17 22:19:49,815 - INFO - autotuner.py:674 - flashinfer.jit: [Autotuner]: Autotuning process ends
2026-07-17 22:28:53,771 - INFO - autotuner.py:1899 - flashinfer.jit: [Autotuner]: Loaded 18 configs from /work/build/.cache/vllm/flashinfer_autotune_cache/0.6.14/121a/8fd52cd5918d4f6e5b294dd0d20ede2377dadfbf9526597ba8595b682249e9ee/autotune_configs.json
2026-07-17 22:28:53,780 - INFO - autotuner.py:651 - flashinfer.jit: [Autotuner]: Autotuning process starts ...
2026-07-17 22:28:55,174 - INFO - autotuner.py:1009 - flashinfer.jit: [Autotuner]: Config cache hit for sparse_mla_sm120_decode_dsv4 (runner=SparseMlaDecodeV3Runner, source=config file)
2026-07-17 22:29:06,469 - INFO - autotuner.py:674 - flashinfer.jit: [Autotuner]: Autotuning process ends
2026-07-17 22:29:06,753 - INFO - autotuner.py:1899 - flashinfer.jit: [Autotuner]: Loaded 18 configs from /work/build/.cache/vllm/flashinfer_autotune_cache/0.6.14/121a/8fd52cd5918d4f6e5b294dd0d20ede2377dadfbf9526597ba8595b682249e9ee/autotune_configs.json
2026-07-17 22:29:07,890 - INFO - autotuner.py:651 - flashinfer.jit: [Autotuner]: Autotuning process starts ...
2026-07-17 22:29:21,504 - INFO - autotuner.py:674 - flashinfer.jit: [Autotuner]: Autotuning process ends
2026-07-17 22:33:37,018 - INFO - autotuner.py:1899 - flashinfer.jit: [Autotuner]: Loaded 18 configs from /work/build/.cache/vllm/flashinfer_autotune_cache/0.6.14/121a/8fd52cd5918d4f6e5b294dd0d20ede2377dadfbf9526597ba8595b682249e9ee/autotune_configs.json
2026-07-17 22:33:37,022 - INFO - autotuner.py:651 - flashinfer.jit: [Autotuner]: Autotuning process starts ...
2026-07-17 22:33:38,244 - INFO - autotuner.py:1009 - flashinfer.jit: [Autotuner]: Config cache hit for sparse_mla_sm120_decode_dsv4 (runner=SparseMlaDecodeV3Runner, source=config file)
2026-07-17 22:33:51,531 - INFO - autotuner.py:674 - flashinfer.jit: [Autotuner]: Autotuning process ends
2026-07-17 22:33:51,850 - INFO - autotuner.py:1899 - flashinfer.jit: [Autotuner]: Loaded 18 configs from /work/build/.cache/vllm/flashinfer_autotune_cache/0.6.14/121a/8fd52cd5918d4f6e5b294dd0d20ede2377dadfbf9526597ba8595b682249e9ee/autotune_configs.json
2026-07-17 22:33:52,386 - INFO - autotuner.py:651 - flashinfer.jit: [Autotuner]: Autotuning process starts ...
2026-07-17 22:34:06,207 - INFO - autotuner.py:674 - flashinfer.jit: [Autotuner]: Autotuning process ends
2026-07-17 22:41:10,998 - INFO - autotuner.py:1899 - flashinfer.jit: [Autotuner]: Loaded 18 configs from /work/build/.cache/vllm/flashinfer_autotune_cache/0.6.14/121a/8fd52cd5918d4f6e5b294dd0d20ede2377dadfbf9526597ba8595b682249e9ee/autotune_configs.json
2026-07-17 22:41:11,002 - INFO - autotuner.py:651 - flashinfer.jit: [Autotuner]: Autotuning process starts ...
2026-07-17 22:41:12,152 - INFO - autotuner.py:1009 - flashinfer.jit: [Autotuner]: Config cache hit for sparse_mla_sm120_decode_dsv4 (runner=SparseMlaDecodeV3Runner, source=config file)
2026-07-17 22:41:24,707 - INFO - autotuner.py:674 - flashinfer.jit: [Autotuner]: Autotuning process ends
2026-07-17 22:41:24,914 - INFO - autotuner.py:1899 - flashinfer.jit: [Autotuner]: Loaded 18 configs from /work/build/.cache/vllm/flashinfer_autotune_cache/0.6.14/121a/8fd52cd5918d4f6e5b294dd0d20ede2377dadfbf9526597ba8595b682249e9ee/autotune_configs.json
2026-07-17 22:41:25,574 - INFO - autotuner.py:651 - flashinfer.jit: [Autotuner]: Autotuning process starts ...
2026-07-17 22:41:39,175 - INFO - autotuner.py:674 - flashinfer.jit: [Autotuner]: Autotuning process ends
2026-07-17 22:47:48,383 - INFO - autotuner.py:651 - flashinfer.jit: [Autotuner]: Autotuning process starts ...
2026-07-17 22:48:08,481 - INFO - autotuner.py:674 - flashinfer.jit: [Autotuner]: Autotuning process ends
2026-07-17 22:48:08,943 - INFO - autotuner.py:1808 - flashinfer.jit: [Autotuner]: Saved 18 configs to /work/build/.cache/vllm/flashinfer_autotune_cache/0.6.14/121a/085e5a49c2b6da4f96f9ccb8d12519ddaaa0f82a5fd0d67e05e238c3432db3e8/autotune_configs.json (18 new, 0 from previous config)
2026-07-17 22:48:09,007 - INFO - autotuner.py:1899 - flashinfer.jit: [Autotuner]: Loaded 18 configs from /work/build/.cache/vllm/flashinfer_autotune_cache/0.6.14/121a/085e5a49c2b6da4f96f9ccb8d12519ddaaa0f82a5fd0d67e05e238c3432db3e8/autotune_configs.json
2026-07-17 22:48:09,426 - INFO - autotuner.py:651 - flashinfer.jit: [Autotuner]: Autotuning process starts ...
2026-07-17 22:48:20,659 - INFO - autotuner.py:674 - flashinfer.jit: [Autotuner]: Autotuning process ends
2026-07-17 23:15:00,536 - INFO - autotuner.py:651 - flashinfer.jit: [Autotuner]: Autotuning process starts ...
2026-07-17 23:15:06,569 - INFO - autotuner.py:674 - flashinfer.jit: [Autotuner]: Autotuning process ends
2026-07-17 23:15:06,588 - INFO - autotuner.py:1808 - flashinfer.jit: [Autotuner]: Saved 18 configs to /work/build/.cache/vllm/flashinfer_autotune_cache/0.6.14/121a/5028ca158fafffd826ea4715487f579fc270f65191084b0075c0ff0607b9a8aa/autotune_configs.json (18 new, 0 from previous config)
2026-07-17 23:15:06,598 - INFO - autotuner.py:1899 - flashinfer.jit: [Autotuner]: Loaded 18 configs from /work/build/.cache/vllm/flashinfer_autotune_cache/0.6.14/121a/5028ca158fafffd826ea4715487f579fc270f65191084b0075c0ff0607b9a8aa/autotune_configs.json
2026-07-17 23:15:06,796 - INFO - autotuner.py:651 - flashinfer.jit: [Autotuner]: Autotuning process starts ...
2026-07-17 23:15:12,868 - INFO - autotuner.py:674 - flashinfer.jit: [Autotuner]: Autotuning process ends
2026-07-17 23:25:12,133 - INFO - autotuner.py:1899 - flashinfer.jit: [Autotuner]: Loaded 18 configs from /work/build/.cache/vllm/flashinfer_autotune_cache/0.6.14/121a/5028ca158fafffd826ea4715487f579fc270f65191084b0075c0ff0607b9a8aa/autotune_configs.json
2026-07-17 23:25:12,134 - INFO - autotuner.py:651 - flashinfer.jit: [Autotuner]: Autotuning process starts ...
2026-07-17 23:25:12,845 - INFO - autotuner.py:1009 - flashinfer.jit: [Autotuner]: Config cache hit for sparse_mla_sm120_decode_dsv4 (runner=SparseMlaDecodeV3Runner, source=config file)
2026-07-17 23:25:17,019 - INFO - autotuner.py:674 - flashinfer.jit: [Autotuner]: Autotuning process ends
2026-07-17 23:25:17,029 - INFO - autotuner.py:1899 - flashinfer.jit: [Autotuner]: Loaded 18 configs from /work/build/.cache/vllm/flashinfer_autotune_cache/0.6.14/121a/5028ca158fafffd826ea4715487f579fc270f65191084b0075c0ff0607b9a8aa/autotune_configs.json
2026-07-17 23:25:17,256 - INFO - autotuner.py:651 - flashinfer.jit: [Autotuner]: Autotuning process starts ...
2026-07-17 23:25:23,346 - INFO - autotuner.py:674 - flashinfer.jit: [Autotuner]: Autotuning process ends
2026-07-17 23:50:23,636 - INFO - autotuner.py:1899 - flashinfer.jit: [Autotuner]: Loaded 18 configs from /work/build/.cache/vllm/flashinfer_autotune_cache/0.6.14/121a/5028ca158fafffd826ea4715487f579fc270f65191084b0075c0ff0607b9a8aa/autotune_configs.json
2026-07-17 23:50:23,637 - INFO - autotuner.py:651 - flashinfer.jit: [Autotuner]: Autotuning process starts ...
2026-07-17 23:50:24,259 - INFO - autotuner.py:1009 - flashinfer.jit: [Autotuner]: Config cache hit for sparse_mla_sm120_decode_dsv4 (runner=SparseMlaDecodeV3Runner, source=config file)
2026-07-17 23:50:31,649 - INFO - autotuner.py:674 - flashinfer.jit: [Autotuner]: Autotuning process ends
2026-07-17 23:50:31,668 - INFO - autotuner.py:1899 - flashinfer.jit: [Autotuner]: Loaded 18 configs from /work/build/.cache/vllm/flashinfer_autotune_cache/0.6.14/121a/5028ca158fafffd826ea4715487f579fc270f65191084b0075c0ff0607b9a8aa/autotune_configs.json
2026-07-17 23:50:31,894 - INFO - autotuner.py:651 - flashinfer.jit: [Autotuner]: Autotuning process starts ...
2026-07-17 23:50:37,936 - INFO - autotuner.py:674 - flashinfer.jit: [Autotuner]: Autotuning process ends
2026-07-18 00:07:02,375 - INFO - autotuner.py:1899 - flashinfer.jit: [Autotuner]: Loaded 18 configs from /work/build/.cache/vllm/flashinfer_autotune_cache/0.6.14/121a/5028ca158fafffd826ea4715487f579fc270f65191084b0075c0ff0607b9a8aa/autotune_configs.json
2026-07-18 00:07:02,376 - INFO - autotuner.py:651 - flashinfer.jit: [Autotuner]: Autotuning process starts ...
2026-07-18 00:07:03,033 - INFO - autotuner.py:1009 - flashinfer.jit: [Autotuner]: Config cache hit for sparse_mla_sm120_decode_dsv4 (runner=SparseMlaDecodeV3Runner, source=config file)
2026-07-18 00:07:09,165 - INFO - autotuner.py:674 - flashinfer.jit: [Autotuner]: Autotuning process ends
2026-07-18 00:07:09,173 - INFO - autotuner.py:1899 - flashinfer.jit: [Autotuner]: Loaded 18 configs from /work/build/.cache/vllm/flashinfer_autotune_cache/0.6.14/121a/5028ca158fafffd826ea4715487f579fc270f65191084b0075c0ff0607b9a8aa/autotune_configs.json
2026-07-18 00:07:09,459 - INFO - autotuner.py:651 - flashinfer.jit: [Autotuner]: Autotuning process starts ...
2026-07-18 00:07:15,382 - INFO - autotuner.py:674 - flashinfer.jit: [Autotuner]: Autotuning process ends
2026-07-18 00:23:23,299 - INFO - autotuner.py:651 - flashinfer.jit: [Autotuner]: Autotuning process starts ...
2026-07-18 00:23:28,214 - INFO - autotuner.py:674 - flashinfer.jit: [Autotuner]: Autotuning process ends
2026-07-18 00:23:28,236 - INFO - autotuner.py:1808 - flashinfer.jit: [Autotuner]: Saved 18 configs to /work/build/.cache/vllm/flashinfer_autotune_cache/0.6.14/121a/daf0dedb9834223b48906ec2beae5f781e7b49aed53b661ebdf60ab1d8e7fc0c/autotune_configs.json (18 new, 0 from previous config)
2026-07-18 00:23:28,241 - INFO - autotuner.py:1899 - flashinfer.jit: [Autotuner]: Loaded 18 configs from /work/build/.cache/vllm/flashinfer_autotune_cache/0.6.14/121a/daf0dedb9834223b48906ec2beae5f781e7b49aed53b661ebdf60ab1d8e7fc0c/autotune_configs.json
2026-07-18 00:23:28,450 - INFO - autotuner.py:651 - flashinfer.jit: [Autotuner]: Autotuning process starts ...
2026-07-18 00:23:34,511 - INFO - autotuner.py:674 - flashinfer.jit: [Autotuner]: Autotuning process ends
2026-07-18 00:26:24,870 - INFO - autotuner.py:1899 - flashinfer.jit: [Autotuner]: Loaded 18 configs from /work/build/.cache/vllm/flashinfer_autotune_cache/0.6.14/121a/daf0dedb9834223b48906ec2beae5f781e7b49aed53b661ebdf60ab1d8e7fc0c/autotune_configs.json
2026-07-18 00:26:24,871 - INFO - autotuner.py:651 - flashinfer.jit: [Autotuner]: Autotuning process starts ...
2026-07-18 00:26:24,973 - INFO - autotuner.py:1009 - flashinfer.jit: [Autotuner]: Config cache hit for sparse_mla_sm120_decode_dsv4 (runner=SparseMlaDecodeV3Runner, source=config file)
2026-07-18 00:26:29,010 - INFO - autotuner.py:674 - flashinfer.jit: [Autotuner]: Autotuning process ends
2026-07-18 00:26:29,019 - INFO - autotuner.py:1899 - flashinfer.jit: [Autotuner]: Loaded 18 configs from /work/build/.cache/vllm/flashinfer_autotune_cache/0.6.14/121a/daf0dedb9834223b48906ec2beae5f781e7b49aed53b661ebdf60ab1d8e7fc0c/autotune_configs.json
2026-07-18 00:26:29,218 - INFO - autotuner.py:651 - flashinfer.jit: [Autotuner]: Autotuning process starts ...
2026-07-18 00:26:34,812 - INFO - autotuner.py:674 - flashinfer.jit: [Autotuner]: Autotuning process ends
2026-07-18 00:50:46,522 - INFO - autotuner.py:1899 - flashinfer.jit: [Autotuner]: Loaded 18 configs from /work/build/.cache/vllm/flashinfer_autotune_cache/0.6.14/121a/daf0dedb9834223b48906ec2beae5f781e7b49aed53b661ebdf60ab1d8e7fc0c/autotune_configs.json
2026-07-18 00:50:46,522 - INFO - autotuner.py:651 - flashinfer.jit: [Autotuner]: Autotuning process starts ...
2026-07-18 00:50:46,624 - INFO - autotuner.py:1009 - flashinfer.jit: [Autotuner]: Config cache hit for sparse_mla_sm120_decode_dsv4 (runner=SparseMlaDecodeV3Runner, source=config file)
2026-07-18 00:50:50,617 - INFO - autotuner.py:674 - flashinfer.jit: [Autotuner]: Autotuning process ends
2026-07-18 00:50:50,630 - INFO - autotuner.py:1899 - flashinfer.jit: [Autotuner]: Loaded 18 configs from /work/build/.cache/vllm/flashinfer_autotune_cache/0.6.14/121a/daf0dedb9834223b48906ec2beae5f781e7b49aed53b661ebdf60ab1d8e7fc0c/autotune_configs.json
2026-07-18 00:50:50,832 - INFO - autotuner.py:651 - flashinfer.jit: [Autotuner]: Autotuning process starts ...
2026-07-18 00:50:56,455 - INFO - autotuner.py:674 - flashinfer.jit: [Autotuner]: Autotuning process ends
2026-07-18 00:54:17,440 - INFO - autotuner.py:1899 - flashinfer.jit: [Autotuner]: Loaded 18 configs from /work/build/.cache/vllm/flashinfer_autotune_cache/0.6.14/121a/daf0dedb9834223b48906ec2beae5f781e7b49aed53b661ebdf60ab1d8e7fc0c/autotune_configs.json
2026-07-18 00:54:17,440 - INFO - autotuner.py:651 - flashinfer.jit: [Autotuner]: Autotuning process starts ...
2026-07-18 00:54:17,525 - INFO - autotuner.py:1009 - flashinfer.jit: [Autotuner]: Config cache hit for sparse_mla_sm120_decode_dsv4 (runner=SparseMlaDecodeV3Runner, source=config file)
2026-07-18 00:54:21,126 - INFO - autotuner.py:674 - flashinfer.jit: [Autotuner]: Autotuning process ends
2026-07-18 00:54:21,142 - INFO - autotuner.py:1899 - flashinfer.jit: [Autotuner]: Loaded 18 configs from /work/build/.cache/vllm/flashinfer_autotune_cache/0.6.14/121a/daf0dedb9834223b48906ec2beae5f781e7b49aed53b661ebdf60ab1d8e7fc0c/autotune_configs.json
2026-07-18 00:54:21,225 - INFO - autotuner.py:651 - flashinfer.jit: [Autotuner]: Autotuning process starts ...
2026-07-18 00:54:26,824 - INFO - autotuner.py:674 - flashinfer.jit: [Autotuner]: Autotuning process ends
2026-07-18 00:58:35,072 - INFO - autotuner.py:651 - flashinfer.jit: [Autotuner]: Autotuning process starts ...
2026-07-18 00:58:39,226 - INFO - autotuner.py:674 - flashinfer.jit: [Autotuner]: Autotuning process ends
2026-07-18 00:58:39,233 - INFO - autotuner.py:1808 - flashinfer.jit: [Autotuner]: Saved 18 configs to /work/build/.cache/vllm/flashinfer_autotune_cache/0.6.14/121a/87590b40c1e14df59ee2c21ead8d62ef6ea407bd51ed8c1b68c6437b250842fc/autotune_configs.json (18 new, 0 from previous config)
2026-07-18 00:58:39,236 - INFO - autotuner.py:1899 - flashinfer.jit: [Autotuner]: Loaded 18 configs from /work/build/.cache/vllm/flashinfer_autotune_cache/0.6.14/121a/87590b40c1e14df59ee2c21ead8d62ef6ea407bd51ed8c1b68c6437b250842fc/autotune_configs.json
2026-07-18 00:58:39,369 - INFO - autotuner.py:651 - flashinfer.jit: [Autotuner]: Autotuning process starts ...
2026-07-18 00:58:44,956 - INFO - autotuner.py:674 - flashinfer.jit: [Autotuner]: Autotuning process ends
2026-07-18 01:36:31,340 - INFO - autotuner.py:651 - flashinfer.jit: [Autotuner]: Autotuning process starts ...
2026-07-18 01:36:36,161 - INFO - autotuner.py:674 - flashinfer.jit: [Autotuner]: Autotuning process ends
2026-07-18 01:36:36,167 - INFO - autotuner.py:1808 - flashinfer.jit: [Autotuner]: Saved 18 configs to /work/build/.cache/vllm/flashinfer_autotune_cache/0.6.14/121a/5fd01e60908c7e3105912f7e619057cd3f061fca07a61394c55792c90294413c/autotune_configs.json (18 new, 0 from previous config)
2026-07-18 01:36:36,171 - INFO - autotuner.py:1899 - flashinfer.jit: [Autotuner]: Loaded 18 configs from /work/build/.cache/vllm/flashinfer_autotune_cache/0.6.14/121a/5fd01e60908c7e3105912f7e619057cd3f061fca07a61394c55792c90294413c/autotune_configs.json
2026-07-18 01:36:36,346 - INFO - autotuner.py:651 - flashinfer.jit: [Autotuner]: Autotuning process starts ...
2026-07-18 01:36:42,414 - INFO - autotuner.py:674 - flashinfer.jit: [Autotuner]: Autotuning process ends
2026-07-18 01:39:16,644 - INFO - autotuner.py:1899 - flashinfer.jit: [Autotuner]: Loaded 18 configs from /work/build/.cache/vllm/flashinfer_autotune_cache/0.6.14/121a/5fd01e60908c7e3105912f7e619057cd3f061fca07a61394c55792c90294413c/autotune_configs.json
2026-07-18 01:39:16,644 - INFO - autotuner.py:651 - flashinfer.jit: [Autotuner]: Autotuning process starts ...
2026-07-18 01:39:16,726 - INFO - autotuner.py:1009 - flashinfer.jit: [Autotuner]: Config cache hit for sparse_mla_sm120_decode_dsv4 (runner=SparseMlaDecodeV3Runner, source=config file)
2026-07-18 01:39:19,921 - INFO - autotuner.py:674 - flashinfer.jit: [Autotuner]: Autotuning process ends
2026-07-18 01:39:19,936 - INFO - autotuner.py:1899 - flashinfer.jit: [Autotuner]: Loaded 18 configs from /work/build/.cache/vllm/flashinfer_autotune_cache/0.6.14/121a/5fd01e60908c7e3105912f7e619057cd3f061fca07a61394c55792c90294413c/autotune_configs.json
2026-07-18 01:39:20,022 - INFO - autotuner.py:651 - flashinfer.jit: [Autotuner]: Autotuning process starts ...
2026-07-18 01:39:25,596 - INFO - autotuner.py:674 - flashinfer.jit: [Autotuner]: Autotuning process ends
2026-07-18 01:48:44,618 - INFO - autotuner.py:1899 - flashinfer.jit: [Autotuner]: Loaded 18 configs from /work/build/.cache/vllm/flashinfer_autotune_cache/0.6.14/121a/5fd01e60908c7e3105912f7e619057cd3f061fca07a61394c55792c90294413c/autotune_configs.json
2026-07-18 01:48:44,618 - INFO - autotuner.py:651 - flashinfer.jit: [Autotuner]: Autotuning process starts ...
2026-07-18 01:48:44,701 - INFO - autotuner.py:1009 - flashinfer.jit: [Autotuner]: Config cache hit for sparse_mla_sm120_decode_dsv4 (runner=SparseMlaDecodeV3Runner, source=config file)
2026-07-18 01:48:47,938 - INFO - autotuner.py:674 - flashinfer.jit: [Autotuner]: Autotuning process ends
2026-07-18 01:48:47,943 - INFO - autotuner.py:1899 - flashinfer.jit: [Autotuner]: Loaded 18 configs from /work/build/.cache/vllm/flashinfer_autotune_cache/0.6.14/121a/5fd01e60908c7e3105912f7e619057cd3f061fca07a61394c55792c90294413c/autotune_configs.json
2026-07-18 01:48:48,038 - INFO - autotuner.py:651 - flashinfer.jit: [Autotuner]: Autotuning process starts ...
2026-07-18 01:48:53,647 - INFO - autotuner.py:674 - flashinfer.jit: [Autotuner]: Autotuning process ends
2026-07-18 02:02:09,642 - INFO - autotuner.py:651 - flashinfer.jit: [Autotuner]: Autotuning process starts ...
2026-07-18 02:02:13,748 - INFO - autotuner.py:674 - flashinfer.jit: [Autotuner]: Autotuning process ends
2026-07-18 02:02:13,754 - INFO - autotuner.py:1808 - flashinfer.jit: [Autotuner]: Saved 18 configs to /work/build/.cache/vllm/flashinfer_autotune_cache/0.6.14/121a/9795db2f8d235e35cd36066743bd4aaeb6ce5e1e7484031b664b26c0c86087fb/autotune_configs.json (18 new, 0 from previous config)
2026-07-18 02:02:13,758 - INFO - autotuner.py:1899 - flashinfer.jit: [Autotuner]: Loaded 18 configs from /work/build/.cache/vllm/flashinfer_autotune_cache/0.6.14/121a/9795db2f8d235e35cd36066743bd4aaeb6ce5e1e7484031b664b26c0c86087fb/autotune_configs.json
2026-07-18 02:02:13,860 - INFO - autotuner.py:651 - flashinfer.jit: [Autotuner]: Autotuning process starts ...
2026-07-18 02:02:19,464 - INFO - autotuner.py:674 - flashinfer.jit: [Autotuner]: Autotuning process ends
2026-07-18 02:06:02,027 - INFO - autotuner.py:1899 - flashinfer.jit: [Autotuner]: Loaded 18 configs from /work/build/.cache/vllm/flashinfer_autotune_cache/0.6.14/121a/9795db2f8d235e35cd36066743bd4aaeb6ce5e1e7484031b664b26c0c86087fb/autotune_configs.json
2026-07-18 02:06:02,027 - INFO - autotuner.py:651 - flashinfer.jit: [Autotuner]: Autotuning process starts ...
2026-07-18 02:06:02,116 - INFO - autotuner.py:1009 - flashinfer.jit: [Autotuner]: Config cache hit for sparse_mla_sm120_decode_dsv4 (runner=SparseMlaDecodeV3Runner, source=config file)
2026-07-18 02:06:05,366 - INFO - autotuner.py:674 - flashinfer.jit: [Autotuner]: Autotuning process ends
2026-07-18 02:06:05,372 - INFO - autotuner.py:1899 - flashinfer.jit: [Autotuner]: Loaded 18 configs from /work/build/.cache/vllm/flashinfer_autotune_cache/0.6.14/121a/9795db2f8d235e35cd36066743bd4aaeb6ce5e1e7484031b664b26c0c86087fb/autotune_configs.json
2026-07-18 02:06:05,462 - INFO - autotuner.py:651 - flashinfer.jit: [Autotuner]: Autotuning process starts ...
2026-07-18 02:06:11,037 - INFO - autotuner.py:674 - flashinfer.jit: [Autotuner]: Autotuning process ends
2026-07-18 02:09:21,015 - INFO - autotuner.py:1899 - flashinfer.jit: [Autotuner]: Loaded 18 configs from /work/build/.cache/vllm/flashinfer_autotune_cache/0.6.14/121a/5fd01e60908c7e3105912f7e619057cd3f061fca07a61394c55792c90294413c/autotune_configs.json
2026-07-18 02:09:21,015 - INFO - autotuner.py:651 - flashinfer.jit: [Autotuner]: Autotuning process starts ...
2026-07-18 02:09:21,160 - INFO - autotuner.py:1009 - flashinfer.jit: [Autotuner]: Config cache hit for sparse_mla_sm120_decode_dsv4 (runner=SparseMlaDecodeV3Runner, source=config file)
2026-07-18 02:09:25,248 - INFO - autotuner.py:674 - flashinfer.jit: [Autotuner]: Autotuning process ends
2026-07-18 02:09:25,252 - INFO - autotuner.py:1899 - flashinfer.jit: [Autotuner]: Loaded 18 configs from /work/build/.cache/vllm/flashinfer_autotune_cache/0.6.14/121a/5fd01e60908c7e3105912f7e619057cd3f061fca07a61394c55792c90294413c/autotune_configs.json
2026-07-18 02:09:25,587 - INFO - autotuner.py:651 - flashinfer.jit: [Autotuner]: Autotuning process starts ...
2026-07-18 02:09:29,787 - INFO - autotuner.py:1899 - flashinfer.jit: [Autotuner]: Loaded 18 configs from /work/build/.cache/vllm/flashinfer_autotune_cache/0.6.14/121a/5fd01e60908c7e3105912f7e619057cd3f061fca07a61394c55792c90294413c/autotune_configs.json
2026-07-18 02:09:29,787 - INFO - autotuner.py:651 - flashinfer.jit: [Autotuner]: Autotuning process starts ...
2026-07-18 02:09:29,925 - INFO - autotuner.py:1009 - flashinfer.jit: [Autotuner]: Config cache hit for sparse_mla_sm120_decode_dsv4 (runner=SparseMlaDecodeV3Runner, source=config file)
2026-07-18 02:09:33,912 - INFO - autotuner.py:674 - flashinfer.jit: [Autotuner]: Autotuning process ends
2026-07-18 02:09:33,917 - INFO - autotuner.py:1899 - flashinfer.jit: [Autotuner]: Loaded 18 configs from /work/build/.cache/vllm/flashinfer_autotune_cache/0.6.14/121a/5fd01e60908c7e3105912f7e619057cd3f061fca07a61394c55792c90294413c/autotune_configs.json
2026-07-18 02:09:34,206 - INFO - autotuner.py:674 - flashinfer.jit: [Autotuner]: Autotuning process ends
2026-07-18 02:09:34,238 - INFO - autotuner.py:651 - flashinfer.jit: [Autotuner]: Autotuning process starts ...
2026-07-18 02:09:44,516 - INFO - autotuner.py:674 - flashinfer.jit: [Autotuner]: Autotuning process ends
2026-07-18 02:25:02,377 - INFO - autotuner.py:1899 - flashinfer.jit: [Autotuner]: Loaded 18 configs from /work/build/.cache/vllm/flashinfer_autotune_cache/0.6.14/121a/9795db2f8d235e35cd36066743bd4aaeb6ce5e1e7484031b664b26c0c86087fb/autotune_configs.json
2026-07-18 02:25:02,378 - INFO - autotuner.py:651 - flashinfer.jit: [Autotuner]: Autotuning process starts ...
2026-07-18 02:25:02,521 - INFO - autotuner.py:1009 - flashinfer.jit: [Autotuner]: Config cache hit for sparse_mla_sm120_decode_dsv4 (runner=SparseMlaDecodeV3Runner, source=config file)
2026-07-18 02:25:03,589 - INFO - autotuner.py:1899 - flashinfer.jit: [Autotuner]: Loaded 18 configs from /work/build/.cache/vllm/flashinfer_autotune_cache/0.6.14/121a/5fd01e60908c7e3105912f7e619057cd3f061fca07a61394c55792c90294413c/autotune_configs.json
2026-07-18 02:25:03,589 - INFO - autotuner.py:651 - flashinfer.jit: [Autotuner]: Autotuning process starts ...
2026-07-18 02:25:03,670 - INFO - autotuner.py:1009 - flashinfer.jit: [Autotuner]: Config cache hit for sparse_mla_sm120_decode_dsv4 (runner=SparseMlaDecodeV3Runner, source=config file)
2026-07-18 02:25:05,986 - INFO - autotuner.py:674 - flashinfer.jit: [Autotuner]: Autotuning process ends
2026-07-18 02:25:05,993 - INFO - autotuner.py:1899 - flashinfer.jit: [Autotuner]: Loaded 18 configs from /work/build/.cache/vllm/flashinfer_autotune_cache/0.6.14/121a/9795db2f8d235e35cd36066743bd4aaeb6ce5e1e7484031b664b26c0c86087fb/autotune_configs.json
2026-07-18 02:25:06,097 - INFO - autotuner.py:651 - flashinfer.jit: [Autotuner]: Autotuning process starts ...
2026-07-18 02:25:07,503 - INFO - autotuner.py:674 - flashinfer.jit: [Autotuner]: Autotuning process ends
2026-07-18 02:25:07,509 - INFO - autotuner.py:1899 - flashinfer.jit: [Autotuner]: Loaded 18 configs from /work/build/.cache/vllm/flashinfer_autotune_cache/0.6.14/121a/5fd01e60908c7e3105912f7e619057cd3f061fca07a61394c55792c90294413c/autotune_configs.json
2026-07-18 02:25:07,852 - INFO - autotuner.py:651 - flashinfer.jit: [Autotuner]: Autotuning process starts ...
2026-07-18 02:25:18,288 - INFO - autotuner.py:674 - flashinfer.jit: [Autotuner]: Autotuning process ends
2026-07-18 02:25:20,655 - INFO - autotuner.py:674 - flashinfer.jit: [Autotuner]: Autotuning process ends
2026-07-18 02:28:04,433 - INFO - autotuner.py:1899 - flashinfer.jit: [Autotuner]: Loaded 18 configs from /work/build/.cache/vllm/flashinfer_autotune_cache/0.6.14/121a/9795db2f8d235e35cd36066743bd4aaeb6ce5e1e7484031b664b26c0c86087fb/autotune_configs.json
2026-07-18 02:28:04,433 - INFO - autotuner.py:651 - flashinfer.jit: [Autotuner]: Autotuning process starts ...
2026-07-18 02:28:04,522 - INFO - autotuner.py:1009 - flashinfer.jit: [Autotuner]: Config cache hit for sparse_mla_sm120_decode_dsv4 (runner=SparseMlaDecodeV3Runner, source=config file)
2026-07-18 02:28:07,776 - INFO - autotuner.py:674 - flashinfer.jit: [Autotuner]: Autotuning process ends
2026-07-18 02:28:07,790 - INFO - autotuner.py:1899 - flashinfer.jit: [Autotuner]: Loaded 18 configs from /work/build/.cache/vllm/flashinfer_autotune_cache/0.6.14/121a/9795db2f8d235e35cd36066743bd4aaeb6ce5e1e7484031b664b26c0c86087fb/autotune_configs.json
2026-07-18 02:28:07,875 - INFO - autotuner.py:651 - flashinfer.jit: [Autotuner]: Autotuning process starts ...
2026-07-18 02:28:13,512 - INFO - autotuner.py:674 - flashinfer.jit: [Autotuner]: Autotuning process ends
2026-07-18 02:32:41,807 - INFO - autotuner.py:1899 - flashinfer.jit: [Autotuner]: Loaded 18 configs from /work/build/.cache/vllm/flashinfer_autotune_cache/0.6.14/121a/5fd01e60908c7e3105912f7e619057cd3f061fca07a61394c55792c90294413c/autotune_configs.json
2026-07-18 02:32:41,807 - INFO - autotuner.py:651 - flashinfer.jit: [Autotuner]: Autotuning process starts ...
2026-07-18 02:32:41,892 - INFO - autotuner.py:1009 - flashinfer.jit: [Autotuner]: Config cache hit for sparse_mla_sm120_decode_dsv4 (runner=SparseMlaDecodeV3Runner, source=config file)
2026-07-18 02:32:45,053 - INFO - autotuner.py:674 - flashinfer.jit: [Autotuner]: Autotuning process ends
2026-07-18 02:32:45,059 - INFO - autotuner.py:1899 - flashinfer.jit: [Autotuner]: Loaded 18 configs from /work/build/.cache/vllm/flashinfer_autotune_cache/0.6.14/121a/5fd01e60908c7e3105912f7e619057cd3f061fca07a61394c55792c90294413c/autotune_configs.json
2026-07-18 02:32:45,153 - INFO - autotuner.py:651 - flashinfer.jit: [Autotuner]: Autotuning process starts ...
2026-07-18 02:32:50,747 - INFO - autotuner.py:674 - flashinfer.jit: [Autotuner]: Autotuning process ends
2026-07-18 02:52:28,727 - INFO - autotuner.py:1899 - flashinfer.jit: [Autotuner]: Loaded 18 configs from /work/build/.cache/vllm/flashinfer_autotune_cache/0.6.14/121a/5fd01e60908c7e3105912f7e619057cd3f061fca07a61394c55792c90294413c/autotune_configs.json
2026-07-18 02:52:28,728 - INFO - autotuner.py:651 - flashinfer.jit: [Autotuner]: Autotuning process starts ...
2026-07-18 02:52:28,814 - INFO - autotuner.py:1009 - flashinfer.jit: [Autotuner]: Config cache hit for sparse_mla_sm120_decode_dsv4 (runner=SparseMlaDecodeV3Runner, source=config file)
2026-07-18 02:52:32,025 - INFO - autotuner.py:674 - flashinfer.jit: [Autotuner]: Autotuning process ends
2026-07-18 02:52:32,031 - INFO - autotuner.py:1899 - flashinfer.jit: [Autotuner]: Loaded 18 configs from /work/build/.cache/vllm/flashinfer_autotune_cache/0.6.14/121a/5fd01e60908c7e3105912f7e619057cd3f061fca07a61394c55792c90294413c/autotune_configs.json
2026-07-18 02:52:32,122 - INFO - autotuner.py:651 - flashinfer.jit: [Autotuner]: Autotuning process starts ...
2026-07-18 02:52:37,707 - INFO - autotuner.py:674 - flashinfer.jit: [Autotuner]: Autotuning process ends
2026-07-18 02:55:46,910 - INFO - autotuner.py:1899 - flashinfer.jit: [Autotuner]: Loaded 18 configs from /work/build/.cache/vllm/flashinfer_autotune_cache/0.6.14/121a/5fd01e60908c7e3105912f7e619057cd3f061fca07a61394c55792c90294413c/autotune_configs.json
2026-07-18 02:55:46,910 - INFO - autotuner.py:651 - flashinfer.jit: [Autotuner]: Autotuning process starts ...
2026-07-18 02:55:47,073 - INFO - autotuner.py:1009 - flashinfer.jit: [Autotuner]: Config cache hit for sparse_mla_sm120_decode_dsv4 (runner=SparseMlaDecodeV3Runner, source=config file)
2026-07-18 02:55:51,282 - INFO - autotuner.py:674 - flashinfer.jit: [Autotuner]: Autotuning process ends
2026-07-18 02:55:51,296 - INFO - autotuner.py:1899 - flashinfer.jit: [Autotuner]: Loaded 18 configs from /work/build/.cache/vllm/flashinfer_autotune_cache/0.6.14/121a/5fd01e60908c7e3105912f7e619057cd3f061fca07a61394c55792c90294413c/autotune_configs.json
2026-07-18 02:55:51,644 - INFO - autotuner.py:651 - flashinfer.jit: [Autotuner]: Autotuning process starts ...
2026-07-18 02:56:05,691 - INFO - autotuner.py:674 - flashinfer.jit: [Autotuner]: Autotuning process ends
2026-07-18 03:15:48,954 - INFO - autotuner.py:1899 - flashinfer.jit: [Autotuner]: Loaded 18 configs from /work/build/.cache/vllm/flashinfer_autotune_cache/0.6.14/121a/5fd01e60908c7e3105912f7e619057cd3f061fca07a61394c55792c90294413c/autotune_configs.json
2026-07-18 03:15:48,954 - INFO - autotuner.py:651 - flashinfer.jit: [Autotuner]: Autotuning process starts ...
2026-07-18 03:15:49,057 - INFO - autotuner.py:1009 - flashinfer.jit: [Autotuner]: Config cache hit for sparse_mla_sm120_decode_dsv4 (runner=SparseMlaDecodeV3Runner, source=config file)
2026-07-18 03:15:52,266 - INFO - autotuner.py:674 - flashinfer.jit: [Autotuner]: Autotuning process ends
2026-07-18 03:15:52,282 - INFO - autotuner.py:1899 - flashinfer.jit: [Autotuner]: Loaded 18 configs from /work/build/.cache/vllm/flashinfer_autotune_cache/0.6.14/121a/5fd01e60908c7e3105912f7e619057cd3f061fca07a61394c55792c90294413c/autotune_configs.json
2026-07-18 03:15:52,385 - INFO - autotuner.py:651 - flashinfer.jit: [Autotuner]: Autotuning process starts ...
2026-07-18 03:15:57,947 - INFO - autotuner.py:674 - flashinfer.jit: [Autotuner]: Autotuning process ends
2026-07-18 03:32:28,216 - INFO - autotuner.py:1899 - flashinfer.jit: [Autotuner]: Loaded 18 configs from /work/build/.cache/vllm/flashinfer_autotune_cache/0.6.14/121a/5fd01e60908c7e3105912f7e619057cd3f061fca07a61394c55792c90294413c/autotune_configs.json
2026-07-18 03:32:28,216 - INFO - autotuner.py:651 - flashinfer.jit: [Autotuner]: Autotuning process starts ...
2026-07-18 03:32:28,303 - INFO - autotuner.py:1009 - flashinfer.jit: [Autotuner]: Config cache hit for sparse_mla_sm120_decode_dsv4 (runner=SparseMlaDecodeV3Runner, source=config file)
2026-07-18 03:32:31,547 - INFO - autotuner.py:674 - flashinfer.jit: [Autotuner]: Autotuning process ends
2026-07-18 03:32:31,552 - INFO - autotuner.py:1899 - flashinfer.jit: [Autotuner]: Loaded 18 configs from /work/build/.cache/vllm/flashinfer_autotune_cache/0.6.14/121a/5fd01e60908c7e3105912f7e619057cd3f061fca07a61394c55792c90294413c/autotune_configs.json
2026-07-18 03:32:31,646 - INFO - autotuner.py:651 - flashinfer.jit: [Autotuner]: Autotuning process starts ...
2026-07-18 03:32:37,268 - INFO - autotuner.py:674 - flashinfer.jit: [Autotuner]: Autotuning process ends
2026-07-18 04:25:51,775 - INFO - autotuner.py:1899 - flashinfer.jit: [Autotuner]: Loaded 18 configs from /work/build/.cache/vllm/flashinfer_autotune_cache/0.6.14/121a/5fd01e60908c7e3105912f7e619057cd3f061fca07a61394c55792c90294413c/autotune_configs.json
2026-07-18 04:25:51,775 - INFO - autotuner.py:651 - flashinfer.jit: [Autotuner]: Autotuning process starts ...
2026-07-18 04:25:51,912 - INFO - autotuner.py:1009 - flashinfer.jit: [Autotuner]: Config cache hit for sparse_mla_sm120_decode_dsv4 (runner=SparseMlaDecodeV3Runner, source=config file)
2026-07-18 04:25:55,259 - INFO - autotuner.py:674 - flashinfer.jit: [Autotuner]: Autotuning process ends
2026-07-18 04:25:55,282 - INFO - autotuner.py:1899 - flashinfer.jit: [Autotuner]: Loaded 18 configs from /work/build/.cache/vllm/flashinfer_autotune_cache/0.6.14/121a/5fd01e60908c7e3105912f7e619057cd3f061fca07a61394c55792c90294413c/autotune_configs.json
2026-07-18 04:25:55,390 - INFO - autotuner.py:651 - flashinfer.jit: [Autotuner]: Autotuning process starts ...
2026-07-18 04:26:00,971 - INFO - autotuner.py:674 - flashinfer.jit: [Autotuner]: Autotuning process ends
2026-07-18 04:58:56,581 - INFO - autotuner.py:1899 - flashinfer.jit: [Autotuner]: Loaded 18 configs from /work/build/.cache/vllm/flashinfer_autotune_cache/0.6.14/121a/5fd01e60908c7e3105912f7e619057cd3f061fca07a61394c55792c90294413c/autotune_configs.json
2026-07-18 04:58:56,582 - INFO - autotuner.py:651 - flashinfer.jit: [Autotuner]: Autotuning process starts ...
2026-07-18 04:58:56,720 - INFO - autotuner.py:1009 - flashinfer.jit: [Autotuner]: Config cache hit for sparse_mla_sm120_decode_dsv4 (runner=SparseMlaDecodeV3Runner, source=config file)
2026-07-18 04:59:00,348 - INFO - autotuner.py:674 - flashinfer.jit: [Autotuner]: Autotuning process ends
2026-07-18 04:59:00,356 - INFO - autotuner.py:1899 - flashinfer.jit: [Autotuner]: Loaded 18 configs from /work/build/.cache/vllm/flashinfer_autotune_cache/0.6.14/121a/5fd01e60908c7e3105912f7e619057cd3f061fca07a61394c55792c90294413c/autotune_configs.json
2026-07-18 04:59:00,479 - INFO - autotuner.py:651 - flashinfer.jit: [Autotuner]: Autotuning process starts ...
2026-07-18 04:59:06,053 - INFO - autotuner.py:674 - flashinfer.jit: [Autotuner]: Autotuning process ends
2026-07-18 05:09:38,405 - INFO - autotuner.py:1899 - flashinfer.jit: [Autotuner]: Loaded 18 configs from /work/build/.cache/vllm/flashinfer_autotune_cache/0.6.14/121a/5fd01e60908c7e3105912f7e619057cd3f061fca07a61394c55792c90294413c/autotune_configs.json
2026-07-18 05:09:38,405 - INFO - autotuner.py:1899 - flashinfer.jit: [Autotuner]: Loaded 18 configs from /work/build/.cache/vllm/flashinfer_autotune_cache/0.6.14/121a/5fd01e60908c7e3105912f7e619057cd3f061fca07a61394c55792c90294413c/autotune_configs.json
2026-07-18 05:09:38,405 - INFO - autotuner.py:651 - flashinfer.jit: [Autotuner]: Autotuning process starts ...
2026-07-18 05:09:38,405 - INFO - autotuner.py:651 - flashinfer.jit: [Autotuner]: Autotuning process starts ...
2026-07-18 05:09:38,525 - INFO - autotuner.py:1009 - flashinfer.jit: [Autotuner]: Config cache hit for sparse_mla_sm120_decode_dsv4 (runner=SparseMlaDecodeV3Runner, source=config file)
2026-07-18 05:09:38,571 - INFO - autotuner.py:1009 - flashinfer.jit: [Autotuner]: Config cache hit for sparse_mla_sm120_decode_dsv4 (runner=SparseMlaDecodeV3Runner, source=config file)
2026-07-18 05:09:42,456 - INFO - autotuner.py:674 - flashinfer.jit: [Autotuner]: Autotuning process ends
2026-07-18 05:09:42,466 - INFO - autotuner.py:1899 - flashinfer.jit: [Autotuner]: Loaded 18 configs from /work/build/.cache/vllm/flashinfer_autotune_cache/0.6.14/121a/5fd01e60908c7e3105912f7e619057cd3f061fca07a61394c55792c90294413c/autotune_configs.json
2026-07-18 05:09:42,477 - INFO - autotuner.py:674 - flashinfer.jit: [Autotuner]: Autotuning process ends
2026-07-18 05:09:42,482 - INFO - autotuner.py:1899 - flashinfer.jit: [Autotuner]: Loaded 18 configs from /work/build/.cache/vllm/flashinfer_autotune_cache/0.6.14/121a/5fd01e60908c7e3105912f7e619057cd3f061fca07a61394c55792c90294413c/autotune_configs.json
2026-07-18 05:09:42,738 - INFO - autotuner.py:651 - flashinfer.jit: [Autotuner]: Autotuning process starts ...
2026-07-18 05:09:42,739 - INFO - autotuner.py:651 - flashinfer.jit: [Autotuner]: Autotuning process starts ...
2026-07-18 05:09:55,630 - INFO - autotuner.py:674 - flashinfer.jit: [Autotuner]: Autotuning process ends
2026-07-18 05:09:55,714 - INFO - autotuner.py:674 - flashinfer.jit: [Autotuner]: Autotuning process ends
2026-07-18 05:25:32,003 - INFO - autotuner.py:1899 - flashinfer.jit: [Autotuner]: Loaded 18 configs from /work/build/.cache/vllm/flashinfer_autotune_cache/0.6.14/121a/5fd01e60908c7e3105912f7e619057cd3f061fca07a61394c55792c90294413c/autotune_configs.json
2026-07-18 05:25:32,004 - INFO - autotuner.py:651 - flashinfer.jit: [Autotuner]: Autotuning process starts ...
2026-07-18 05:25:32,111 - INFO - autotuner.py:1009 - flashinfer.jit: [Autotuner]: Config cache hit for sparse_mla_sm120_decode_dsv4 (runner=SparseMlaDecodeV3Runner, source=config file)
2026-07-18 05:25:35,328 - INFO - autotuner.py:674 - flashinfer.jit: [Autotuner]: Autotuning process ends
2026-07-18 05:25:35,345 - INFO - autotuner.py:1899 - flashinfer.jit: [Autotuner]: Loaded 18 configs from /work/build/.cache/vllm/flashinfer_autotune_cache/0.6.14/121a/5fd01e60908c7e3105912f7e619057cd3f061fca07a61394c55792c90294413c/autotune_configs.json
2026-07-18 05:25:35,446 - INFO - autotuner.py:651 - flashinfer.jit: [Autotuner]: Autotuning process starts ...
2026-07-18 05:25:41,034 - INFO - autotuner.py:674 - flashinfer.jit: [Autotuner]: Autotuning process ends
2026-07-18 05:33:07,254 - INFO - autotuner.py:1899 - flashinfer.jit: [Autotuner]: Loaded 18 configs from /work/build/.cache/vllm/flashinfer_autotune_cache/0.6.14/121a/5fd01e60908c7e3105912f7e619057cd3f061fca07a61394c55792c90294413c/autotune_configs.json
2026-07-18 05:33:07,256 - INFO - autotuner.py:651 - flashinfer.jit: [Autotuner]: Autotuning process starts ...
2026-07-18 05:33:07,379 - INFO - autotuner.py:1009 - flashinfer.jit: [Autotuner]: Config cache hit for sparse_mla_sm120_decode_dsv4 (runner=SparseMlaDecodeV3Runner, source=config file)
2026-07-18 05:33:10,717 - INFO - autotuner.py:674 - flashinfer.jit: [Autotuner]: Autotuning process ends
2026-07-18 05:33:10,736 - INFO - autotuner.py:1899 - flashinfer.jit: [Autotuner]: Loaded 18 configs from /work/build/.cache/vllm/flashinfer_autotune_cache/0.6.14/121a/5fd01e60908c7e3105912f7e619057cd3f061fca07a61394c55792c90294413c/autotune_configs.json
2026-07-18 05:33:10,837 - INFO - autotuner.py:651 - flashinfer.jit: [Autotuner]: Autotuning process starts ...
2026-07-18 05:33:16,425 - INFO - autotuner.py:674 - flashinfer.jit: [Autotuner]: Autotuning process ends
2026-07-18 06:06:42,667 - INFO - autotuner.py:1899 - flashinfer.jit: [Autotuner]: Loaded 18 configs from /work/build/.cache/vllm/flashinfer_autotune_cache/0.6.14/121a/5fd01e60908c7e3105912f7e619057cd3f061fca07a61394c55792c90294413c/autotune_configs.json
2026-07-18 06:06:42,669 - INFO - autotuner.py:651 - flashinfer.jit: [Autotuner]: Autotuning process starts ...
2026-07-18 06:06:42,808 - INFO - autotuner.py:1009 - flashinfer.jit: [Autotuner]: Config cache hit for sparse_mla_sm120_decode_dsv4 (runner=SparseMlaDecodeV3Runner, source=config file)
2026-07-18 06:06:46,168 - INFO - autotuner.py:674 - flashinfer.jit: [Autotuner]: Autotuning process ends
2026-07-18 06:06:46,188 - INFO - autotuner.py:1899 - flashinfer.jit: [Autotuner]: Loaded 18 configs from /work/build/.cache/vllm/flashinfer_autotune_cache/0.6.14/121a/5fd01e60908c7e3105912f7e619057cd3f061fca07a61394c55792c90294413c/autotune_configs.json
2026-07-18 06:06:46,293 - INFO - autotuner.py:651 - flashinfer.jit: [Autotuner]: Autotuning process starts ...
2026-07-18 06:06:51,942 - INFO - autotuner.py:674 - flashinfer.jit: [Autotuner]: Autotuning process ends
2026-07-18 10:19:59,466 - INFO - autotuner.py:651 - flashinfer.jit: [Autotuner]: Autotuning process starts ...
2026-07-18 10:20:03,708 - INFO - autotuner.py:674 - flashinfer.jit: [Autotuner]: Autotuning process ends
2026-07-18 10:20:03,748 - INFO - autotuner.py:1808 - flashinfer.jit: [Autotuner]: Saved 18 configs to /work/build/.cache/vllm/flashinfer_autotune_cache/0.6.14/121a/7e2fb0d356ac970b7b89016b58f11e4881b2ad6dd20b75e8316d67c8a1780c58/autotune_configs.json (18 new, 0 from previous config)
2026-07-18 10:20:03,755 - INFO - autotuner.py:1899 - flashinfer.jit: [Autotuner]: Loaded 18 configs from /work/build/.cache/vllm/flashinfer_autotune_cache/0.6.14/121a/7e2fb0d356ac970b7b89016b58f11e4881b2ad6dd20b75e8316d67c8a1780c58/autotune_configs.json
2026-07-18 10:20:03,881 - INFO - autotuner.py:651 - flashinfer.jit: [Autotuner]: Autotuning process starts ...
2026-07-18 10:20:09,668 - INFO - autotuner.py:674 - flashinfer.jit: [Autotuner]: Autotuning process ends
2026-07-18 10:29:04,785 - INFO - autotuner.py:1899 - flashinfer.jit: [Autotuner]: Loaded 18 configs from /work/build/.cache/vllm/flashinfer_autotune_cache/0.6.14/121a/5fd01e60908c7e3105912f7e619057cd3f061fca07a61394c55792c90294413c/autotune_configs.json
2026-07-18 10:29:04,785 - INFO - autotuner.py:651 - flashinfer.jit: [Autotuner]: Autotuning process starts ...
2026-07-18 10:29:04,903 - INFO - autotuner.py:1009 - flashinfer.jit: [Autotuner]: Config cache hit for sparse_mla_sm120_decode_dsv4 (runner=SparseMlaDecodeV3Runner, source=config file)
2026-07-18 10:29:08,194 - INFO - autotuner.py:674 - flashinfer.jit: [Autotuner]: Autotuning process ends
2026-07-18 10:29:08,210 - INFO - autotuner.py:1899 - flashinfer.jit: [Autotuner]: Loaded 18 configs from /work/build/.cache/vllm/flashinfer_autotune_cache/0.6.14/121a/5fd01e60908c7e3105912f7e619057cd3f061fca07a61394c55792c90294413c/autotune_configs.json
2026-07-18 10:29:08,350 - INFO - autotuner.py:651 - flashinfer.jit: [Autotuner]: Autotuning process starts ...
2026-07-18 10:29:14,176 - INFO - autotuner.py:674 - flashinfer.jit: [Autotuner]: Autotuning process ends
2026-07-18 11:06:09,819 - INFO - autotuner.py:1899 - flashinfer.jit: [Autotuner]: Loaded 18 configs from /work/build/.cache/vllm/flashinfer_autotune_cache/0.6.14/121a/7e2fb0d356ac970b7b89016b58f11e4881b2ad6dd20b75e8316d67c8a1780c58/autotune_configs.json
2026-07-18 11:06:09,819 - INFO - autotuner.py:651 - flashinfer.jit: [Autotuner]: Autotuning process starts ...
2026-07-18 11:06:09,941 - INFO - autotuner.py:1009 - flashinfer.jit: [Autotuner]: Config cache hit for sparse_mla_sm120_decode_dsv4 (runner=SparseMlaDecodeV3Runner, source=config file)
2026-07-18 11:06:13,252 - INFO - autotuner.py:674 - flashinfer.jit: [Autotuner]: Autotuning process ends
2026-07-18 11:06:13,257 - INFO - autotuner.py:1899 - flashinfer.jit: [Autotuner]: Loaded 18 configs from /work/build/.cache/vllm/flashinfer_autotune_cache/0.6.14/121a/7e2fb0d356ac970b7b89016b58f11e4881b2ad6dd20b75e8316d67c8a1780c58/autotune_configs.json
2026-07-18 11:06:13,403 - INFO - autotuner.py:651 - flashinfer.jit: [Autotuner]: Autotuning process starts ...
2026-07-18 11:06:19,209 - INFO - autotuner.py:674 - flashinfer.jit: [Autotuner]: Autotuning process ends
2026-07-18 11:09:20,115 - INFO - autotuner.py:1899 - flashinfer.jit: [Autotuner]: Loaded 18 configs from /work/build/.cache/vllm/flashinfer_autotune_cache/0.6.14/121a/5fd01e60908c7e3105912f7e619057cd3f061fca07a61394c55792c90294413c/autotune_configs.json
2026-07-18 11:09:20,116 - INFO - autotuner.py:651 - flashinfer.jit: [Autotuner]: Autotuning process starts ...
2026-07-18 11:09:20,251 - INFO - autotuner.py:1009 - flashinfer.jit: [Autotuner]: Config cache hit for sparse_mla_sm120_decode_dsv4 (runner=SparseMlaDecodeV3Runner, source=config file)
2026-07-18 11:09:23,742 - INFO - autotuner.py:674 - flashinfer.jit: [Autotuner]: Autotuning process ends
2026-07-18 11:09:23,758 - INFO - autotuner.py:1899 - flashinfer.jit: [Autotuner]: Loaded 18 configs from /work/build/.cache/vllm/flashinfer_autotune_cache/0.6.14/121a/5fd01e60908c7e3105912f7e619057cd3f061fca07a61394c55792c90294413c/autotune_configs.json
2026-07-18 11:09:23,922 - INFO - autotuner.py:651 - flashinfer.jit: [Autotuner]: Autotuning process starts ...
2026-07-18 11:09:29,687 - INFO - autotuner.py:674 - flashinfer.jit: [Autotuner]: Autotuning process ends
2026-07-18 11:11:45,491 - INFO - autotuner.py:1899 - flashinfer.jit: [Autotuner]: Loaded 18 configs from /work/build/.cache/vllm/flashinfer_autotune_cache/0.6.14/121a/7e2fb0d356ac970b7b89016b58f11e4881b2ad6dd20b75e8316d67c8a1780c58/autotune_configs.json
2026-07-18 11:11:45,491 - INFO - autotuner.py:651 - flashinfer.jit: [Autotuner]: Autotuning process starts ...
2026-07-18 11:11:45,610 - INFO - autotuner.py:1009 - flashinfer.jit: [Autotuner]: Config cache hit for sparse_mla_sm120_decode_dsv4 (runner=SparseMlaDecodeV3Runner, source=config file)
2026-07-18 11:11:49,044 - INFO - autotuner.py:674 - flashinfer.jit: [Autotuner]: Autotuning process ends
2026-07-18 11:11:49,061 - INFO - autotuner.py:1899 - flashinfer.jit: [Autotuner]: Loaded 18 configs from /work/build/.cache/vllm/flashinfer_autotune_cache/0.6.14/121a/7e2fb0d356ac970b7b89016b58f11e4881b2ad6dd20b75e8316d67c8a1780c58/autotune_configs.json
2026-07-18 11:11:49,189 - INFO - autotuner.py:651 - flashinfer.jit: [Autotuner]: Autotuning process starts ...
2026-07-18 11:11:54,952 - INFO - autotuner.py:674 - flashinfer.jit: [Autotuner]: Autotuning process ends
2026-07-18 11:24:06,260 - INFO - autotuner.py:651 - flashinfer.jit: [Autotuner]: Autotuning process starts ...
2026-07-18 11:24:10,439 - INFO - autotuner.py:674 - flashinfer.jit: [Autotuner]: Autotuning process ends
2026-07-18 11:24:10,455 - INFO - autotuner.py:1808 - flashinfer.jit: [Autotuner]: Saved 18 configs to /work/build/.cache/vllm/flashinfer_autotune_cache/0.6.14/121a/e528088bf2df5515939855f340585a9c4906ca2444c8fa1db8342d53f9582925/autotune_configs.json (18 new, 0 from previous config)
2026-07-18 11:24:10,460 - INFO - autotuner.py:1899 - flashinfer.jit: [Autotuner]: Loaded 18 configs from /work/build/.cache/vllm/flashinfer_autotune_cache/0.6.14/121a/e528088bf2df5515939855f340585a9c4906ca2444c8fa1db8342d53f9582925/autotune_configs.json
2026-07-18 11:24:10,558 - INFO - autotuner.py:651 - flashinfer.jit: [Autotuner]: Autotuning process starts ...
2026-07-18 11:24:16,532 - INFO - autotuner.py:674 - flashinfer.jit: [Autotuner]: Autotuning process ends
2026-07-18 12:04:21,696 - INFO - autotuner.py:651 - flashinfer.jit: [Autotuner]: Autotuning process starts ...
2026-07-18 12:04:26,049 - INFO - autotuner.py:674 - flashinfer.jit: [Autotuner]: Autotuning process ends
2026-07-18 12:04:26,065 - INFO - autotuner.py:1808 - flashinfer.jit: [Autotuner]: Saved 18 configs to /work/build/.cache/vllm/flashinfer_autotune_cache/0.6.14/121a/0af24237d28b539371d322acb8997755fa17cdd3af230f1131279ad5071ca43d/autotune_configs.json (18 new, 0 from previous config)
2026-07-18 12:04:26,070 - INFO - autotuner.py:1899 - flashinfer.jit: [Autotuner]: Loaded 18 configs from /work/build/.cache/vllm/flashinfer_autotune_cache/0.6.14/121a/0af24237d28b539371d322acb8997755fa17cdd3af230f1131279ad5071ca43d/autotune_configs.json
2026-07-18 12:04:26,289 - INFO - autotuner.py:651 - flashinfer.jit: [Autotuner]: Autotuning process starts ...
2026-07-18 12:04:48,096 - INFO - autotuner.py:674 - flashinfer.jit: [Autotuner]: Autotuning process ends
2026-07-18 12:17:04,876 - INFO - autotuner.py:1899 - flashinfer.jit: [Autotuner]: Loaded 18 configs from /work/build/.cache/vllm/flashinfer_autotune_cache/0.6.14/121a/0af24237d28b539371d322acb8997755fa17cdd3af230f1131279ad5071ca43d/autotune_configs.json
2026-07-18 12:17:04,876 - INFO - autotuner.py:651 - flashinfer.jit: [Autotuner]: Autotuning process starts ...
2026-07-18 12:17:04,991 - INFO - autotuner.py:1009 - flashinfer.jit: [Autotuner]: Config cache hit for sparse_mla_sm120_decode_dsv4 (runner=SparseMlaDecodeV3Runner, source=config file)
2026-07-18 12:17:08,308 - INFO - autotuner.py:674 - flashinfer.jit: [Autotuner]: Autotuning process ends
2026-07-18 12:17:08,316 - INFO - autotuner.py:1899 - flashinfer.jit: [Autotuner]: Loaded 18 configs from /work/build/.cache/vllm/flashinfer_autotune_cache/0.6.14/121a/0af24237d28b539371d322acb8997755fa17cdd3af230f1131279ad5071ca43d/autotune_configs.json
2026-07-18 12:17:08,547 - INFO - autotuner.py:651 - flashinfer.jit: [Autotuner]: Autotuning process starts ...
2026-07-18 12:17:31,055 - INFO - autotuner.py:674 - flashinfer.jit: [Autotuner]: Autotuning process ends
2026-07-18 12:28:25,269 - INFO - autotuner.py:1899 - flashinfer.jit: [Autotuner]: Loaded 18 configs from /work/build/.cache/vllm/flashinfer_autotune_cache/0.6.14/121a/0af24237d28b539371d322acb8997755fa17cdd3af230f1131279ad5071ca43d/autotune_configs.json
2026-07-18 12:28:25,269 - INFO - autotuner.py:651 - flashinfer.jit: [Autotuner]: Autotuning process starts ...
2026-07-18 12:28:25,386 - INFO - autotuner.py:1009 - flashinfer.jit: [Autotuner]: Config cache hit for sparse_mla_sm120_decode_dsv4 (runner=SparseMlaDecodeV3Runner, source=config file)
2026-07-18 12:28:28,868 - INFO - autotuner.py:674 - flashinfer.jit: [Autotuner]: Autotuning process ends
2026-07-18 12:28:28,880 - INFO - autotuner.py:1899 - flashinfer.jit: [Autotuner]: Loaded 18 configs from /work/build/.cache/vllm/flashinfer_autotune_cache/0.6.14/121a/0af24237d28b539371d322acb8997755fa17cdd3af230f1131279ad5071ca43d/autotune_configs.json
2026-07-18 12:28:29,098 - INFO - autotuner.py:651 - flashinfer.jit: [Autotuner]: Autotuning process starts ...
2026-07-18 12:28:51,525 - INFO - autotuner.py:674 - flashinfer.jit: [Autotuner]: Autotuning process ends
2026-07-18 12:40:00,150 - INFO - autotuner.py:1899 - flashinfer.jit: [Autotuner]: Loaded 18 configs from /work/build/.cache/vllm/flashinfer_autotune_cache/0.6.14/121a/0af24237d28b539371d322acb8997755fa17cdd3af230f1131279ad5071ca43d/autotune_configs.json
2026-07-18 12:40:00,151 - INFO - autotuner.py:651 - flashinfer.jit: [Autotuner]: Autotuning process starts ...
2026-07-18 12:40:00,267 - INFO - autotuner.py:1009 - flashinfer.jit: [Autotuner]: Config cache hit for sparse_mla_sm120_decode_dsv4 (runner=SparseMlaDecodeV3Runner, source=config file)
2026-07-18 12:40:03,581 - INFO - autotuner.py:674 - flashinfer.jit: [Autotuner]: Autotuning process ends
2026-07-18 12:40:03,586 - INFO - autotuner.py:1899 - flashinfer.jit: [Autotuner]: Loaded 18 configs from /work/build/.cache/vllm/flashinfer_autotune_cache/0.6.14/121a/0af24237d28b539371d322acb8997755fa17cdd3af230f1131279ad5071ca43d/autotune_configs.json
2026-07-18 12:40:03,809 - INFO - autotuner.py:651 - flashinfer.jit: [Autotuner]: Autotuning process starts ...
2026-07-18 12:40:25,463 - INFO - autotuner.py:674 - flashinfer.jit: [Autotuner]: Autotuning process ends
2026-07-18 13:22:27,243 - INFO - autotuner.py:651 - flashinfer.jit: [Autotuner]: Autotuning process starts ...
2026-07-18 13:22:31,563 - INFO - autotuner.py:674 - flashinfer.jit: [Autotuner]: Autotuning process ends
2026-07-18 13:22:31,578 - INFO - autotuner.py:1808 - flashinfer.jit: [Autotuner]: Saved 18 configs to /work/build/.cache/vllm/flashinfer_autotune_cache/0.6.14/121a/bcc9447ae77a4df06e73dfd7373c587f463f0b711e12fcdb0f9f9972cd45ea0b/autotune_configs.json (18 new, 0 from previous config)
2026-07-18 13:22:31,584 - INFO - autotuner.py:1899 - flashinfer.jit: [Autotuner]: Loaded 18 configs from /work/build/.cache/vllm/flashinfer_autotune_cache/0.6.14/121a/bcc9447ae77a4df06e73dfd7373c587f463f0b711e12fcdb0f9f9972cd45ea0b/autotune_configs.json
2026-07-18 13:22:31,803 - INFO - autotuner.py:651 - flashinfer.jit: [Autotuner]: Autotuning process starts ...
2026-07-18 13:22:53,714 - INFO - autotuner.py:674 - flashinfer.jit: [Autotuner]: Autotuning process ends
2026-07-18 13:47:25,988 - INFO - autotuner.py:651 - flashinfer.jit: [Autotuner]: Autotuning process starts ...
2026-07-18 13:47:30,222 - INFO - autotuner.py:674 - flashinfer.jit: [Autotuner]: Autotuning process ends
2026-07-18 13:47:30,238 - INFO - autotuner.py:1808 - flashinfer.jit: [Autotuner]: Saved 18 configs to /work/build/.cache/vllm/flashinfer_autotune_cache/0.6.14/121a/67759ad82857464020049b1d301b4b261bb8b3367d015dc934160cedfc395469/autotune_configs.json (18 new, 0 from previous config)
2026-07-18 13:47:30,242 - INFO - autotuner.py:1899 - flashinfer.jit: [Autotuner]: Loaded 18 configs from /work/build/.cache/vllm/flashinfer_autotune_cache/0.6.14/121a/67759ad82857464020049b1d301b4b261bb8b3367d015dc934160cedfc395469/autotune_configs.json
2026-07-18 13:47:31,278 - INFO - autotuner.py:651 - flashinfer.jit: [Autotuner]: Autotuning process starts ...
2026-07-18 13:48:57,050 - INFO - autotuner.py:674 - flashinfer.jit: [Autotuner]: Autotuning process ends
2026-07-18 13:57:32,239 - INFO - autotuner.py:1899 - flashinfer.jit: [Autotuner]: Loaded 18 configs from /work/build/.cache/vllm/flashinfer_autotune_cache/0.6.14/121a/67759ad82857464020049b1d301b4b261bb8b3367d015dc934160cedfc395469/autotune_configs.json
2026-07-18 13:57:32,239 - INFO - autotuner.py:651 - flashinfer.jit: [Autotuner]: Autotuning process starts ...
2026-07-18 13:57:32,364 - INFO - autotuner.py:1009 - flashinfer.jit: [Autotuner]: Config cache hit for sparse_mla_sm120_decode_dsv4 (runner=SparseMlaDecodeV3Runner, source=config file)
2026-07-18 13:57:35,760 - INFO - autotuner.py:674 - flashinfer.jit: [Autotuner]: Autotuning process ends
2026-07-18 13:57:35,767 - INFO - autotuner.py:1899 - flashinfer.jit: [Autotuner]: Loaded 18 configs from /work/build/.cache/vllm/flashinfer_autotune_cache/0.6.14/121a/67759ad82857464020049b1d301b4b261bb8b3367d015dc934160cedfc395469/autotune_configs.json
2026-07-18 13:57:36,815 - INFO - autotuner.py:651 - flashinfer.jit: [Autotuner]: Autotuning process starts ...
2026-07-18 13:59:03,673 - INFO - autotuner.py:674 - flashinfer.jit: [Autotuner]: Autotuning process ends
2026-07-18 14:07:14,182 - INFO - autotuner.py:651 - flashinfer.jit: [Autotuner]: Autotuning process starts ...
2026-07-18 14:07:18,455 - INFO - autotuner.py:674 - flashinfer.jit: [Autotuner]: Autotuning process ends
2026-07-18 14:07:18,472 - INFO - autotuner.py:1808 - flashinfer.jit: [Autotuner]: Saved 18 configs to /work/build/.cache/vllm/flashinfer_autotune_cache/0.6.14/121a/36ac803258ea28c155c2c18f329c608c6c2e706d8c054248b99ac89d3f8727ec/autotune_configs.json (18 new, 0 from previous config)
2026-07-18 14:07:18,477 - INFO - autotuner.py:1899 - flashinfer.jit: [Autotuner]: Loaded 18 configs from /work/build/.cache/vllm/flashinfer_autotune_cache/0.6.14/121a/36ac803258ea28c155c2c18f329c608c6c2e706d8c054248b99ac89d3f8727ec/autotune_configs.json
2026-07-18 14:07:19,534 - INFO - autotuner.py:651 - flashinfer.jit: [Autotuner]: Autotuning process starts ...
2026-07-18 14:08:46,068 - INFO - autotuner.py:674 - flashinfer.jit: [Autotuner]: Autotuning process ends
2026-07-18 14:15:55,368 - INFO - autotuner.py:1899 - flashinfer.jit: [Autotuner]: Loaded 18 configs from /work/build/.cache/vllm/flashinfer_autotune_cache/0.6.14/121a/5fd01e60908c7e3105912f7e619057cd3f061fca07a61394c55792c90294413c/autotune_configs.json
2026-07-18 14:15:55,369 - INFO - autotuner.py:651 - flashinfer.jit: [Autotuner]: Autotuning process starts ...
2026-07-18 14:15:55,452 - INFO - autotuner.py:1009 - flashinfer.jit: [Autotuner]: Config cache hit for sparse_mla_sm120_decode_dsv4 (runner=SparseMlaDecodeV3Runner, source=config file)
2026-07-18 14:15:58,715 - INFO - autotuner.py:674 - flashinfer.jit: [Autotuner]: Autotuning process ends
2026-07-18 14:15:58,730 - INFO - autotuner.py:1899 - flashinfer.jit: [Autotuner]: Loaded 18 configs from /work/build/.cache/vllm/flashinfer_autotune_cache/0.6.14/121a/5fd01e60908c7e3105912f7e619057cd3f061fca07a61394c55792c90294413c/autotune_configs.json
2026-07-18 14:15:58,808 - INFO - autotuner.py:651 - flashinfer.jit: [Autotuner]: Autotuning process starts ...
2026-07-18 14:16:04,544 - INFO - autotuner.py:674 - flashinfer.jit: [Autotuner]: Autotuning process ends
2026-07-18 15:37:47,669 - INFO - autotuner.py:651 - flashinfer.jit: [Autotuner]: Autotuning process starts ...
2026-07-18 15:37:51,943 - INFO - autotuner.py:674 - flashinfer.jit: [Autotuner]: Autotuning process ends
2026-07-18 15:37:51,962 - INFO - autotuner.py:1808 - flashinfer.jit: [Autotuner]: Saved 18 configs to /work/build/.cache/vllm/flashinfer_autotune_cache/0.6.14/121a/145d88f9f1c2aeafb931e5454acd0030e318c02aab6eae75fda6b69bba55b4c6/autotune_configs.json (18 new, 0 from previous config)
2026-07-18 15:37:51,968 - INFO - autotuner.py:1899 - flashinfer.jit: [Autotuner]: Loaded 18 configs from /work/build/.cache/vllm/flashinfer_autotune_cache/0.6.14/121a/145d88f9f1c2aeafb931e5454acd0030e318c02aab6eae75fda6b69bba55b4c6/autotune_configs.json
2026-07-18 15:37:52,066 - INFO - autotuner.py:651 - flashinfer.jit: [Autotuner]: Autotuning process starts ...
2026-07-18 15:37:58,243 - INFO - autotuner.py:674 - flashinfer.jit: [Autotuner]: Autotuning process ends
2026-07-18 15:50:12,440 - INFO - autotuner.py:1899 - flashinfer.jit: [Autotuner]: Loaded 18 configs from /work/build/.cache/vllm/flashinfer_autotune_cache/0.6.14/121a/e528088bf2df5515939855f340585a9c4906ca2444c8fa1db8342d53f9582925/autotune_configs.json
2026-07-18 15:50:12,440 - INFO - autotuner.py:651 - flashinfer.jit: [Autotuner]: Autotuning process starts ...
2026-07-18 15:50:12,542 - INFO - autotuner.py:1009 - flashinfer.jit: [Autotuner]: Config cache hit for sparse_mla_sm120_decode_dsv4 (runner=SparseMlaDecodeV3Runner, source=config file)
2026-07-18 15:50:15,845 - INFO - autotuner.py:674 - flashinfer.jit: [Autotuner]: Autotuning process ends
2026-07-18 15:50:15,852 - INFO - autotuner.py:1899 - flashinfer.jit: [Autotuner]: Loaded 18 configs from /work/build/.cache/vllm/flashinfer_autotune_cache/0.6.14/121a/e528088bf2df5515939855f340585a9c4906ca2444c8fa1db8342d53f9582925/autotune_configs.json
2026-07-18 15:50:15,970 - INFO - autotuner.py:651 - flashinfer.jit: [Autotuner]: Autotuning process starts ...
2026-07-18 15:50:22,097 - INFO - autotuner.py:674 - flashinfer.jit: [Autotuner]: Autotuning process ends
2026-07-18 15:59:29,020 - INFO - autotuner.py:1899 - flashinfer.jit: [Autotuner]: Loaded 18 configs from /work/build/.cache/vllm/flashinfer_autotune_cache/0.6.14/121a/145d88f9f1c2aeafb931e5454acd0030e318c02aab6eae75fda6b69bba55b4c6/autotune_configs.json
2026-07-18 15:59:29,021 - INFO - autotuner.py:651 - flashinfer.jit: [Autotuner]: Autotuning process starts ...
2026-07-18 15:59:29,136 - INFO - autotuner.py:1009 - flashinfer.jit: [Autotuner]: Config cache hit for sparse_mla_sm120_decode_dsv4 (runner=SparseMlaDecodeV3Runner, source=config file)
2026-07-18 15:59:32,507 - INFO - autotuner.py:674 - flashinfer.jit: [Autotuner]: Autotuning process ends
2026-07-18 15:59:32,514 - INFO - autotuner.py:1899 - flashinfer.jit: [Autotuner]: Loaded 18 configs from /work/build/.cache/vllm/flashinfer_autotune_cache/0.6.14/121a/145d88f9f1c2aeafb931e5454acd0030e318c02aab6eae75fda6b69bba55b4c6/autotune_configs.json
2026-07-18 15:59:32,606 - INFO - autotuner.py:651 - flashinfer.jit: [Autotuner]: Autotuning process starts ...
2026-07-18 15:59:38,640 - INFO - autotuner.py:674 - flashinfer.jit: [Autotuner]: Autotuning process ends
2026-07-18 16:09:36,439 - INFO - autotuner.py:1899 - flashinfer.jit: [Autotuner]: Loaded 18 configs from /work/build/.cache/vllm/flashinfer_autotune_cache/0.6.14/121a/145d88f9f1c2aeafb931e5454acd0030e318c02aab6eae75fda6b69bba55b4c6/autotune_configs.json
2026-07-18 16:09:36,439 - INFO - autotuner.py:651 - flashinfer.jit: [Autotuner]: Autotuning process starts ...
2026-07-18 16:09:36,543 - INFO - autotuner.py:1009 - flashinfer.jit: [Autotuner]: Config cache hit for sparse_mla_sm120_decode_dsv4 (runner=SparseMlaDecodeV3Runner, source=config file)
2026-07-18 16:09:39,881 - INFO - autotuner.py:674 - flashinfer.jit: [Autotuner]: Autotuning process ends
2026-07-18 16:09:39,886 - INFO - autotuner.py:1899 - flashinfer.jit: [Autotuner]: Loaded 18 configs from /work/build/.cache/vllm/flashinfer_autotune_cache/0.6.14/121a/145d88f9f1c2aeafb931e5454acd0030e318c02aab6eae75fda6b69bba55b4c6/autotune_configs.json
2026-07-18 16:09:39,984 - INFO - autotuner.py:651 - flashinfer.jit: [Autotuner]: Autotuning process starts ...
2026-07-18 16:09:46,076 - INFO - autotuner.py:674 - flashinfer.jit: [Autotuner]: Autotuning process ends
2026-07-18 16:20:17,763 - INFO - autotuner.py:1899 - flashinfer.jit: [Autotuner]: Loaded 18 configs from /work/build/.cache/vllm/flashinfer_autotune_cache/0.6.14/121a/145d88f9f1c2aeafb931e5454acd0030e318c02aab6eae75fda6b69bba55b4c6/autotune_configs.json
2026-07-18 16:20:17,763 - INFO - autotuner.py:651 - flashinfer.jit: [Autotuner]: Autotuning process starts ...
2026-07-18 16:20:17,873 - INFO - autotuner.py:1009 - flashinfer.jit: [Autotuner]: Config cache hit for sparse_mla_sm120_decode_dsv4 (runner=SparseMlaDecodeV3Runner, source=config file)
2026-07-18 16:20:21,151 - INFO - autotuner.py:674 - flashinfer.jit: [Autotuner]: Autotuning process ends
2026-07-18 16:20:21,156 - INFO - autotuner.py:1899 - flashinfer.jit: [Autotuner]: Loaded 18 configs from /work/build/.cache/vllm/flashinfer_autotune_cache/0.6.14/121a/145d88f9f1c2aeafb931e5454acd0030e318c02aab6eae75fda6b69bba55b4c6/autotune_configs.json
2026-07-18 16:20:21,251 - INFO - autotuner.py:651 - flashinfer.jit: [Autotuner]: Autotuning process starts ...
2026-07-18 16:20:27,319 - INFO - autotuner.py:674 - flashinfer.jit: [Autotuner]: Autotuning process ends
2026-07-18 16:34:46,298 - INFO - autotuner.py:1899 - flashinfer.jit: [Autotuner]: Loaded 18 configs from /work/build/.cache/vllm/flashinfer_autotune_cache/0.6.14/121a/145d88f9f1c2aeafb931e5454acd0030e318c02aab6eae75fda6b69bba55b4c6/autotune_configs.json
2026-07-18 16:34:46,298 - INFO - autotuner.py:651 - flashinfer.jit: [Autotuner]: Autotuning process starts ...
2026-07-18 16:34:46,413 - INFO - autotuner.py:1009 - flashinfer.jit: [Autotuner]: Config cache hit for sparse_mla_sm120_decode_dsv4 (runner=SparseMlaDecodeV3Runner, source=config file)
2026-07-18 16:34:49,715 - INFO - autotuner.py:674 - flashinfer.jit: [Autotuner]: Autotuning process ends
2026-07-18 16:34:49,721 - INFO - autotuner.py:1899 - flashinfer.jit: [Autotuner]: Loaded 18 configs from /work/build/.cache/vllm/flashinfer_autotune_cache/0.6.14/121a/145d88f9f1c2aeafb931e5454acd0030e318c02aab6eae75fda6b69bba55b4c6/autotune_configs.json
2026-07-18 16:34:49,815 - INFO - autotuner.py:651 - flashinfer.jit: [Autotuner]: Autotuning process starts ...
2026-07-18 16:34:55,791 - INFO - autotuner.py:674 - flashinfer.jit: [Autotuner]: Autotuning process ends
2026-07-18 17:03:09,811 - INFO - autotuner.py:1899 - flashinfer.jit: [Autotuner]: Loaded 18 configs from /work/build/.cache/vllm/flashinfer_autotune_cache/0.6.14/121a/145d88f9f1c2aeafb931e5454acd0030e318c02aab6eae75fda6b69bba55b4c6/autotune_configs.json
2026-07-18 17:03:09,811 - INFO - autotuner.py:651 - flashinfer.jit: [Autotuner]: Autotuning process starts ...
2026-07-18 17:03:09,911 - INFO - autotuner.py:1009 - flashinfer.jit: [Autotuner]: Config cache hit for sparse_mla_sm120_decode_dsv4 (runner=SparseMlaDecodeV3Runner, source=config file)
2026-07-18 17:03:13,238 - INFO - autotuner.py:674 - flashinfer.jit: [Autotuner]: Autotuning process ends
2026-07-18 17:03:13,253 - INFO - autotuner.py:1899 - flashinfer.jit: [Autotuner]: Loaded 18 configs from /work/build/.cache/vllm/flashinfer_autotune_cache/0.6.14/121a/145d88f9f1c2aeafb931e5454acd0030e318c02aab6eae75fda6b69bba55b4c6/autotune_configs.json
2026-07-18 17:03:13,329 - INFO - autotuner.py:651 - flashinfer.jit: [Autotuner]: Autotuning process starts ...
2026-07-18 17:03:19,639 - INFO - autotuner.py:674 - flashinfer.jit: [Autotuner]: Autotuning process ends
2026-07-18 17:27:43,479 - INFO - autotuner.py:1899 - flashinfer.jit: [Autotuner]: Loaded 18 configs from /work/build/.cache/vllm/flashinfer_autotune_cache/0.6.14/121a/145d88f9f1c2aeafb931e5454acd0030e318c02aab6eae75fda6b69bba55b4c6/autotune_configs.json
2026-07-18 17:27:43,480 - INFO - autotuner.py:651 - flashinfer.jit: [Autotuner]: Autotuning process starts ...
2026-07-18 17:27:43,597 - INFO - autotuner.py:1009 - flashinfer.jit: [Autotuner]: Config cache hit for sparse_mla_sm120_decode_dsv4 (runner=SparseMlaDecodeV3Runner, source=config file)
2026-07-18 17:27:46,721 - INFO - autotuner.py:674 - flashinfer.jit: [Autotuner]: Autotuning process ends
2026-07-18 17:27:46,727 - INFO - autotuner.py:1899 - flashinfer.jit: [Autotuner]: Loaded 18 configs from /work/build/.cache/vllm/flashinfer_autotune_cache/0.6.14/121a/145d88f9f1c2aeafb931e5454acd0030e318c02aab6eae75fda6b69bba55b4c6/autotune_configs.json
2026-07-18 17:27:46,823 - INFO - autotuner.py:651 - flashinfer.jit: [Autotuner]: Autotuning process starts ...
2026-07-18 17:27:52,785 - INFO - autotuner.py:674 - flashinfer.jit: [Autotuner]: Autotuning process ends
2026-07-18 17:49:00,419 - INFO - autotuner.py:1899 - flashinfer.jit: [Autotuner]: Loaded 18 configs from /work/build/.cache/vllm/flashinfer_autotune_cache/0.6.14/121a/145d88f9f1c2aeafb931e5454acd0030e318c02aab6eae75fda6b69bba55b4c6/autotune_configs.json
2026-07-18 17:49:00,419 - INFO - autotuner.py:651 - flashinfer.jit: [Autotuner]: Autotuning process starts ...
2026-07-18 17:49:00,534 - INFO - autotuner.py:1009 - flashinfer.jit: [Autotuner]: Config cache hit for sparse_mla_sm120_decode_dsv4 (runner=SparseMlaDecodeV3Runner, source=config file)
2026-07-18 17:49:03,709 - INFO - autotuner.py:674 - flashinfer.jit: [Autotuner]: Autotuning process ends
2026-07-18 17:49:03,716 - INFO - autotuner.py:1899 - flashinfer.jit: [Autotuner]: Loaded 18 configs from /work/build/.cache/vllm/flashinfer_autotune_cache/0.6.14/121a/145d88f9f1c2aeafb931e5454acd0030e318c02aab6eae75fda6b69bba55b4c6/autotune_configs.json
2026-07-18 17:49:03,809 - INFO - autotuner.py:651 - flashinfer.jit: [Autotuner]: Autotuning process starts ...
2026-07-18 17:49:09,803 - INFO - autotuner.py:674 - flashinfer.jit: [Autotuner]: Autotuning process ends
2026-07-18 18:10:47,143 - INFO - autotuner.py:651 - flashinfer.jit: [Autotuner]: Autotuning process starts ...
2026-07-18 18:10:51,010 - INFO - autotuner.py:674 - flashinfer.jit: [Autotuner]: Autotuning process ends
2026-07-18 18:10:51,017 - INFO - autotuner.py:1808 - flashinfer.jit: [Autotuner]: Saved 18 configs to /work/build/.cache/vllm/flashinfer_autotune_cache/0.6.14/121a/7838c7199f8632b739f51be82cdcc8c7a16b7b1e954cc6360d4d5db6dd0a9b84/autotune_configs.json (18 new, 0 from previous config)
2026-07-18 18:10:51,020 - INFO - autotuner.py:1899 - flashinfer.jit: [Autotuner]: Loaded 18 configs from /work/build/.cache/vllm/flashinfer_autotune_cache/0.6.14/121a/7838c7199f8632b739f51be82cdcc8c7a16b7b1e954cc6360d4d5db6dd0a9b84/autotune_configs.json
2026-07-18 18:10:51,111 - INFO - autotuner.py:651 - flashinfer.jit: [Autotuner]: Autotuning process starts ...
2026-07-18 18:10:57,207 - INFO - autotuner.py:674 - flashinfer.jit: [Autotuner]: Autotuning process ends
2026-07-18 18:18:26,976 - INFO - autotuner.py:1899 - flashinfer.jit: [Autotuner]: Loaded 18 configs from /work/build/.cache/vllm/flashinfer_autotune_cache/0.6.14/121a/145d88f9f1c2aeafb931e5454acd0030e318c02aab6eae75fda6b69bba55b4c6/autotune_configs.json
2026-07-18 18:18:26,976 - INFO - autotuner.py:651 - flashinfer.jit: [Autotuner]: Autotuning process starts ...
2026-07-18 18:18:27,067 - INFO - autotuner.py:1009 - flashinfer.jit: [Autotuner]: Config cache hit for sparse_mla_sm120_decode_dsv4 (runner=SparseMlaDecodeV3Runner, source=config file)
2026-07-18 18:18:30,171 - INFO - autotuner.py:674 - flashinfer.jit: [Autotuner]: Autotuning process ends
2026-07-18 18:18:30,176 - INFO - autotuner.py:1899 - flashinfer.jit: [Autotuner]: Loaded 18 configs from /work/build/.cache/vllm/flashinfer_autotune_cache/0.6.14/121a/145d88f9f1c2aeafb931e5454acd0030e318c02aab6eae75fda6b69bba55b4c6/autotune_configs.json
2026-07-18 18:18:30,250 - INFO - autotuner.py:651 - flashinfer.jit: [Autotuner]: Autotuning process starts ...
2026-07-18 18:18:36,314 - INFO - autotuner.py:674 - flashinfer.jit: [Autotuner]: Autotuning process ends
2026-07-18 18:49:00,419 - INFO - autotuner.py:1899 - flashinfer.jit: [Autotuner]: Loaded 18 configs from /work/build/.cache/vllm/flashinfer_autotune_cache/0.6.14/121a/145d88f9f1c2aeafb931e5454acd0030e318c02aab6eae75fda6b69bba55b4c6/autotune_configs.json
2026-07-18 18:49:00,420 - INFO - autotuner.py:651 - flashinfer.jit: [Autotuner]: Autotuning process starts ...
2026-07-18 18:49:00,578 - INFO - autotuner.py:1009 - flashinfer.jit: [Autotuner]: Config cache hit for sparse_mla_sm120_decode_dsv4 (runner=SparseMlaDecodeV3Runner, source=config file)
2026-07-18 18:49:03,761 - INFO - autotuner.py:674 - flashinfer.jit: [Autotuner]: Autotuning process ends
2026-07-18 18:49:03,776 - INFO - autotuner.py:1899 - flashinfer.jit: [Autotuner]: Loaded 18 configs from /work/build/.cache/vllm/flashinfer_autotune_cache/0.6.14/121a/145d88f9f1c2aeafb931e5454acd0030e318c02aab6eae75fda6b69bba55b4c6/autotune_configs.json
2026-07-18 18:49:03,889 - INFO - autotuner.py:651 - flashinfer.jit: [Autotuner]: Autotuning process starts ...
2026-07-18 18:49:10,942 - INFO - autotuner.py:674 - flashinfer.jit: [Autotuner]: Autotuning process ends
2026-07-18 19:02:33,232 - INFO - autotuner.py:1899 - flashinfer.jit: [Autotuner]: Loaded 18 configs from /work/build/.cache/vllm/flashinfer_autotune_cache/0.6.14/121a/145d88f9f1c2aeafb931e5454acd0030e318c02aab6eae75fda6b69bba55b4c6/autotune_configs.json
2026-07-18 19:02:33,233 - INFO - autotuner.py:651 - flashinfer.jit: [Autotuner]: Autotuning process starts ...
2026-07-18 19:02:33,366 - INFO - autotuner.py:1009 - flashinfer.jit: [Autotuner]: Config cache hit for sparse_mla_sm120_decode_dsv4 (runner=SparseMlaDecodeV3Runner, source=config file)
2026-07-18 19:02:36,614 - INFO - autotuner.py:674 - flashinfer.jit: [Autotuner]: Autotuning process ends
2026-07-18 19:02:36,622 - INFO - autotuner.py:1899 - flashinfer.jit: [Autotuner]: Loaded 18 configs from /work/build/.cache/vllm/flashinfer_autotune_cache/0.6.14/121a/145d88f9f1c2aeafb931e5454acd0030e318c02aab6eae75fda6b69bba55b4c6/autotune_configs.json
2026-07-18 19:02:36,732 - INFO - autotuner.py:651 - flashinfer.jit: [Autotuner]: Autotuning process starts ...
2026-07-18 19:02:42,843 - INFO - autotuner.py:674 - flashinfer.jit: [Autotuner]: Autotuning process ends
2026-07-18 19:27:13,071 - INFO - autotuner.py:651 - flashinfer.jit: [Autotuner]: Autotuning process starts ...
2026-07-18 19:27:17,264 - INFO - autotuner.py:674 - flashinfer.jit: [Autotuner]: Autotuning process ends
2026-07-18 19:27:17,282 - INFO - autotuner.py:1808 - flashinfer.jit: [Autotuner]: Saved 18 configs to /work/build/.cache/vllm/flashinfer_autotune_cache/0.6.14/121a/4dd23b285a75dd2a8a6396e4064fc0ad0b98b60d973efdbca54811b5ed60ae30/autotune_configs.json (18 new, 0 from previous config)
2026-07-18 19:27:17,291 - INFO - autotuner.py:1899 - flashinfer.jit: [Autotuner]: Loaded 18 configs from /work/build/.cache/vllm/flashinfer_autotune_cache/0.6.14/121a/4dd23b285a75dd2a8a6396e4064fc0ad0b98b60d973efdbca54811b5ed60ae30/autotune_configs.json
2026-07-18 19:27:17,389 - INFO - autotuner.py:651 - flashinfer.jit: [Autotuner]: Autotuning process starts ...
2026-07-18 19:27:23,212 - INFO - autotuner.py:674 - flashinfer.jit: [Autotuner]: Autotuning process ends
2026-07-18 19:45:20,545 - INFO - autotuner.py:1899 - flashinfer.jit: [Autotuner]: Loaded 18 configs from /work/build/.cache/vllm/flashinfer_autotune_cache/0.6.14/121a/145d88f9f1c2aeafb931e5454acd0030e318c02aab6eae75fda6b69bba55b4c6/autotune_configs.json
2026-07-18 19:45:20,546 - INFO - autotuner.py:651 - flashinfer.jit: [Autotuner]: Autotuning process starts ...
2026-07-18 19:45:20,683 - INFO - autotuner.py:1009 - flashinfer.jit: [Autotuner]: Config cache hit for sparse_mla_sm120_decode_dsv4 (runner=SparseMlaDecodeV3Runner, source=config file)
2026-07-18 19:45:23,949 - INFO - autotuner.py:674 - flashinfer.jit: [Autotuner]: Autotuning process ends
2026-07-18 19:45:23,960 - INFO - autotuner.py:1899 - flashinfer.jit: [Autotuner]: Loaded 18 configs from /work/build/.cache/vllm/flashinfer_autotune_cache/0.6.14/121a/145d88f9f1c2aeafb931e5454acd0030e318c02aab6eae75fda6b69bba55b4c6/autotune_configs.json
2026-07-18 19:45:24,071 - INFO - autotuner.py:651 - flashinfer.jit: [Autotuner]: Autotuning process starts ...
2026-07-18 19:45:30,095 - INFO - autotuner.py:674 - flashinfer.jit: [Autotuner]: Autotuning process ends
2026-07-18 19:58:00,623 - INFO - autotuner.py:651 - flashinfer.jit: [Autotuner]: Autotuning process starts ...
2026-07-18 19:58:06,782 - INFO - autotuner.py:674 - flashinfer.jit: [Autotuner]: Autotuning process ends
2026-07-18 19:58:06,789 - INFO - autotuner.py:1808 - flashinfer.jit: [Autotuner]: Saved 18 configs to /work/build/.cache/vllm/flashinfer_autotune_cache/0.6.14/121a/3a8aedac158c9a88e29eabf08e6d380cdab40f51529e6ec9209767aff3e52bf2/autotune_configs.json (18 new, 0 from previous config)
2026-07-18 19:58:06,794 - INFO - autotuner.py:1899 - flashinfer.jit: [Autotuner]: Loaded 18 configs from /work/build/.cache/vllm/flashinfer_autotune_cache/0.6.14/121a/3a8aedac158c9a88e29eabf08e6d380cdab40f51529e6ec9209767aff3e52bf2/autotune_configs.json
2026-07-18 19:58:06,885 - INFO - autotuner.py:651 - flashinfer.jit: [Autotuner]: Autotuning process starts ...
2026-07-18 19:58:12,894 - INFO - autotuner.py:674 - flashinfer.jit: [Autotuner]: Autotuning process ends
2026-07-18 20:19:12,167 - INFO - autotuner.py:651 - flashinfer.jit: [Autotuner]: Autotuning process starts ...
2026-07-18 20:19:16,212 - INFO - autotuner.py:674 - flashinfer.jit: [Autotuner]: Autotuning process ends
2026-07-18 20:19:16,228 - INFO - autotuner.py:1808 - flashinfer.jit: [Autotuner]: Saved 18 configs to /work/build/.cache/vllm/flashinfer_autotune_cache/0.6.14/121a/51a795d4418d7767ffad826578737298569f264badf668e35a732d2797071db3/autotune_configs.json (18 new, 0 from previous config)
2026-07-18 20:19:16,240 - INFO - autotuner.py:1899 - flashinfer.jit: [Autotuner]: Loaded 18 configs from /work/build/.cache/vllm/flashinfer_autotune_cache/0.6.14/121a/51a795d4418d7767ffad826578737298569f264badf668e35a732d2797071db3/autotune_configs.json
2026-07-18 20:19:16,351 - INFO - autotuner.py:651 - flashinfer.jit: [Autotuner]: Autotuning process starts ...
2026-07-18 20:19:22,626 - INFO - autotuner.py:674 - flashinfer.jit: [Autotuner]: Autotuning process ends
2026-07-18 20:32:14,215 - INFO - autotuner.py:1899 - flashinfer.jit: [Autotuner]: Loaded 18 configs from /work/build/.cache/vllm/flashinfer_autotune_cache/0.6.14/121a/3a8aedac158c9a88e29eabf08e6d380cdab40f51529e6ec9209767aff3e52bf2/autotune_configs.json
2026-07-18 20:32:14,216 - INFO - autotuner.py:651 - flashinfer.jit: [Autotuner]: Autotuning process starts ...
2026-07-18 20:32:14,336 - INFO - autotuner.py:1009 - flashinfer.jit: [Autotuner]: Config cache hit for sparse_mla_sm120_decode_dsv4 (runner=SparseMlaDecodeV3Runner, source=config file)
2026-07-18 20:32:17,559 - INFO - autotuner.py:674 - flashinfer.jit: [Autotuner]: Autotuning process ends
2026-07-18 20:32:17,567 - INFO - autotuner.py:1899 - flashinfer.jit: [Autotuner]: Loaded 18 configs from /work/build/.cache/vllm/flashinfer_autotune_cache/0.6.14/121a/3a8aedac158c9a88e29eabf08e6d380cdab40f51529e6ec9209767aff3e52bf2/autotune_configs.json
2026-07-18 20:32:17,660 - INFO - autotuner.py:651 - flashinfer.jit: [Autotuner]: Autotuning process starts ...
2026-07-18 20:32:23,777 - INFO - autotuner.py:674 - flashinfer.jit: [Autotuner]: Autotuning process ends
2026-07-18 20:43:55,828 - INFO - autotuner.py:651 - flashinfer.jit: [Autotuner]: Autotuning process starts ...
2026-07-18 20:43:59,840 - INFO - autotuner.py:674 - flashinfer.jit: [Autotuner]: Autotuning process ends
2026-07-18 20:43:59,857 - INFO - autotuner.py:1808 - flashinfer.jit: [Autotuner]: Saved 18 configs to /work/build/.cache/vllm/flashinfer_autotune_cache/0.6.14/121a/ea894f3915f2d213be21208779b2766f533309536b68af637b34de77c2b9a679/autotune_configs.json (18 new, 0 from previous config)
2026-07-18 20:43:59,863 - INFO - autotuner.py:1899 - flashinfer.jit: [Autotuner]: Loaded 18 configs from /work/build/.cache/vllm/flashinfer_autotune_cache/0.6.14/121a/ea894f3915f2d213be21208779b2766f533309536b68af637b34de77c2b9a679/autotune_configs.json
2026-07-18 20:43:59,957 - INFO - autotuner.py:651 - flashinfer.jit: [Autotuner]: Autotuning process starts ...
2026-07-18 20:44:06,148 - INFO - autotuner.py:674 - flashinfer.jit: [Autotuner]: Autotuning process ends
2026-07-18 20:51:05,533 - INFO - autotuner.py:1899 - flashinfer.jit: [Autotuner]: Loaded 18 configs from /work/build/.cache/vllm/flashinfer_autotune_cache/0.6.14/121a/3a8aedac158c9a88e29eabf08e6d380cdab40f51529e6ec9209767aff3e52bf2/autotune_configs.json
2026-07-18 20:51:05,534 - INFO - autotuner.py:651 - flashinfer.jit: [Autotuner]: Autotuning process starts ...
2026-07-18 20:51:05,642 - INFO - autotuner.py:1009 - flashinfer.jit: [Autotuner]: Config cache hit for sparse_mla_sm120_decode_dsv4 (runner=SparseMlaDecodeV3Runner, source=config file)
2026-07-18 20:51:08,669 - INFO - autotuner.py:674 - flashinfer.jit: [Autotuner]: Autotuning process ends
2026-07-18 20:51:08,674 - INFO - autotuner.py:1899 - flashinfer.jit: [Autotuner]: Loaded 18 configs from /work/build/.cache/vllm/flashinfer_autotune_cache/0.6.14/121a/3a8aedac158c9a88e29eabf08e6d380cdab40f51529e6ec9209767aff3e52bf2/autotune_configs.json
2026-07-18 20:51:08,768 - INFO - autotuner.py:651 - flashinfer.jit: [Autotuner]: Autotuning process starts ...
2026-07-18 20:51:14,784 - INFO - autotuner.py:674 - flashinfer.jit: [Autotuner]: Autotuning process ends
2026-07-18 21:26:56,047 - INFO - autotuner.py:1899 - flashinfer.jit: [Autotuner]: Loaded 18 configs from /work/build/.cache/vllm/flashinfer_autotune_cache/0.6.14/121a/3a8aedac158c9a88e29eabf08e6d380cdab40f51529e6ec9209767aff3e52bf2/autotune_configs.json
2026-07-18 21:26:56,047 - INFO - autotuner.py:651 - flashinfer.jit: [Autotuner]: Autotuning process starts ...
2026-07-18 21:26:56,210 - INFO - autotuner.py:1009 - flashinfer.jit: [Autotuner]: Config cache hit for sparse_mla_sm120_decode_dsv4 (runner=SparseMlaDecodeV3Runner, source=config file)
2026-07-18 21:26:59,435 - INFO - autotuner.py:674 - flashinfer.jit: [Autotuner]: Autotuning process ends
2026-07-18 21:26:59,448 - INFO - autotuner.py:1899 - flashinfer.jit: [Autotuner]: Loaded 18 configs from /work/build/.cache/vllm/flashinfer_autotune_cache/0.6.14/121a/3a8aedac158c9a88e29eabf08e6d380cdab40f51529e6ec9209767aff3e52bf2/autotune_configs.json
2026-07-18 21:26:59,559 - INFO - autotuner.py:651 - flashinfer.jit: [Autotuner]: Autotuning process starts ...
2026-07-18 21:27:05,585 - INFO - autotuner.py:674 - flashinfer.jit: [Autotuner]: Autotuning process ends
2026-07-18 22:21:44,247 - INFO - autotuner.py:1899 - flashinfer.jit: [Autotuner]: Loaded 18 configs from /work/build/.cache/vllm/flashinfer_autotune_cache/0.6.14/121a/5fd01e60908c7e3105912f7e619057cd3f061fca07a61394c55792c90294413c/autotune_configs.json
2026-07-18 22:21:44,248 - INFO - autotuner.py:651 - flashinfer.jit: [Autotuner]: Autotuning process starts ...
2026-07-18 22:21:44,361 - INFO - autotuner.py:1009 - flashinfer.jit: [Autotuner]: Config cache hit for sparse_mla_sm120_decode_dsv4 (runner=SparseMlaDecodeV3Runner, source=config file)
2026-07-18 22:21:47,607 - INFO - autotuner.py:674 - flashinfer.jit: [Autotuner]: Autotuning process ends
2026-07-18 22:21:47,615 - INFO - autotuner.py:1899 - flashinfer.jit: [Autotuner]: Loaded 18 configs from /work/build/.cache/vllm/flashinfer_autotune_cache/0.6.14/121a/5fd01e60908c7e3105912f7e619057cd3f061fca07a61394c55792c90294413c/autotune_configs.json
2026-07-18 22:21:47,734 - INFO - autotuner.py:651 - flashinfer.jit: [Autotuner]: Autotuning process starts ...
2026-07-18 22:21:53,326 - INFO - autotuner.py:674 - flashinfer.jit: [Autotuner]: Autotuning process ends
2026-07-18 23:21:08,786 - INFO - autotuner.py:1899 - flashinfer.jit: [Autotuner]: Loaded 18 configs from /work/build/.cache/vllm/flashinfer_autotune_cache/0.6.14/121a/ea894f3915f2d213be21208779b2766f533309536b68af637b34de77c2b9a679/autotune_configs.json
2026-07-18 23:21:08,786 - INFO - autotuner.py:651 - flashinfer.jit: [Autotuner]: Autotuning process starts ...
2026-07-18 23:21:08,966 - INFO - autotuner.py:1009 - flashinfer.jit: [Autotuner]: Config cache hit for sparse_mla_sm120_decode_dsv4 (runner=SparseMlaDecodeV3Runner, source=config file)
2026-07-18 23:21:12,035 - INFO - autotuner.py:674 - flashinfer.jit: [Autotuner]: Autotuning process ends
2026-07-18 23:21:12,048 - INFO - autotuner.py:1899 - flashinfer.jit: [Autotuner]: Loaded 18 configs from /work/build/.cache/vllm/flashinfer_autotune_cache/0.6.14/121a/ea894f3915f2d213be21208779b2766f533309536b68af637b34de77c2b9a679/autotune_configs.json
2026-07-18 23:21:12,148 - INFO - autotuner.py:651 - flashinfer.jit: [Autotuner]: Autotuning process starts ...
2026-07-18 23:21:18,218 - INFO - autotuner.py:674 - flashinfer.jit: [Autotuner]: Autotuning process ends
2026-07-18 23:34:54,148 - INFO - autotuner.py:1899 - flashinfer.jit: [Autotuner]: Loaded 18 configs from /work/build/.cache/vllm/flashinfer_autotune_cache/0.6.14/121a/5fd01e60908c7e3105912f7e619057cd3f061fca07a61394c55792c90294413c/autotune_configs.json
2026-07-18 23:34:54,149 - INFO - autotuner.py:651 - flashinfer.jit: [Autotuner]: Autotuning process starts ...
2026-07-18 23:34:54,267 - INFO - autotuner.py:1009 - flashinfer.jit: [Autotuner]: Config cache hit for sparse_mla_sm120_decode_dsv4 (runner=SparseMlaDecodeV3Runner, source=config file)
2026-07-18 23:34:57,607 - INFO - autotuner.py:674 - flashinfer.jit: [Autotuner]: Autotuning process ends
2026-07-18 23:34:57,621 - INFO - autotuner.py:1899 - flashinfer.jit: [Autotuner]: Loaded 18 configs from /work/build/.cache/vllm/flashinfer_autotune_cache/0.6.14/121a/5fd01e60908c7e3105912f7e619057cd3f061fca07a61394c55792c90294413c/autotune_configs.json
2026-07-18 23:34:57,763 - INFO - autotuner.py:651 - flashinfer.jit: [Autotuner]: Autotuning process starts ...
2026-07-18 23:35:03,370 - INFO - autotuner.py:674 - flashinfer.jit: [Autotuner]: Autotuning process ends
2026-07-19 01:11:31,161 - INFO - autotuner.py:1899 - flashinfer.jit: [Autotuner]: Loaded 18 configs from /work/build/.cache/vllm/flashinfer_autotune_cache/0.6.14/121a/ea894f3915f2d213be21208779b2766f533309536b68af637b34de77c2b9a679/autotune_configs.json
2026-07-19 01:11:31,162 - INFO - autotuner.py:651 - flashinfer.jit: [Autotuner]: Autotuning process starts ...
2026-07-19 01:11:31,349 - INFO - autotuner.py:1009 - flashinfer.jit: [Autotuner]: Config cache hit for sparse_mla_sm120_decode_dsv4 (runner=SparseMlaDecodeV3Runner, source=config file)
2026-07-19 01:11:34,470 - INFO - autotuner.py:674 - flashinfer.jit: [Autotuner]: Autotuning process ends
2026-07-19 01:11:34,484 - INFO - autotuner.py:1899 - flashinfer.jit: [Autotuner]: Loaded 18 configs from /work/build/.cache/vllm/flashinfer_autotune_cache/0.6.14/121a/ea894f3915f2d213be21208779b2766f533309536b68af637b34de77c2b9a679/autotune_configs.json
2026-07-19 01:11:34,576 - INFO - autotuner.py:651 - flashinfer.jit: [Autotuner]: Autotuning process starts ...
2026-07-19 01:11:40,708 - INFO - autotuner.py:674 - flashinfer.jit: [Autotuner]: Autotuning process ends
2026-07-19 01:26:22,845 - INFO - autotuner.py:1899 - flashinfer.jit: [Autotuner]: Loaded 18 configs from /work/build/.cache/vllm/flashinfer_autotune_cache/0.6.14/121a/ea894f3915f2d213be21208779b2766f533309536b68af637b34de77c2b9a679/autotune_configs.json
2026-07-19 01:26:22,847 - INFO - autotuner.py:651 - flashinfer.jit: [Autotuner]: Autotuning process starts ...
2026-07-19 01:26:23,035 - INFO - autotuner.py:1009 - flashinfer.jit: [Autotuner]: Config cache hit for sparse_mla_sm120_decode_dsv4 (runner=SparseMlaDecodeV3Runner, source=config file)
2026-07-19 01:26:26,287 - INFO - autotuner.py:674 - flashinfer.jit: [Autotuner]: Autotuning process ends
2026-07-19 01:26:26,300 - INFO - autotuner.py:1899 - flashinfer.jit: [Autotuner]: Loaded 18 configs from /work/build/.cache/vllm/flashinfer_autotune_cache/0.6.14/121a/ea894f3915f2d213be21208779b2766f533309536b68af637b34de77c2b9a679/autotune_configs.json
2026-07-19 01:26:26,394 - INFO - autotuner.py:651 - flashinfer.jit: [Autotuner]: Autotuning process starts ...
2026-07-19 01:26:32,706 - INFO - autotuner.py:674 - flashinfer.jit: [Autotuner]: Autotuning process ends
2026-07-19 01:40:01,049 - INFO - autotuner.py:1899 - flashinfer.jit: [Autotuner]: Loaded 18 configs from /work/build/.cache/vllm/flashinfer_autotune_cache/0.6.14/121a/ea894f3915f2d213be21208779b2766f533309536b68af637b34de77c2b9a679/autotune_configs.json
2026-07-19 01:40:01,050 - INFO - autotuner.py:651 - flashinfer.jit: [Autotuner]: Autotuning process starts ...
2026-07-19 01:40:01,203 - INFO - autotuner.py:1009 - flashinfer.jit: [Autotuner]: Config cache hit for sparse_mla_sm120_decode_dsv4 (runner=SparseMlaDecodeV3Runner, source=config file)
2026-07-19 01:40:04,415 - INFO - autotuner.py:674 - flashinfer.jit: [Autotuner]: Autotuning process ends
2026-07-19 01:40:04,424 - INFO - autotuner.py:1899 - flashinfer.jit: [Autotuner]: Loaded 18 configs from /work/build/.cache/vllm/flashinfer_autotune_cache/0.6.14/121a/ea894f3915f2d213be21208779b2766f533309536b68af637b34de77c2b9a679/autotune_configs.json
2026-07-19 01:40:04,522 - INFO - autotuner.py:651 - flashinfer.jit: [Autotuner]: Autotuning process starts ...
2026-07-19 01:40:10,558 - INFO - autotuner.py:674 - flashinfer.jit: [Autotuner]: Autotuning process ends
2026-07-19 02:01:13,104 - INFO - autotuner.py:1899 - flashinfer.jit: [Autotuner]: Loaded 18 configs from /work/build/.cache/vllm/flashinfer_autotune_cache/0.6.14/121a/ea894f3915f2d213be21208779b2766f533309536b68af637b34de77c2b9a679/autotune_configs.json
2026-07-19 02:01:13,105 - INFO - autotuner.py:651 - flashinfer.jit: [Autotuner]: Autotuning process starts ...
2026-07-19 02:01:13,228 - INFO - autotuner.py:1009 - flashinfer.jit: [Autotuner]: Config cache hit for sparse_mla_sm120_decode_dsv4 (runner=SparseMlaDecodeV3Runner, source=config file)
2026-07-19 02:01:16,371 - INFO - autotuner.py:674 - flashinfer.jit: [Autotuner]: Autotuning process ends
2026-07-19 02:01:16,381 - INFO - autotuner.py:1899 - flashinfer.jit: [Autotuner]: Loaded 18 configs from /work/build/.cache/vllm/flashinfer_autotune_cache/0.6.14/121a/ea894f3915f2d213be21208779b2766f533309536b68af637b34de77c2b9a679/autotune_configs.json
2026-07-19 02:01:16,481 - INFO - autotuner.py:651 - flashinfer.jit: [Autotuner]: Autotuning process starts ...
2026-07-19 02:01:22,534 - INFO - autotuner.py:674 - flashinfer.jit: [Autotuner]: Autotuning process ends
2026-07-19 02:21:18,804 - INFO - autotuner.py:1899 - flashinfer.jit: [Autotuner]: Loaded 18 configs from /work/build/.cache/vllm/flashinfer_autotune_cache/0.6.14/121a/ea894f3915f2d213be21208779b2766f533309536b68af637b34de77c2b9a679/autotune_configs.json
2026-07-19 02:21:18,804 - INFO - autotuner.py:651 - flashinfer.jit: [Autotuner]: Autotuning process starts ...
2026-07-19 02:21:18,912 - INFO - autotuner.py:1009 - flashinfer.jit: [Autotuner]: Config cache hit for sparse_mla_sm120_decode_dsv4 (runner=SparseMlaDecodeV3Runner, source=config file)
2026-07-19 02:21:21,928 - INFO - autotuner.py:674 - flashinfer.jit: [Autotuner]: Autotuning process ends
2026-07-19 02:21:21,933 - INFO - autotuner.py:1899 - flashinfer.jit: [Autotuner]: Loaded 18 configs from /work/build/.cache/vllm/flashinfer_autotune_cache/0.6.14/121a/ea894f3915f2d213be21208779b2766f533309536b68af637b34de77c2b9a679/autotune_configs.json
2026-07-19 02:21:22,025 - INFO - autotuner.py:651 - flashinfer.jit: [Autotuner]: Autotuning process starts ...
2026-07-19 02:21:28,214 - INFO - autotuner.py:674 - flashinfer.jit: [Autotuner]: Autotuning process ends
2026-07-19 02:28:39,415 - INFO - autotuner.py:1899 - flashinfer.jit: [Autotuner]: Loaded 18 configs from /work/build/.cache/vllm/flashinfer_autotune_cache/0.6.14/121a/ea894f3915f2d213be21208779b2766f533309536b68af637b34de77c2b9a679/autotune_configs.json
2026-07-19 02:28:39,415 - INFO - autotuner.py:651 - flashinfer.jit: [Autotuner]: Autotuning process starts ...
2026-07-19 02:28:39,524 - INFO - autotuner.py:1009 - flashinfer.jit: [Autotuner]: Config cache hit for sparse_mla_sm120_decode_dsv4 (runner=SparseMlaDecodeV3Runner, source=config file)
2026-07-19 02:28:42,495 - INFO - autotuner.py:674 - flashinfer.jit: [Autotuner]: Autotuning process ends
2026-07-19 02:28:42,501 - INFO - autotuner.py:1899 - flashinfer.jit: [Autotuner]: Loaded 18 configs from /work/build/.cache/vllm/flashinfer_autotune_cache/0.6.14/121a/ea894f3915f2d213be21208779b2766f533309536b68af637b34de77c2b9a679/autotune_configs.json
2026-07-19 02:28:42,593 - INFO - autotuner.py:651 - flashinfer.jit: [Autotuner]: Autotuning process starts ...
2026-07-19 02:28:48,609 - INFO - autotuner.py:674 - flashinfer.jit: [Autotuner]: Autotuning process ends
2026-07-19 02:46:28,272 - INFO - autotuner.py:1899 - flashinfer.jit: [Autotuner]: Loaded 18 configs from /work/build/.cache/vllm/flashinfer_autotune_cache/0.6.14/121a/ea894f3915f2d213be21208779b2766f533309536b68af637b34de77c2b9a679/autotune_configs.json
2026-07-19 02:46:28,272 - INFO - autotuner.py:651 - flashinfer.jit: [Autotuner]: Autotuning process starts ...
2026-07-19 02:46:28,365 - INFO - autotuner.py:1009 - flashinfer.jit: [Autotuner]: Config cache hit for sparse_mla_sm120_decode_dsv4 (runner=SparseMlaDecodeV3Runner, source=config file)
2026-07-19 02:46:31,327 - INFO - autotuner.py:674 - flashinfer.jit: [Autotuner]: Autotuning process ends
2026-07-19 02:46:31,333 - INFO - autotuner.py:1899 - flashinfer.jit: [Autotuner]: Loaded 18 configs from /work/build/.cache/vllm/flashinfer_autotune_cache/0.6.14/121a/ea894f3915f2d213be21208779b2766f533309536b68af637b34de77c2b9a679/autotune_configs.json
2026-07-19 02:46:31,405 - INFO - autotuner.py:651 - flashinfer.jit: [Autotuner]: Autotuning process starts ...
2026-07-19 02:46:37,399 - INFO - autotuner.py:674 - flashinfer.jit: [Autotuner]: Autotuning process ends
2026-07-19 02:58:46,464 - INFO - autotuner.py:1899 - flashinfer.jit: [Autotuner]: Loaded 18 configs from /work/build/.cache/vllm/flashinfer_autotune_cache/0.6.14/121a/ea894f3915f2d213be21208779b2766f533309536b68af637b34de77c2b9a679/autotune_configs.json
2026-07-19 02:58:46,465 - INFO - autotuner.py:651 - flashinfer.jit: [Autotuner]: Autotuning process starts ...
2026-07-19 02:58:46,583 - INFO - autotuner.py:1009 - flashinfer.jit: [Autotuner]: Config cache hit for sparse_mla_sm120_decode_dsv4 (runner=SparseMlaDecodeV3Runner, source=config file)
2026-07-19 02:58:49,737 - INFO - autotuner.py:674 - flashinfer.jit: [Autotuner]: Autotuning process ends
2026-07-19 02:58:49,744 - INFO - autotuner.py:1899 - flashinfer.jit: [Autotuner]: Loaded 18 configs from /work/build/.cache/vllm/flashinfer_autotune_cache/0.6.14/121a/ea894f3915f2d213be21208779b2766f533309536b68af637b34de77c2b9a679/autotune_configs.json
2026-07-19 02:58:49,841 - INFO - autotuner.py:651 - flashinfer.jit: [Autotuner]: Autotuning process starts ...
2026-07-19 02:58:55,996 - INFO - autotuner.py:674 - flashinfer.jit: [Autotuner]: Autotuning process ends
2026-07-19 03:10:25,450 - INFO - autotuner.py:1899 - flashinfer.jit: [Autotuner]: Loaded 18 configs from /work/build/.cache/vllm/flashinfer_autotune_cache/0.6.14/121a/ea894f3915f2d213be21208779b2766f533309536b68af637b34de77c2b9a679/autotune_configs.json
2026-07-19 03:10:25,451 - INFO - autotuner.py:651 - flashinfer.jit: [Autotuner]: Autotuning process starts ...
2026-07-19 03:10:25,704 - INFO - autotuner.py:1009 - flashinfer.jit: [Autotuner]: Config cache hit for sparse_mla_sm120_decode_dsv4 (runner=SparseMlaDecodeV3Runner, source=config file)
2026-07-19 03:10:28,889 - INFO - autotuner.py:674 - flashinfer.jit: [Autotuner]: Autotuning process ends
2026-07-19 03:10:28,897 - INFO - autotuner.py:1899 - flashinfer.jit: [Autotuner]: Loaded 18 configs from /work/build/.cache/vllm/flashinfer_autotune_cache/0.6.14/121a/ea894f3915f2d213be21208779b2766f533309536b68af637b34de77c2b9a679/autotune_configs.json
2026-07-19 03:10:28,996 - INFO - autotuner.py:651 - flashinfer.jit: [Autotuner]: Autotuning process starts ...
2026-07-19 03:10:35,042 - INFO - autotuner.py:674 - flashinfer.jit: [Autotuner]: Autotuning process ends
2026-07-19 03:31:48,683 - INFO - autotuner.py:1899 - flashinfer.jit: [Autotuner]: Loaded 18 configs from /work/build/.cache/vllm/flashinfer_autotune_cache/0.6.14/121a/ea894f3915f2d213be21208779b2766f533309536b68af637b34de77c2b9a679/autotune_configs.json
2026-07-19 03:31:48,685 - INFO - autotuner.py:651 - flashinfer.jit: [Autotuner]: Autotuning process starts ...
2026-07-19 03:31:52,308 - INFO - autotuner.py:1009 - flashinfer.jit: [Autotuner]: Config cache hit for sparse_mla_sm120_decode_dsv4 (runner=SparseMlaDecodeV3Runner, source=config file)
2026-07-19 03:32:02,865 - INFO - autotuner.py:674 - flashinfer.jit: [Autotuner]: Autotuning process ends
2026-07-19 03:32:02,875 - INFO - autotuner.py:1899 - flashinfer.jit: [Autotuner]: Loaded 18 configs from /work/build/.cache/vllm/flashinfer_autotune_cache/0.6.14/121a/ea894f3915f2d213be21208779b2766f533309536b68af637b34de77c2b9a679/autotune_configs.json
2026-07-19 03:32:45,145 - INFO - autotuner.py:651 - flashinfer.jit: [Autotuner]: Autotuning process starts ...
2026-07-19 03:32:51,208 - INFO - autotuner.py:674 - flashinfer.jit: [Autotuner]: Autotuning process ends
2026-07-19 03:38:18,396 - INFO - autotuner.py:1899 - flashinfer.jit: [Autotuner]: Loaded 18 configs from /work/build/.cache/vllm/flashinfer_autotune_cache/0.6.14/121a/ea894f3915f2d213be21208779b2766f533309536b68af637b34de77c2b9a679/autotune_configs.json
2026-07-19 03:38:18,397 - INFO - autotuner.py:651 - flashinfer.jit: [Autotuner]: Autotuning process starts ...
2026-07-19 03:38:19,845 - INFO - autotuner.py:1009 - flashinfer.jit: [Autotuner]: Config cache hit for sparse_mla_sm120_decode_dsv4 (runner=SparseMlaDecodeV3Runner, source=config file)
2026-07-19 03:38:23,764 - INFO - autotuner.py:674 - flashinfer.jit: [Autotuner]: Autotuning process ends
2026-07-19 03:38:23,775 - INFO - autotuner.py:1899 - flashinfer.jit: [Autotuner]: Loaded 18 configs from /work/build/.cache/vllm/flashinfer_autotune_cache/0.6.14/121a/ea894f3915f2d213be21208779b2766f533309536b68af637b34de77c2b9a679/autotune_configs.json
2026-07-19 03:38:23,861 - INFO - autotuner.py:651 - flashinfer.jit: [Autotuner]: Autotuning process starts ...
2026-07-19 03:38:29,855 - INFO - autotuner.py:674 - flashinfer.jit: [Autotuner]: Autotuning process ends
2026-07-19 03:41:39,213 - INFO - autotuner.py:1899 - flashinfer.jit: [Autotuner]: Loaded 18 configs from /work/build/.cache/vllm/flashinfer_autotune_cache/0.6.14/121a/ea894f3915f2d213be21208779b2766f533309536b68af637b34de77c2b9a679/autotune_configs.json
2026-07-19 03:41:39,214 - INFO - autotuner.py:651 - flashinfer.jit: [Autotuner]: Autotuning process starts ...
2026-07-19 03:41:39,322 - INFO - autotuner.py:1009 - flashinfer.jit: [Autotuner]: Config cache hit for sparse_mla_sm120_decode_dsv4 (runner=SparseMlaDecodeV3Runner, source=config file)
2026-07-19 03:41:42,329 - INFO - autotuner.py:674 - flashinfer.jit: [Autotuner]: Autotuning process ends
2026-07-19 03:41:42,334 - INFO - autotuner.py:1899 - flashinfer.jit: [Autotuner]: Loaded 18 configs from /work/build/.cache/vllm/flashinfer_autotune_cache/0.6.14/121a/ea894f3915f2d213be21208779b2766f533309536b68af637b34de77c2b9a679/autotune_configs.json
2026-07-19 03:41:42,430 - INFO - autotuner.py:651 - flashinfer.jit: [Autotuner]: Autotuning process starts ...
2026-07-19 03:41:48,594 - INFO - autotuner.py:674 - flashinfer.jit: [Autotuner]: Autotuning process ends
2026-07-19 03:48:26,407 - INFO - autotuner.py:1899 - flashinfer.jit: [Autotuner]: Loaded 18 configs from /work/build/.cache/vllm/flashinfer_autotune_cache/0.6.14/121a/ea894f3915f2d213be21208779b2766f533309536b68af637b34de77c2b9a679/autotune_configs.json
2026-07-19 03:48:26,408 - INFO - autotuner.py:651 - flashinfer.jit: [Autotuner]: Autotuning process starts ...
2026-07-19 03:48:26,515 - INFO - autotuner.py:1009 - flashinfer.jit: [Autotuner]: Config cache hit for sparse_mla_sm120_decode_dsv4 (runner=SparseMlaDecodeV3Runner, source=config file)
2026-07-19 03:48:29,481 - INFO - autotuner.py:674 - flashinfer.jit: [Autotuner]: Autotuning process ends
2026-07-19 03:48:29,487 - INFO - autotuner.py:1899 - flashinfer.jit: [Autotuner]: Loaded 18 configs from /work/build/.cache/vllm/flashinfer_autotune_cache/0.6.14/121a/ea894f3915f2d213be21208779b2766f533309536b68af637b34de77c2b9a679/autotune_configs.json
2026-07-19 03:48:29,598 - INFO - autotuner.py:651 - flashinfer.jit: [Autotuner]: Autotuning process starts ...
2026-07-19 03:48:35,633 - INFO - autotuner.py:674 - flashinfer.jit: [Autotuner]: Autotuning process ends
2026-07-19 04:03:57,220 - INFO - autotuner.py:1899 - flashinfer.jit: [Autotuner]: Loaded 18 configs from /work/build/.cache/vllm/flashinfer_autotune_cache/0.6.14/121a/ea894f3915f2d213be21208779b2766f533309536b68af637b34de77c2b9a679/autotune_configs.json
2026-07-19 04:03:57,221 - INFO - autotuner.py:651 - flashinfer.jit: [Autotuner]: Autotuning process starts ...
2026-07-19 04:03:58,209 - INFO - autotuner.py:1009 - flashinfer.jit: [Autotuner]: Config cache hit for sparse_mla_sm120_decode_dsv4 (runner=SparseMlaDecodeV3Runner, source=config file)
2026-07-19 04:04:02,603 - INFO - autotuner.py:674 - flashinfer.jit: [Autotuner]: Autotuning process ends
2026-07-19 04:04:02,609 - INFO - autotuner.py:1899 - flashinfer.jit: [Autotuner]: Loaded 18 configs from /work/build/.cache/vllm/flashinfer_autotune_cache/0.6.14/121a/ea894f3915f2d213be21208779b2766f533309536b68af637b34de77c2b9a679/autotune_configs.json
2026-07-19 04:04:02,716 - INFO - autotuner.py:651 - flashinfer.jit: [Autotuner]: Autotuning process starts ...
2026-07-19 04:04:08,702 - INFO - autotuner.py:674 - flashinfer.jit: [Autotuner]: Autotuning process ends
2026-07-19 04:23:18,630 - INFO - autotuner.py:1899 - flashinfer.jit: [Autotuner]: Loaded 18 configs from /work/build/.cache/vllm/flashinfer_autotune_cache/0.6.14/121a/3a8aedac158c9a88e29eabf08e6d380cdab40f51529e6ec9209767aff3e52bf2/autotune_configs.json
2026-07-19 04:23:18,630 - INFO - autotuner.py:651 - flashinfer.jit: [Autotuner]: Autotuning process starts ...
2026-07-19 04:23:18,758 - INFO - autotuner.py:1009 - flashinfer.jit: [Autotuner]: Config cache hit for sparse_mla_sm120_decode_dsv4 (runner=SparseMlaDecodeV3Runner, source=config file)
2026-07-19 04:23:22,050 - INFO - autotuner.py:674 - flashinfer.jit: [Autotuner]: Autotuning process ends
2026-07-19 04:23:22,061 - INFO - autotuner.py:1899 - flashinfer.jit: [Autotuner]: Loaded 18 configs from /work/build/.cache/vllm/flashinfer_autotune_cache/0.6.14/121a/3a8aedac158c9a88e29eabf08e6d380cdab40f51529e6ec9209767aff3e52bf2/autotune_configs.json
2026-07-19 04:23:22,166 - INFO - autotuner.py:651 - flashinfer.jit: [Autotuner]: Autotuning process starts ...
2026-07-19 04:23:28,200 - INFO - autotuner.py:674 - flashinfer.jit: [Autotuner]: Autotuning process ends
2026-07-19 04:46:19,803 - INFO - autotuner.py:1899 - flashinfer.jit: [Autotuner]: Loaded 18 configs from /work/build/.cache/vllm/flashinfer_autotune_cache/0.6.14/121a/ea894f3915f2d213be21208779b2766f533309536b68af637b34de77c2b9a679/autotune_configs.json
2026-07-19 04:46:19,804 - INFO - autotuner.py:651 - flashinfer.jit: [Autotuner]: Autotuning process starts ...
2026-07-19 04:46:19,951 - INFO - autotuner.py:1009 - flashinfer.jit: [Autotuner]: Config cache hit for sparse_mla_sm120_decode_dsv4 (runner=SparseMlaDecodeV3Runner, source=config file)
2026-07-19 04:46:23,048 - INFO - autotuner.py:674 - flashinfer.jit: [Autotuner]: Autotuning process ends
2026-07-19 04:46:23,061 - INFO - autotuner.py:1899 - flashinfer.jit: [Autotuner]: Loaded 18 configs from /work/build/.cache/vllm/flashinfer_autotune_cache/0.6.14/121a/ea894f3915f2d213be21208779b2766f533309536b68af637b34de77c2b9a679/autotune_configs.json
2026-07-19 04:46:23,158 - INFO - autotuner.py:651 - flashinfer.jit: [Autotuner]: Autotuning process starts ...
2026-07-19 04:46:29,135 - INFO - autotuner.py:674 - flashinfer.jit: [Autotuner]: Autotuning process ends
2026-07-19 05:03:29,663 - INFO - autotuner.py:1899 - flashinfer.jit: [Autotuner]: Loaded 18 configs from /work/build/.cache/vllm/flashinfer_autotune_cache/0.6.14/121a/ea894f3915f2d213be21208779b2766f533309536b68af637b34de77c2b9a679/autotune_configs.json
2026-07-19 05:03:29,664 - INFO - autotuner.py:651 - flashinfer.jit: [Autotuner]: Autotuning process starts ...
2026-07-19 05:03:29,802 - INFO - autotuner.py:1009 - flashinfer.jit: [Autotuner]: Config cache hit for sparse_mla_sm120_decode_dsv4 (runner=SparseMlaDecodeV3Runner, source=config file)
2026-07-19 05:03:32,860 - INFO - autotuner.py:674 - flashinfer.jit: [Autotuner]: Autotuning process ends
2026-07-19 05:03:32,872 - INFO - autotuner.py:1899 - flashinfer.jit: [Autotuner]: Loaded 18 configs from /work/build/.cache/vllm/flashinfer_autotune_cache/0.6.14/121a/ea894f3915f2d213be21208779b2766f533309536b68af637b34de77c2b9a679/autotune_configs.json
2026-07-19 05:03:32,972 - INFO - autotuner.py:651 - flashinfer.jit: [Autotuner]: Autotuning process starts ...
2026-07-19 05:03:38,965 - INFO - autotuner.py:674 - flashinfer.jit: [Autotuner]: Autotuning process ends
2026-07-19 05:20:54,936 - INFO - autotuner.py:1899 - flashinfer.jit: [Autotuner]: Loaded 18 configs from /work/build/.cache/vllm/flashinfer_autotune_cache/0.6.14/121a/ea894f3915f2d213be21208779b2766f533309536b68af637b34de77c2b9a679/autotune_configs.json
2026-07-19 05:20:54,937 - INFO - autotuner.py:651 - flashinfer.jit: [Autotuner]: Autotuning process starts ...
2026-07-19 05:20:55,125 - INFO - autotuner.py:1009 - flashinfer.jit: [Autotuner]: Config cache hit for sparse_mla_sm120_decode_dsv4 (runner=SparseMlaDecodeV3Runner, source=config file)
2026-07-19 05:20:58,280 - INFO - autotuner.py:674 - flashinfer.jit: [Autotuner]: Autotuning process ends
2026-07-19 05:20:58,292 - INFO - autotuner.py:1899 - flashinfer.jit: [Autotuner]: Loaded 18 configs from /work/build/.cache/vllm/flashinfer_autotune_cache/0.6.14/121a/ea894f3915f2d213be21208779b2766f533309536b68af637b34de77c2b9a679/autotune_configs.json
2026-07-19 05:20:58,394 - INFO - autotuner.py:651 - flashinfer.jit: [Autotuner]: Autotuning process starts ...
2026-07-19 05:21:04,617 - INFO - autotuner.py:674 - flashinfer.jit: [Autotuner]: Autotuning process ends
2026-07-19 05:31:18,978 - INFO - autotuner.py:1899 - flashinfer.jit: [Autotuner]: Loaded 18 configs from /work/build/.cache/vllm/flashinfer_autotune_cache/0.6.14/121a/3a8aedac158c9a88e29eabf08e6d380cdab40f51529e6ec9209767aff3e52bf2/autotune_configs.json
2026-07-19 05:31:18,978 - INFO - autotuner.py:651 - flashinfer.jit: [Autotuner]: Autotuning process starts ...
2026-07-19 05:31:19,132 - INFO - autotuner.py:1009 - flashinfer.jit: [Autotuner]: Config cache hit for sparse_mla_sm120_decode_dsv4 (runner=SparseMlaDecodeV3Runner, source=config file)
2026-07-19 05:31:22,301 - INFO - autotuner.py:674 - flashinfer.jit: [Autotuner]: Autotuning process ends
2026-07-19 05:31:22,311 - INFO - autotuner.py:1899 - flashinfer.jit: [Autotuner]: Loaded 18 configs from /work/build/.cache/vllm/flashinfer_autotune_cache/0.6.14/121a/3a8aedac158c9a88e29eabf08e6d380cdab40f51529e6ec9209767aff3e52bf2/autotune_configs.json
2026-07-19 05:31:22,405 - INFO - autotuner.py:651 - flashinfer.jit: [Autotuner]: Autotuning process starts ...
2026-07-19 05:31:28,362 - INFO - autotuner.py:674 - flashinfer.jit: [Autotuner]: Autotuning process ends
2026-07-19 05:48:22,555 - INFO - autotuner.py:1899 - flashinfer.jit: [Autotuner]: Loaded 18 configs from /work/build/.cache/vllm/flashinfer_autotune_cache/0.6.14/121a/ea894f3915f2d213be21208779b2766f533309536b68af637b34de77c2b9a679/autotune_configs.json
2026-07-19 05:48:22,555 - INFO - autotuner.py:651 - flashinfer.jit: [Autotuner]: Autotuning process starts ...
2026-07-19 05:48:22,649 - INFO - autotuner.py:1009 - flashinfer.jit: [Autotuner]: Config cache hit for sparse_mla_sm120_decode_dsv4 (runner=SparseMlaDecodeV3Runner, source=config file)
2026-07-19 05:48:25,681 - INFO - autotuner.py:674 - flashinfer.jit: [Autotuner]: Autotuning process ends
2026-07-19 05:48:25,697 - INFO - autotuner.py:1899 - flashinfer.jit: [Autotuner]: Loaded 18 configs from /work/build/.cache/vllm/flashinfer_autotune_cache/0.6.14/121a/ea894f3915f2d213be21208779b2766f533309536b68af637b34de77c2b9a679/autotune_configs.json
2026-07-19 05:48:25,769 - INFO - autotuner.py:651 - flashinfer.jit: [Autotuner]: Autotuning process starts ...
2026-07-19 05:48:31,858 - INFO - autotuner.py:674 - flashinfer.jit: [Autotuner]: Autotuning process ends
2026-07-19 06:32:06,959 - INFO - autotuner.py:1899 - flashinfer.jit: [Autotuner]: Loaded 18 configs from /work/build/.cache/vllm/flashinfer_autotune_cache/0.6.14/121a/ea894f3915f2d213be21208779b2766f533309536b68af637b34de77c2b9a679/autotune_configs.json
2026-07-19 06:32:06,960 - INFO - autotuner.py:651 - flashinfer.jit: [Autotuner]: Autotuning process starts ...
2026-07-19 06:32:07,095 - INFO - autotuner.py:1009 - flashinfer.jit: [Autotuner]: Config cache hit for sparse_mla_sm120_decode_dsv4 (runner=SparseMlaDecodeV3Runner, source=config file)
2026-07-19 06:32:10,345 - INFO - autotuner.py:674 - flashinfer.jit: [Autotuner]: Autotuning process ends
2026-07-19 06:32:10,355 - INFO - autotuner.py:1899 - flashinfer.jit: [Autotuner]: Loaded 18 configs from /work/build/.cache/vllm/flashinfer_autotune_cache/0.6.14/121a/ea894f3915f2d213be21208779b2766f533309536b68af637b34de77c2b9a679/autotune_configs.json
2026-07-19 06:32:10,448 - INFO - autotuner.py:651 - flashinfer.jit: [Autotuner]: Autotuning process starts ...
2026-07-19 06:32:16,480 - INFO - autotuner.py:674 - flashinfer.jit: [Autotuner]: Autotuning process ends
2026-07-19 06:38:47,544 - INFO - autotuner.py:1899 - flashinfer.jit: [Autotuner]: Loaded 18 configs from /work/build/.cache/vllm/flashinfer_autotune_cache/0.6.14/121a/ea894f3915f2d213be21208779b2766f533309536b68af637b34de77c2b9a679/autotune_configs.json
2026-07-19 06:38:47,545 - INFO - autotuner.py:651 - flashinfer.jit: [Autotuner]: Autotuning process starts ...
2026-07-19 06:38:47,653 - INFO - autotuner.py:1009 - flashinfer.jit: [Autotuner]: Config cache hit for sparse_mla_sm120_decode_dsv4 (runner=SparseMlaDecodeV3Runner, source=config file)
2026-07-19 06:38:50,646 - INFO - autotuner.py:674 - flashinfer.jit: [Autotuner]: Autotuning process ends
2026-07-19 06:38:50,652 - INFO - autotuner.py:1899 - flashinfer.jit: [Autotuner]: Loaded 18 configs from /work/build/.cache/vllm/flashinfer_autotune_cache/0.6.14/121a/ea894f3915f2d213be21208779b2766f533309536b68af637b34de77c2b9a679/autotune_configs.json
2026-07-19 06:38:50,743 - INFO - autotuner.py:651 - flashinfer.jit: [Autotuner]: Autotuning process starts ...
2026-07-19 06:38:56,810 - INFO - autotuner.py:674 - flashinfer.jit: [Autotuner]: Autotuning process ends
2026-07-19 06:42:46,150 - INFO - autotuner.py:1899 - flashinfer.jit: [Autotuner]: Loaded 18 configs from /work/build/.cache/vllm/flashinfer_autotune_cache/0.6.14/121a/ea894f3915f2d213be21208779b2766f533309536b68af637b34de77c2b9a679/autotune_configs.json
2026-07-19 06:42:46,151 - INFO - autotuner.py:651 - flashinfer.jit: [Autotuner]: Autotuning process starts ...
2026-07-19 06:42:46,260 - INFO - autotuner.py:1009 - flashinfer.jit: [Autotuner]: Config cache hit for sparse_mla_sm120_decode_dsv4 (runner=SparseMlaDecodeV3Runner, source=config file)
2026-07-19 06:42:49,344 - INFO - autotuner.py:674 - flashinfer.jit: [Autotuner]: Autotuning process ends
2026-07-19 06:42:49,349 - INFO - autotuner.py:1899 - flashinfer.jit: [Autotuner]: Loaded 18 configs from /work/build/.cache/vllm/flashinfer_autotune_cache/0.6.14/121a/ea894f3915f2d213be21208779b2766f533309536b68af637b34de77c2b9a679/autotune_configs.json
2026-07-19 06:42:49,445 - INFO - autotuner.py:651 - flashinfer.jit: [Autotuner]: Autotuning process starts ...
2026-07-19 06:42:55,536 - INFO - autotuner.py:674 - flashinfer.jit: [Autotuner]: Autotuning process ends
2026-07-29 06:37:43,655 - INFO - autotuner.py:651 - flashinfer.jit: [Autotuner]: Autotuning process starts ...
2026-07-29 06:37:52,468 - INFO - autotuner.py:674 - flashinfer.jit: [Autotuner]: Autotuning process ends
2026-07-29 06:37:52,496 - INFO - autotuner.py:1808 - flashinfer.jit: [Autotuner]: Saved 18 configs to /work/build/.cache/vllm/flashinfer_autotune_cache/0.6.14/121a/adecfc204e3eecb71874bf7a585c7984625c10104d0e2b868027ed7a18151505/autotune_configs.json (18 new, 0 from previous config)
2026-07-29 06:37:52,502 - INFO - autotuner.py:1899 - flashinfer.jit: [Autotuner]: Loaded 18 configs from /work/build/.cache/vllm/flashinfer_autotune_cache/0.6.14/121a/adecfc204e3eecb71874bf7a585c7984625c10104d0e2b868027ed7a18151505/autotune_configs.json
2026-07-29 06:37:52,603 - INFO - autotuner.py:651 - flashinfer.jit: [Autotuner]: Autotuning process starts ...
2026-07-29 06:38:37,678 - INFO - autotuner.py:674 - flashinfer.jit: [Autotuner]: Autotuning process ends
2026-07-29 07:03:50,241 - INFO - autotuner.py:1899 - flashinfer.jit: [Autotuner]: Loaded 18 configs from /work/build/.cache/vllm/flashinfer_autotune_cache/0.6.14/121a/adecfc204e3eecb71874bf7a585c7984625c10104d0e2b868027ed7a18151505/autotune_configs.json
2026-07-29 07:03:50,241 - INFO - autotuner.py:651 - flashinfer.jit: [Autotuner]: Autotuning process starts ...
2026-07-29 07:03:51,101 - INFO - autotuner.py:1009 - flashinfer.jit: [Autotuner]: Config cache hit for sparse_mla_sm120_decode_dsv4 (runner=SparseMlaDecodeV3Runner, source=config file)
2026-07-29 07:03:57,640 - INFO - autotuner.py:674 - flashinfer.jit: [Autotuner]: Autotuning process ends
2026-07-29 07:03:57,656 - INFO - autotuner.py:1899 - flashinfer.jit: [Autotuner]: Loaded 18 configs from /work/build/.cache/vllm/flashinfer_autotune_cache/0.6.14/121a/adecfc204e3eecb71874bf7a585c7984625c10104d0e2b868027ed7a18151505/autotune_configs.json
2026-07-29 07:03:57,756 - INFO - autotuner.py:651 - flashinfer.jit: [Autotuner]: Autotuning process starts ...
2026-07-29 07:04:42,950 - INFO - autotuner.py:674 - flashinfer.jit: [Autotuner]: Autotuning process ends
2026-07-29 07:24:34,798 - INFO - autotuner.py:651 - flashinfer.jit: [Autotuner]: Autotuning process starts ...
2026-07-29 07:24:41,284 - INFO - autotuner.py:674 - flashinfer.jit: [Autotuner]: Autotuning process ends
2026-07-29 07:24:41,301 - INFO - autotuner.py:1808 - flashinfer.jit: [Autotuner]: Saved 18 configs to /work/build/.cache/vllm/flashinfer_autotune_cache/0.6.14/121a/c0e9941f02b83a58f0d4cb2db4b884137952bedd534eda575117f1449cf188d3/autotune_configs.json (18 new, 0 from previous config)
2026-07-29 07:24:41,307 - INFO - autotuner.py:1899 - flashinfer.jit: [Autotuner]: Loaded 18 configs from /work/build/.cache/vllm/flashinfer_autotune_cache/0.6.14/121a/c0e9941f02b83a58f0d4cb2db4b884137952bedd534eda575117f1449cf188d3/autotune_configs.json
2026-07-29 07:24:41,405 - INFO - autotuner.py:651 - flashinfer.jit: [Autotuner]: Autotuning process starts ...
2026-07-29 07:25:25,213 - INFO - autotuner.py:674 - flashinfer.jit: [Autotuner]: Autotuning process ends
2026-07-29 07:34:08,926 - INFO - autotuner.py:1899 - flashinfer.jit: [Autotuner]: Loaded 18 configs from /work/build/.cache/vllm/flashinfer_autotune_cache/0.6.14/121a/adecfc204e3eecb71874bf7a585c7984625c10104d0e2b868027ed7a18151505/autotune_configs.json
2026-07-29 07:34:08,926 - INFO - autotuner.py:651 - flashinfer.jit: [Autotuner]: Autotuning process starts ...
2026-07-29 07:34:09,106 - INFO - autotuner.py:1009 - flashinfer.jit: [Autotuner]: Config cache hit for sparse_mla_sm120_decode_dsv4 (runner=SparseMlaDecodeV3Runner, source=config file)
2026-07-29 07:34:14,926 - INFO - autotuner.py:674 - flashinfer.jit: [Autotuner]: Autotuning process ends
2026-07-29 07:34:14,940 - INFO - autotuner.py:1899 - flashinfer.jit: [Autotuner]: Loaded 18 configs from /work/build/.cache/vllm/flashinfer_autotune_cache/0.6.14/121a/adecfc204e3eecb71874bf7a585c7984625c10104d0e2b868027ed7a18151505/autotune_configs.json
2026-07-29 07:34:15,041 - INFO - autotuner.py:651 - flashinfer.jit: [Autotuner]: Autotuning process starts ...
2026-07-29 07:35:00,154 - INFO - autotuner.py:674 - flashinfer.jit: [Autotuner]: Autotuning process ends
2026-07-30 13:27:46,106 - INFO - autotuner.py:651 - flashinfer.jit: [Autotuner]: Autotuning process starts ...
2026-07-30 13:27:52,850 - INFO - autotuner.py:674 - flashinfer.jit: [Autotuner]: Autotuning process ends
2026-07-30 13:27:52,867 - INFO - autotuner.py:1808 - flashinfer.jit: [Autotuner]: Saved 18 configs to /work/build/.cache/vllm/flashinfer_autotune_cache/0.6.14/121a/b0edc62c9f291e8c22de2d349559651c139f70e6040747f32a64e006cb0a7175/autotune_configs.json (18 new, 0 from previous config)
2026-07-30 13:27:52,872 - INFO - autotuner.py:1899 - flashinfer.jit: [Autotuner]: Loaded 18 configs from /work/build/.cache/vllm/flashinfer_autotune_cache/0.6.14/121a/b0edc62c9f291e8c22de2d349559651c139f70e6040747f32a64e006cb0a7175/autotune_configs.json
2026-07-30 13:27:54,075 - INFO - autotuner.py:651 - flashinfer.jit: [Autotuner]: Autotuning process starts ...
2026-07-30 13:30:16,328 - INFO - autotuner.py:674 - flashinfer.jit: [Autotuner]: Autotuning process ends
2026-07-30 18:01:43,346 - INFO - autotuner.py:1899 - flashinfer.jit: [Autotuner]: Loaded 18 configs from /work/build/.cache/vllm/flashinfer_autotune_cache/0.6.14/121a/4dd23b285a75dd2a8a6396e4064fc0ad0b98b60d973efdbca54811b5ed60ae30/autotune_configs.json
2026-07-30 18:01:43,346 - INFO - autotuner.py:651 - flashinfer.jit: [Autotuner]: Autotuning process starts ...
2026-07-30 18:01:43,668 - INFO - autotuner.py:1009 - flashinfer.jit: [Autotuner]: Config cache hit for sparse_mla_sm120_decode_dsv4 (runner=SparseMlaDecodeV3Runner, source=config file)
2026-07-30 18:01:47,506 - INFO - autotuner.py:674 - flashinfer.jit: [Autotuner]: Autotuning process ends
2026-07-30 18:01:47,524 - INFO - autotuner.py:1899 - flashinfer.jit: [Autotuner]: Loaded 18 configs from /work/build/.cache/vllm/flashinfer_autotune_cache/0.6.14/121a/4dd23b285a75dd2a8a6396e4064fc0ad0b98b60d973efdbca54811b5ed60ae30/autotune_configs.json
2026-07-30 18:01:47,632 - INFO - autotuner.py:651 - flashinfer.jit: [Autotuner]: Autotuning process starts ...
2026-07-30 18:01:53,483 - INFO - autotuner.py:674 - flashinfer.jit: [Autotuner]: Autotuning process ends
2026-07-30 18:27:47,351 - INFO - autotuner.py:1899 - flashinfer.jit: [Autotuner]: Loaded 18 configs from /work/build/.cache/vllm/flashinfer_autotune_cache/0.6.14/121a/4dd23b285a75dd2a8a6396e4064fc0ad0b98b60d973efdbca54811b5ed60ae30/autotune_configs.json
2026-07-30 18:27:47,351 - INFO - autotuner.py:651 - flashinfer.jit: [Autotuner]: Autotuning process starts ...
2026-07-30 18:27:47,475 - INFO - autotuner.py:1009 - flashinfer.jit: [Autotuner]: Config cache hit for sparse_mla_sm120_decode_dsv4 (runner=SparseMlaDecodeV3Runner, source=config file)
2026-07-30 18:27:50,752 - INFO - autotuner.py:674 - flashinfer.jit: [Autotuner]: Autotuning process ends
2026-07-30 18:27:50,771 - INFO - autotuner.py:1899 - flashinfer.jit: [Autotuner]: Loaded 18 configs from /work/build/.cache/vllm/flashinfer_autotune_cache/0.6.14/121a/4dd23b285a75dd2a8a6396e4064fc0ad0b98b60d973efdbca54811b5ed60ae30/autotune_configs.json
2026-07-30 18:27:50,879 - INFO - autotuner.py:651 - flashinfer.jit: [Autotuner]: Autotuning process starts ...
2026-07-30 18:27:56,689 - INFO - autotuner.py:674 - flashinfer.jit: [Autotuner]: Autotuning process ends
2026-07-30 19:05:36,772 - INFO - autotuner.py:1899 - flashinfer.jit: [Autotuner]: Loaded 18 configs from /work/build/.cache/vllm/flashinfer_autotune_cache/0.6.14/121a/4dd23b285a75dd2a8a6396e4064fc0ad0b98b60d973efdbca54811b5ed60ae30/autotune_configs.json
2026-07-30 19:05:36,773 - INFO - autotuner.py:651 - flashinfer.jit: [Autotuner]: Autotuning process starts ...
2026-07-30 19:05:36,932 - INFO - autotuner.py:1009 - flashinfer.jit: [Autotuner]: Config cache hit for sparse_mla_sm120_decode_dsv4 (runner=SparseMlaDecodeV3Runner, source=config file)
2026-07-30 19:05:40,277 - INFO - autotuner.py:674 - flashinfer.jit: [Autotuner]: Autotuning process ends
2026-07-30 19:05:40,296 - INFO - autotuner.py:1899 - flashinfer.jit: [Autotuner]: Loaded 18 configs from /work/build/.cache/vllm/flashinfer_autotune_cache/0.6.14/121a/4dd23b285a75dd2a8a6396e4064fc0ad0b98b60d973efdbca54811b5ed60ae30/autotune_configs.json
2026-07-30 19:05:40,404 - INFO - autotuner.py:651 - flashinfer.jit: [Autotuner]: Autotuning process starts ...
2026-07-30 19:05:46,214 - INFO - autotuner.py:674 - flashinfer.jit: [Autotuner]: Autotuning process ends
2026-07-30 21:11:37,361 - INFO - autotuner.py:1899 - flashinfer.jit: [Autotuner]: Loaded 18 configs from /work/build/.cache/vllm/flashinfer_autotune_cache/0.6.14/121a/4dd23b285a75dd2a8a6396e4064fc0ad0b98b60d973efdbca54811b5ed60ae30/autotune_configs.json
2026-07-30 21:11:37,361 - INFO - autotuner.py:651 - flashinfer.jit: [Autotuner]: Autotuning process starts ...
2026-07-30 21:11:37,481 - INFO - autotuner.py:1009 - flashinfer.jit: [Autotuner]: Config cache hit for sparse_mla_sm120_decode_dsv4 (runner=SparseMlaDecodeV3Runner, source=config file)
2026-07-30 21:11:40,810 - INFO - autotuner.py:674 - flashinfer.jit: [Autotuner]: Autotuning process ends
2026-07-30 21:11:40,829 - INFO - autotuner.py:1899 - flashinfer.jit: [Autotuner]: Loaded 18 configs from /work/build/.cache/vllm/flashinfer_autotune_cache/0.6.14/121a/4dd23b285a75dd2a8a6396e4064fc0ad0b98b60d973efdbca54811b5ed60ae30/autotune_configs.json
2026-07-30 21:11:40,945 - INFO - autotuner.py:651 - flashinfer.jit: [Autotuner]: Autotuning process starts ...
2026-07-30 21:11:46,801 - INFO - autotuner.py:674 - flashinfer.jit: [Autotuner]: Autotuning process ends
2026-07-30 21:44:44,550 - INFO - autotuner.py:1899 - flashinfer.jit: [Autotuner]: Loaded 18 configs from /work/build/.cache/vllm/flashinfer_autotune_cache/0.6.14/121a/4dd23b285a75dd2a8a6396e4064fc0ad0b98b60d973efdbca54811b5ed60ae30/autotune_configs.json
2026-07-30 21:44:44,551 - INFO - autotuner.py:651 - flashinfer.jit: [Autotuner]: Autotuning process starts ...
2026-07-30 21:44:44,671 - INFO - autotuner.py:1009 - flashinfer.jit: [Autotuner]: Config cache hit for sparse_mla_sm120_decode_dsv4 (runner=SparseMlaDecodeV3Runner, source=config file)
2026-07-30 21:44:48,656 - INFO - autotuner.py:674 - flashinfer.jit: [Autotuner]: Autotuning process ends
2026-07-30 21:44:48,678 - INFO - autotuner.py:1899 - flashinfer.jit: [Autotuner]: Loaded 18 configs from /work/build/.cache/vllm/flashinfer_autotune_cache/0.6.14/121a/4dd23b285a75dd2a8a6396e4064fc0ad0b98b60d973efdbca54811b5ed60ae30/autotune_configs.json
2026-07-30 21:44:48,798 - INFO - autotuner.py:651 - flashinfer.jit: [Autotuner]: Autotuning process starts ...
2026-07-30 21:44:54,828 - INFO - autotuner.py:674 - flashinfer.jit: [Autotuner]: Autotuning process ends
2026-07-30 21:47:46,246 - INFO - autotuner.py:1899 - flashinfer.jit: [Autotuner]: Loaded 18 configs from /work/build/.cache/vllm/flashinfer_autotune_cache/0.6.14/121a/4dd23b285a75dd2a8a6396e4064fc0ad0b98b60d973efdbca54811b5ed60ae30/autotune_configs.json
2026-07-30 21:47:46,247 - INFO - autotuner.py:651 - flashinfer.jit: [Autotuner]: Autotuning process starts ...
2026-07-30 21:47:46,337 - INFO - autotuner.py:1009 - flashinfer.jit: [Autotuner]: Config cache hit for sparse_mla_sm120_decode_dsv4 (runner=SparseMlaDecodeV3Runner, source=config file)
2026-07-30 21:47:49,636 - INFO - autotuner.py:674 - flashinfer.jit: [Autotuner]: Autotuning process ends
2026-07-30 21:47:49,640 - INFO - autotuner.py:1899 - flashinfer.jit: [Autotuner]: Loaded 18 configs from /work/build/.cache/vllm/flashinfer_autotune_cache/0.6.14/121a/4dd23b285a75dd2a8a6396e4064fc0ad0b98b60d973efdbca54811b5ed60ae30/autotune_configs.json
2026-07-30 21:47:49,733 - INFO - autotuner.py:651 - flashinfer.jit: [Autotuner]: Autotuning process starts ...
2026-07-30 21:47:55,512 - INFO - autotuner.py:674 - flashinfer.jit: [Autotuner]: Autotuning process ends
2026-07-30 22:13:17,362 - INFO - autotuner.py:1899 - flashinfer.jit: [Autotuner]: Loaded 18 configs from /work/build/.cache/vllm/flashinfer_autotune_cache/0.6.14/121a/4dd23b285a75dd2a8a6396e4064fc0ad0b98b60d973efdbca54811b5ed60ae30/autotune_configs.json
2026-07-30 22:13:17,363 - INFO - autotuner.py:651 - flashinfer.jit: [Autotuner]: Autotuning process starts ...
2026-07-30 22:13:17,518 - INFO - autotuner.py:1009 - flashinfer.jit: [Autotuner]: Config cache hit for sparse_mla_sm120_decode_dsv4 (runner=SparseMlaDecodeV3Runner, source=config file)
2026-07-30 22:13:21,356 - INFO - autotuner.py:674 - flashinfer.jit: [Autotuner]: Autotuning process ends
2026-07-30 22:13:21,372 - INFO - autotuner.py:1899 - flashinfer.jit: [Autotuner]: Loaded 18 configs from /work/build/.cache/vllm/flashinfer_autotune_cache/0.6.14/121a/4dd23b285a75dd2a8a6396e4064fc0ad0b98b60d973efdbca54811b5ed60ae30/autotune_configs.json
2026-07-30 22:13:21,531 - INFO - autotuner.py:651 - flashinfer.jit: [Autotuner]: Autotuning process starts ...
2026-07-30 22:13:27,353 - INFO - autotuner.py:674 - flashinfer.jit: [Autotuner]: Autotuning process ends
2026-07-30 22:55:16,752 - INFO - autotuner.py:1899 - flashinfer.jit: [Autotuner]: Loaded 18 configs from /work/build/.cache/vllm/flashinfer_autotune_cache/0.6.14/121a/4dd23b285a75dd2a8a6396e4064fc0ad0b98b60d973efdbca54811b5ed60ae30/autotune_configs.json
2026-07-30 22:55:16,752 - INFO - autotuner.py:651 - flashinfer.jit: [Autotuner]: Autotuning process starts ...
2026-07-30 22:55:16,869 - INFO - autotuner.py:1009 - flashinfer.jit: [Autotuner]: Config cache hit for sparse_mla_sm120_decode_dsv4 (runner=SparseMlaDecodeV3Runner, source=config file)
2026-07-30 22:55:29,653 - INFO - autotuner.py:674 - flashinfer.jit: [Autotuner]: Autotuning process ends
2026-07-30 22:55:29,662 - INFO - autotuner.py:1899 - flashinfer.jit: [Autotuner]: Loaded 18 configs from /work/build/.cache/vllm/flashinfer_autotune_cache/0.6.14/121a/4dd23b285a75dd2a8a6396e4064fc0ad0b98b60d973efdbca54811b5ed60ae30/autotune_configs.json
2026-07-30 22:55:31,005 - INFO - autotuner.py:651 - flashinfer.jit: [Autotuner]: Autotuning process starts ...
2026-07-30 22:55:36,815 - INFO - autotuner.py:674 - flashinfer.jit: [Autotuner]: Autotuning process ends
2026-07-30 22:58:31,912 - INFO - autotuner.py:1899 - flashinfer.jit: [Autotuner]: Loaded 18 configs from /work/build/.cache/vllm/flashinfer_autotune_cache/0.6.14/121a/4dd23b285a75dd2a8a6396e4064fc0ad0b98b60d973efdbca54811b5ed60ae30/autotune_configs.json
2026-07-30 22:58:31,912 - INFO - autotuner.py:651 - flashinfer.jit: [Autotuner]: Autotuning process starts ...
2026-07-30 22:58:31,999 - INFO - autotuner.py:1009 - flashinfer.jit: [Autotuner]: Config cache hit for sparse_mla_sm120_decode_dsv4 (runner=SparseMlaDecodeV3Runner, source=config file)
2026-07-30 22:58:36,998 - INFO - autotuner.py:674 - flashinfer.jit: [Autotuner]: Autotuning process ends
2026-07-30 22:58:37,003 - INFO - autotuner.py:1899 - flashinfer.jit: [Autotuner]: Loaded 18 configs from /work/build/.cache/vllm/flashinfer_autotune_cache/0.6.14/121a/4dd23b285a75dd2a8a6396e4064fc0ad0b98b60d973efdbca54811b5ed60ae30/autotune_configs.json
2026-07-30 22:58:37,515 - INFO - autotuner.py:651 - flashinfer.jit: [Autotuner]: Autotuning process starts ...
2026-07-30 22:58:43,307 - INFO - autotuner.py:674 - flashinfer.jit: [Autotuner]: Autotuning process ends
2026-07-30 23:31:10,438 - INFO - autotuner.py:1899 - flashinfer.jit: [Autotuner]: Loaded 18 configs from /work/build/.cache/vllm/flashinfer_autotune_cache/0.6.14/121a/4dd23b285a75dd2a8a6396e4064fc0ad0b98b60d973efdbca54811b5ed60ae30/autotune_configs.json
2026-07-30 23:31:10,439 - INFO - autotuner.py:651 - flashinfer.jit: [Autotuner]: Autotuning process starts ...
2026-07-30 23:31:10,560 - INFO - autotuner.py:1009 - flashinfer.jit: [Autotuner]: Config cache hit for sparse_mla_sm120_decode_dsv4 (runner=SparseMlaDecodeV3Runner, source=config file)
2026-07-30 23:31:14,142 - INFO - autotuner.py:674 - flashinfer.jit: [Autotuner]: Autotuning process ends
2026-07-30 23:31:14,150 - INFO - autotuner.py:1899 - flashinfer.jit: [Autotuner]: Loaded 18 configs from /work/build/.cache/vllm/flashinfer_autotune_cache/0.6.14/121a/4dd23b285a75dd2a8a6396e4064fc0ad0b98b60d973efdbca54811b5ed60ae30/autotune_configs.json
2026-07-30 23:31:14,288 - INFO - autotuner.py:651 - flashinfer.jit: [Autotuner]: Autotuning process starts ...
2026-07-30 23:31:20,130 - INFO - autotuner.py:674 - flashinfer.jit: [Autotuner]: Autotuning process ends
2026-07-31 00:19:59,659 - INFO - autotuner.py:651 - flashinfer.jit: [Autotuner]: Autotuning process starts ...
2026-07-31 00:20:03,975 - INFO - autotuner.py:674 - flashinfer.jit: [Autotuner]: Autotuning process ends
2026-07-31 00:20:03,994 - INFO - autotuner.py:1808 - flashinfer.jit: [Autotuner]: Saved 18 configs to /work/build/.cache/vllm/flashinfer_autotune_cache/0.6.14/121a/319ae924887a56f4ce857ef2dc6212b9f738b51bad8326c48e0bfd2e2e8940e5/autotune_configs.json (18 new, 0 from previous config)
2026-07-31 00:20:04,000 - INFO - autotuner.py:1899 - flashinfer.jit: [Autotuner]: Loaded 18 configs from /work/build/.cache/vllm/flashinfer_autotune_cache/0.6.14/121a/319ae924887a56f4ce857ef2dc6212b9f738b51bad8326c48e0bfd2e2e8940e5/autotune_configs.json
2026-07-31 00:20:04,113 - INFO - autotuner.py:651 - flashinfer.jit: [Autotuner]: Autotuning process starts ...
2026-07-31 00:20:09,970 - INFO - autotuner.py:674 - flashinfer.jit: [Autotuner]: Autotuning process ends
2026-07-31 00:57:11,358 - INFO - autotuner.py:1899 - flashinfer.jit: [Autotuner]: Loaded 18 configs from /work/build/.cache/vllm/flashinfer_autotune_cache/0.6.14/121a/4dd23b285a75dd2a8a6396e4064fc0ad0b98b60d973efdbca54811b5ed60ae30/autotune_configs.json
2026-07-31 00:57:11,359 - INFO - autotuner.py:651 - flashinfer.jit: [Autotuner]: Autotuning process starts ...
2026-07-31 00:57:11,508 - INFO - autotuner.py:1009 - flashinfer.jit: [Autotuner]: Config cache hit for sparse_mla_sm120_decode_dsv4 (runner=SparseMlaDecodeV3Runner, source=config file)
2026-07-31 00:57:14,892 - INFO - autotuner.py:674 - flashinfer.jit: [Autotuner]: Autotuning process ends
2026-07-31 00:57:14,902 - INFO - autotuner.py:1899 - flashinfer.jit: [Autotuner]: Loaded 18 configs from /work/build/.cache/vllm/flashinfer_autotune_cache/0.6.14/121a/4dd23b285a75dd2a8a6396e4064fc0ad0b98b60d973efdbca54811b5ed60ae30/autotune_configs.json
2026-07-31 00:57:15,020 - INFO - autotuner.py:651 - flashinfer.jit: [Autotuner]: Autotuning process starts ...
2026-07-31 00:57:20,786 - INFO - autotuner.py:674 - flashinfer.jit: [Autotuner]: Autotuning process ends
2026-07-31 01:01:55,102 - INFO - autotuner.py:1899 - flashinfer.jit: [Autotuner]: Loaded 18 configs from /work/build/.cache/vllm/flashinfer_autotune_cache/0.6.14/121a/4dd23b285a75dd2a8a6396e4064fc0ad0b98b60d973efdbca54811b5ed60ae30/autotune_configs.json
2026-07-31 01:01:55,102 - INFO - autotuner.py:651 - flashinfer.jit: [Autotuner]: Autotuning process starts ...
2026-07-31 01:01:55,190 - INFO - autotuner.py:1009 - flashinfer.jit: [Autotuner]: Config cache hit for sparse_mla_sm120_decode_dsv4 (runner=SparseMlaDecodeV3Runner, source=config file)
2026-07-31 01:01:58,278 - INFO - autotuner.py:674 - flashinfer.jit: [Autotuner]: Autotuning process ends
2026-07-31 01:01:58,284 - INFO - autotuner.py:1899 - flashinfer.jit: [Autotuner]: Loaded 18 configs from /work/build/.cache/vllm/flashinfer_autotune_cache/0.6.14/121a/4dd23b285a75dd2a8a6396e4064fc0ad0b98b60d973efdbca54811b5ed60ae30/autotune_configs.json
2026-07-31 01:01:58,358 - INFO - autotuner.py:651 - flashinfer.jit: [Autotuner]: Autotuning process starts ...
2026-07-31 01:02:04,145 - INFO - autotuner.py:674 - flashinfer.jit: [Autotuner]: Autotuning process ends
2026-07-31 01:16:49,300 - INFO - autotuner.py:1899 - flashinfer.jit: [Autotuner]: Loaded 18 configs from /work/build/.cache/vllm/flashinfer_autotune_cache/0.6.14/121a/319ae924887a56f4ce857ef2dc6212b9f738b51bad8326c48e0bfd2e2e8940e5/autotune_configs.json
2026-07-31 01:16:49,301 - INFO - autotuner.py:651 - flashinfer.jit: [Autotuner]: Autotuning process starts ...
2026-07-31 01:16:49,479 - INFO - autotuner.py:1009 - flashinfer.jit: [Autotuner]: Config cache hit for sparse_mla_sm120_decode_dsv4 (runner=SparseMlaDecodeV3Runner, source=config file)
2026-07-31 01:16:52,689 - INFO - autotuner.py:674 - flashinfer.jit: [Autotuner]: Autotuning process ends
2026-07-31 01:16:52,701 - INFO - autotuner.py:1899 - flashinfer.jit: [Autotuner]: Loaded 18 configs from /work/build/.cache/vllm/flashinfer_autotune_cache/0.6.14/121a/319ae924887a56f4ce857ef2dc6212b9f738b51bad8326c48e0bfd2e2e8940e5/autotune_configs.json
2026-07-31 01:16:52,827 - INFO - autotuner.py:651 - flashinfer.jit: [Autotuner]: Autotuning process starts ...
2026-07-31 01:16:58,625 - INFO - autotuner.py:674 - flashinfer.jit: [Autotuner]: Autotuning process ends
2026-07-31 02:03:10,420 - INFO - autotuner.py:651 - flashinfer.jit: [Autotuner]: Autotuning process starts ...
2026-07-31 02:03:14,464 - INFO - autotuner.py:674 - flashinfer.jit: [Autotuner]: Autotuning process ends
2026-07-31 02:03:14,482 - INFO - autotuner.py:1808 - flashinfer.jit: [Autotuner]: Saved 18 configs to /work/build/.cache/vllm/flashinfer_autotune_cache/0.6.14/121a/a7e2f0c95e370180026b43d0437828d840bdd8a0d8155666393a107918ca3051/autotune_configs.json (18 new, 0 from previous config)
2026-07-31 02:03:14,489 - INFO - autotuner.py:1899 - flashinfer.jit: [Autotuner]: Loaded 18 configs from /work/build/.cache/vllm/flashinfer_autotune_cache/0.6.14/121a/a7e2f0c95e370180026b43d0437828d840bdd8a0d8155666393a107918ca3051/autotune_configs.json
2026-07-31 02:03:14,582 - INFO - autotuner.py:651 - flashinfer.jit: [Autotuner]: Autotuning process starts ...
2026-07-31 02:03:20,346 - INFO - autotuner.py:674 - flashinfer.jit: [Autotuner]: Autotuning process ends
2026-07-31 02:10:11,877 - INFO - autotuner.py:1899 - flashinfer.jit: [Autotuner]: Loaded 18 configs from /work/build/.cache/vllm/flashinfer_autotune_cache/0.6.14/121a/a7e2f0c95e370180026b43d0437828d840bdd8a0d8155666393a107918ca3051/autotune_configs.json
2026-07-31 02:10:11,877 - INFO - autotuner.py:651 - flashinfer.jit: [Autotuner]: Autotuning process starts ...
2026-07-31 02:10:12,011 - INFO - autotuner.py:1009 - flashinfer.jit: [Autotuner]: Config cache hit for sparse_mla_sm120_decode_dsv4 (runner=SparseMlaDecodeV3Runner, source=config file)
2026-07-31 02:10:15,056 - INFO - autotuner.py:674 - flashinfer.jit: [Autotuner]: Autotuning process ends
2026-07-31 02:10:15,061 - INFO - autotuner.py:1899 - flashinfer.jit: [Autotuner]: Loaded 18 configs from /work/build/.cache/vllm/flashinfer_autotune_cache/0.6.14/121a/a7e2f0c95e370180026b43d0437828d840bdd8a0d8155666393a107918ca3051/autotune_configs.json
2026-07-31 02:10:15,137 - INFO - autotuner.py:651 - flashinfer.jit: [Autotuner]: Autotuning process starts ...
2026-07-31 02:10:20,947 - INFO - autotuner.py:674 - flashinfer.jit: [Autotuner]: Autotuning process ends
