{
  "image": "vllm-prefill-flashqla-spark:hkv-20260506-1527",
  "shape": {
    "q": [
      1,
      2048,
      16,
      128
    ],
    "v": [
      1,
      2048,
      48,
      128
    ],
    "split": 1568
  },
  "full_hkv_vs_orig": {
    "out_max": 0.0001220703125,
    "out_mean": 1.0275738532072864e-05,
    "state_max": 0.0009963959455490112,
    "state_mean": 0.00011239846207899973
  },
  "orig_seq_vs_full": {
    "out_max": 0.0001220703125,
    "out_mean": 2.1821865630045068e-06,
    "state_max": 0.0007559731602668762,
    "state_mean": 9.569898247718811e-05
  },
  "hkv_seq_vs_full": {
    "out_max": 0.0001220703125,
    "out_mean": 2.128609594365116e-06,
    "state_max": 0.0008330941200256348,
    "state_mean": 9.215450700139627e-05
  },
  "hkv_seq_vs_orig_seq": {
    "out_max": 0.0001220703125,
    "out_mean": 1.0278740774083417e-05,
    "state_max": 0.0009977612644433975,
    "state_mean": 0.00011101772543042898
  }
}