{
  "version": "0.3.7",
  "timestamp": "2026-05-09 02:44:12Z",
  "latency_mode": "api",
  "latency_ms": 1.8080200000743691,
  "model": "qwen35-27b-axionml-nvfp4",
  "prefix_caching_enabled": false,
  "max_concurrency": 1,
  "benchmarks": [
    {
      "concurrency": 1,
      "context_size": 0,
      "prompt_size": 2048,
      "response_size": 32,
      "is_context_prefill_phase": false,
      "pp_throughput": {
        "mean": 3181.355057003674,
        "std": 36.37096790201688,
        "values": [
          3142.269280158386,
          3139.633569079812,
          3196.3691334043133,
          3236.1155679968606,
          3192.387734378997
        ]
      },
      "pp_req_throughput": {
        "mean": 3181.355057003674,
        "std": 36.37096790201688,
        "values": [
          3142.269280158386,
          3139.633569079812,
          3196.3691334043133,
          3236.1155679968606,
          3192.387734378997
        ]
      },
      "tg_throughput": {
        "mean": 11.533291737075979,
        "std": 0.027183484561303678,
        "values": [
          11.526878787188023,
          11.48972974568274,
          11.527851787091558,
          11.551228358760929,
          11.570770006656645
        ]
      },
      "tg_req_throughput": {
        "mean": 11.533291737075979,
        "std": 0.027183484561303678,
        "values": [
          11.526878787188023,
          11.48972974568274,
          11.527851787091558,
          11.551228358760929,
          11.570770006656645
        ]
      },
      "peak_throughput": {
        "mean": 12.0,
        "std": 0.0,
        "values": [
          12.0,
          12.0,
          12.0,
          12.0,
          12.0
        ]
      },
      "peak_req_throughput": {
        "mean": 12.0,
        "std": 0.0,
        "values": [
          12.0,
          12.0,
          12.0,
          12.0,
          12.0
        ]
      },
      "ttfr": {
        "mean": 648.8502480016905,
        "std": 7.454056357536279,
        "values": [
          657.0669479988283,
          657.2985270031495,
          645.6635680006002,
          637.7556420047767,
          646.4665550010977
        ]
      },
      "est_ppt": {
        "mean": 647.0422280016161,
        "std": 7.454056357536279,
        "values": [
          655.2589279987538,
          655.4905070030751,
          643.8555480005258,
          635.9476220047023,
          644.6585350010233
        ]
      },
      "e2e_ttft": {
        "mean": 648.8502480016905,
        "std": 7.454056357536279,
        "values": [
          657.0669479988283,
          657.2985270031495,
          645.6635680006002,
          637.7556420047767,
          646.4665550010977
        ]
      },
      "throughput_over_time": null,
      "requests_throughput_over_time": null
    }
  ]
}