{
  "version": "0.3.7",
  "timestamp": "2026-05-08 23:16:10Z",
  "latency_mode": "api",
  "latency_ms": 1.8304423344185732,
  "model": "qwen35-27b-axionml-nvfp4",
  "prefix_caching_enabled": false,
  "max_concurrency": 1,
  "benchmarks": [
    {
      "concurrency": 1,
      "context_size": 0,
      "prompt_size": 2048,
      "response_size": 32,
      "is_context_prefill_phase": false,
      "pp_throughput": {
        "mean": 2690.8791960873714,
        "std": 174.35701648829632,
        "values": [
          2487.1154011310773,
          2672.508065758286,
          2913.014121372751
        ]
      },
      "pp_req_throughput": {
        "mean": 2690.8791960873714,
        "std": 174.35701648829632,
        "values": [
          2487.1154011310773,
          2672.508065758286,
          2913.014121372751
        ]
      },
      "tg_throughput": {
        "mean": 11.564169178757574,
        "std": 0.021983472516333084,
        "values": [
          11.594667327050038,
          11.554145696335029,
          11.543694512887653
        ]
      },
      "tg_req_throughput": {
        "mean": 11.564169178757574,
        "std": 0.021983472516333084,
        "values": [
          11.594667327050038,
          11.554145696335029,
          11.543694512887653
        ]
      },
      "peak_throughput": {
        "mean": 12.0,
        "std": 0.0,
        "values": [
          12.0,
          12.0,
          12.0
        ]
      },
      "peak_req_throughput": {
        "mean": 12.0,
        "std": 0.0,
        "values": [
          12.0,
          12.0,
          12.0
        ]
      },
      "ttfr": {
        "mean": 769.5861590000277,
        "std": 49.39278962665532,
        "values": [
          828.8929900008952,
          771.8935999982932,
          707.9718870008946
        ]
      },
      "est_ppt": {
        "mean": 767.7557166656092,
        "std": 49.39278962665532,
        "values": [
          827.0625476664767,
          770.0631576638747,
          706.1414446664761
        ]
      },
      "e2e_ttft": {
        "mean": 769.5861590000277,
        "std": 49.39278962665532,
        "values": [
          828.8929900008952,
          771.8935999982932,
          707.9718870008946
        ]
      },
      "throughput_over_time": null,
      "requests_throughput_over_time": null
    }
  ]
}