{
  "version": "0.3.7",
  "timestamp": "2026-05-09 09:47:48Z",
  "latency_mode": "api",
  "latency_ms": 1.7934813331521582,
  "model": "qwen35-27b-axionml-nvfp4",
  "prefix_caching_enabled": false,
  "max_concurrency": 1,
  "benchmarks": [
    {
      "concurrency": 1,
      "context_size": 0,
      "prompt_size": 2048,
      "response_size": 32,
      "is_context_prefill_phase": false,
      "pp_throughput": {
        "mean": 2865.9900268225215,
        "std": 112.80504322462865,
        "values": [
          2708.688579807018,
          2921.626456065904,
          2967.655044594643
        ]
      },
      "pp_req_throughput": {
        "mean": 2865.9900268225215,
        "std": 112.80504322462865,
        "values": [
          2708.688579807018,
          2921.626456065904,
          2967.655044594643
        ]
      },
      "tg_throughput": {
        "mean": 11.75258101149371,
        "std": 0.01274481787246189,
        "values": [
          11.77047510367037,
          11.741764026159515,
          11.745503904651242
        ]
      },
      "tg_req_throughput": {
        "mean": 11.75258101149371,
        "std": 0.01274481787246189,
        "values": [
          11.77047510367037,
          11.741764026159515,
          11.745503904651242
        ]
      },
      "peak_throughput": {
        "mean": 12.0,
        "std": 0.0,
        "values": [
          12.0,
          12.0,
          12.0
        ]
      },
      "peak_req_throughput": {
        "mean": 12.0,
        "std": 0.0,
        "values": [
          12.0,
          12.0,
          12.0
        ]
      },
      "ttfr": {
        "mean": 721.0122329999346,
        "std": 29.02396125783277,
        "values": [
          761.5707459999612,
          706.1956459997418,
          695.2703070001007
        ]
      },
      "est_ppt": {
        "mean": 719.2187516667824,
        "std": 29.02396125783277,
        "values": [
          759.7772646668091,
          704.4021646665897,
          693.4768256669486
        ]
      },
      "e2e_ttft": {
        "mean": 721.0122329999346,
        "std": 29.02396125783277,
        "values": [
          761.5707459999612,
          706.1956459997418,
          695.2703070001007
        ]
      },
      "throughput_over_time": null,
      "requests_throughput_over_time": null
    }
  ]
}