{
  "version": "0.3.7",
  "timestamp": "2026-05-08 18:18:02Z",
  "latency_mode": "api",
  "latency_ms": 2.821054666734805,
  "model": "qwen35-27b-axionml-nvfp4",
  "prefix_caching_enabled": false,
  "max_concurrency": 1,
  "benchmarks": [
    {
      "concurrency": 1,
      "context_size": 0,
      "prompt_size": 1536,
      "response_size": 32,
      "is_context_prefill_phase": false,
      "pp_throughput": {
        "mean": 2655.202451242966,
        "std": 122.98260361968579,
        "values": [
          2444.3660803481866,
          2587.845658155079,
          2730.185202023978,
          2770.3176942378473,
          2743.29762144974
        ]
      },
      "pp_req_throughput": {
        "mean": 2655.202451242966,
        "std": 122.98260361968579,
        "values": [
          2444.3660803481866,
          2587.845658155079,
          2730.185202023978,
          2770.3176942378473,
          2743.29762144974
        ]
      },
      "tg_throughput": {
        "mean": 11.57899983574337,
        "std": 0.02270084741613232,
        "values": [
          11.602061847773825,
          11.593375121810698,
          11.536387919967998,
          11.583705329954155,
          11.579468959210171
        ]
      },
      "tg_req_throughput": {
        "mean": 11.57899983574337,
        "std": 0.02270084741613232,
        "values": [
          11.602061847773825,
          11.593375121810698,
          11.536387919967998,
          11.583705329954155,
          11.579468959210171
        ]
      },
      "peak_throughput": {
        "mean": 12.0,
        "std": 0.0,
        "values": [
          12.0,
          12.0,
          12.0,
          12.0,
          12.0
        ]
      },
      "peak_req_throughput": {
        "mean": 12.0,
        "std": 0.0,
        "values": [
          12.0,
          12.0,
          12.0,
          12.0,
          12.0
        ]
      },
      "ttfr": {
        "mean": 586.2910257999829,
        "std": 27.9079127336113,
        "values": [
          634.8867719998452,
          600.2291710001373,
          569.0830060002554,
          560.8797940003569,
          566.3763859993196
        ]
      },
      "est_ppt": {
        "mean": 583.4699711332481,
        "std": 27.9079127336113,
        "values": [
          632.0657173331105,
          597.4081163334025,
          566.2619513335206,
          558.0587393336222,
          563.5553313325848
        ]
      },
      "e2e_ttft": {
        "mean": 586.2910257999829,
        "std": 27.9079127336113,
        "values": [
          634.8867719998452,
          600.2291710001373,
          569.0830060002554,
          560.8797940003569,
          566.3763859993196
        ]
      },
      "throughput_over_time": null,
      "requests_throughput_over_time": null
    }
  ]
}