{
  "version": "0.3.7",
  "timestamp": "2026-05-09 19:45:36Z",
  "latency_mode": "api",
  "latency_ms": 1.6590429998662632,
  "model": "qwen35-27b-axionml-nvfp4",
  "prefix_caching_enabled": false,
  "max_concurrency": 1,
  "benchmarks": [
    {
      "concurrency": 1,
      "context_size": 0,
      "prompt_size": 2048,
      "response_size": 32,
      "is_context_prefill_phase": false,
      "pp_throughput": {
        "mean": 3041.7371624699226,
        "std": 179.84874141356562,
        "values": [
          2894.058141727454,
          3294.9130461915584,
          2936.240299490756
        ]
      },
      "pp_req_throughput": {
        "mean": 3041.7371624699226,
        "std": 179.84874141356562,
        "values": [
          2894.058141727454,
          3294.9130461915584,
          2936.240299490756
        ]
      },
      "tg_throughput": {
        "mean": 11.513372957244284,
        "std": 0.005345838673423663,
        "values": [
          11.50973582397558,
          11.509451712655896,
          11.520931335101373
        ]
      },
      "tg_req_throughput": {
        "mean": 11.513372957244284,
        "std": 0.005345838673423663,
        "values": [
          11.50973582397558,
          11.509451712655896,
          11.520931335101373
        ]
      },
      "peak_throughput": {
        "mean": 12.0,
        "std": 0.0,
        "values": [
          12.0,
          12.0,
          12.0
        ]
      },
      "peak_req_throughput": {
        "mean": 12.0,
        "std": 0.0,
        "values": [
          12.0,
          12.0,
          12.0
        ]
      },
      "ttfr": {
        "mean": 680.5282693336873,
        "std": 38.60068320717066,
        "values": [
          712.7712250003242,
          626.2582269991981,
          702.5553560015396
        ]
      },
      "est_ppt": {
        "mean": 678.8692263338211,
        "std": 38.60068320717066,
        "values": [
          711.1121820004579,
          624.5991839993318,
          700.8963130016733
        ]
      },
      "e2e_ttft": {
        "mean": 680.5282693336873,
        "std": 38.60068320717066,
        "values": [
          712.7712250003242,
          626.2582269991981,
          702.5553560015396
        ]
      },
      "throughput_over_time": null,
      "requests_throughput_over_time": null
    }
  ]
}