{
  "version": "0.3.7",
  "timestamp": "2026-05-10 04:40:28Z",
  "latency_mode": "api",
  "latency_ms": 1.8055179971270263,
  "model": "qwen35-27b-axionml-nvfp4",
  "prefix_caching_enabled": false,
  "max_concurrency": 1,
  "benchmarks": [
    {
      "concurrency": 1,
      "context_size": 0,
      "prompt_size": 2048,
      "response_size": 32,
      "is_context_prefill_phase": false,
      "pp_throughput": {
        "mean": 3154.5579885006637,
        "std": 110.67839784519903,
        "values": [
          2760.073312717893,
          2818.0030636806955,
          3104.378757718295,
          3094.4339598521688,
          3135.530594963291,
          3020.8445362661405,
          3150.40987154908,
          3157.846106850394,
          3165.943944017195,
          3196.753094943937,
          3127.3148331266393,
          3127.468083423491,
          3194.886289188765,
          3216.940623153051,
          3216.1613669452563,
          3195.2799188528006,
          3179.3976760860946,
          3274.1940126978343,
          3219.0417613638956,
          3199.8458352089015,
          3186.4671082563755,
          3208.3469351653985,
          3199.7541842507762,
          3196.342315818479,
          3231.1245276632512,
          3172.3504241225423,
          3176.9213668553803,
          3192.7055396916307,
          3235.979549055557,
          3282.0000615346976
        ]
      },
      "pp_req_throughput": {
        "mean": 3154.5579885006637,
        "std": 110.67839784519903,
        "values": [
          2760.073312717893,
          2818.0030636806955,
          3104.378757718295,
          3094.4339598521688,
          3135.530594963291,
          3020.8445362661405,
          3150.40987154908,
          3157.846106850394,
          3165.943944017195,
          3196.753094943937,
          3127.3148331266393,
          3127.468083423491,
          3194.886289188765,
          3216.940623153051,
          3216.1613669452563,
          3195.2799188528006,
          3179.3976760860946,
          3274.1940126978343,
          3219.0417613638956,
          3199.8458352089015,
          3186.4671082563755,
          3208.3469351653985,
          3199.7541842507762,
          3196.342315818479,
          3231.1245276632512,
          3172.3504241225423,
          3176.9213668553803,
          3192.7055396916307,
          3235.979549055557,
          3282.0000615346976
        ]
      },
      "tg_throughput": {
        "mean": 11.520538977264184,
        "std": 0.022231575614895204,
        "values": [
          11.541019257442015,
          11.544916698191036,
          11.558781142881209,
          11.53607748495476,
          11.521028581229242,
          11.502695331610814,
          11.509165312301027,
          11.56446040393505,
          11.52917227837574,
          11.542660785678855,
          11.531798185049798,
          11.513867667106064,
          11.515283714013083,
          11.518316875366382,
          11.531186571463447,
          11.530587396159738,
          11.463885911175964,
          11.510408510787357,
          11.547343508618116,
          11.52973575719333,
          11.536347680262365,
          11.535399270665115,
          11.503446532935156,
          11.504475476628334,
          11.488330594388666,
          11.512987560810563,
          11.491234172774789,
          11.486156857810894,
          11.499059433486792,
          11.5163403646298
        ]
      },
      "tg_req_throughput": {
        "mean": 11.520538977264184,
        "std": 0.022231575614895204,
        "values": [
          11.541019257442015,
          11.544916698191036,
          11.558781142881209,
          11.53607748495476,
          11.521028581229242,
          11.502695331610814,
          11.509165312301027,
          11.56446040393505,
          11.52917227837574,
          11.542660785678855,
          11.531798185049798,
          11.513867667106064,
          11.515283714013083,
          11.518316875366382,
          11.531186571463447,
          11.530587396159738,
          11.463885911175964,
          11.510408510787357,
          11.547343508618116,
          11.52973575719333,
          11.536347680262365,
          11.535399270665115,
          11.503446532935156,
          11.504475476628334,
          11.488330594388666,
          11.512987560810563,
          11.491234172774789,
          11.486156857810894,
          11.499059433486792,
          11.5163403646298
        ]
      },
      "peak_throughput": {
        "mean": 12.0,
        "std": 0.0,
        "values": [
          12.0,
          12.0,
          12.0,
          12.0,
          12.0,
          12.0,
          12.0,
          12.0,
          12.0,
          12.0,
          12.0,
          12.0,
          12.0,
          12.0,
          12.0,
          12.0,
          12.0,
          12.0,
          12.0,
          12.0,
          12.0,
          12.0,
          12.0,
          12.0,
          12.0,
          12.0,
          12.0,
          12.0,
          12.0,
          12.0
        ]
      },
      "peak_req_throughput": {
        "mean": 12.0,
        "std": 0.0,
        "values": [
          12.0,
          12.0,
          12.0,
          12.0,
          12.0,
          12.0,
          12.0,
          12.0,
          12.0,
          12.0,
          12.0,
          12.0,
          12.0,
          12.0,
          12.0,
          12.0,
          12.0,
          12.0,
          12.0,
          12.0,
          12.0,
          12.0,
          12.0,
          12.0,
          12.0,
          12.0,
          12.0,
          12.0,
          12.0,
          12.0
        ]
      },
      "ttfr": {
        "mean": 655.0846051322878,
        "std": 25.088170563466765,
        "values": [
          747.4378859915305,
          732.1099050022895,
          664.7400890069548,
          666.8706079944968,
          658.1537619931623,
          683.0719569989014,
          655.0538519950351,
          653.515554004116,
          651.8486130080419,
          645.8965500060003,
          659.8780530039221,
          660.1655539998319,
          645.9598990040831,
          641.5437789983116,
          641.3878539897269,
          645.8805449947249,
          649.0979329973925,
          630.3571530006593,
          641.1262079927837,
          644.9615029996494,
          647.6618629967561,
          643.2573439960834,
          644.9799249967327,
          645.6664680008544,
          638.7354729959043,
          650.2206440054579,
          649.9172470066696,
          646.399883000413,
          637.7798709872877,
          628.8621790008619
        ]
      },
      "est_ppt": {
        "mean": 653.2790871351608,
        "std": 25.088170563466765,
        "values": [
          745.6323679944035,
          730.3043870051624,
          662.9345710098278,
          665.0650899973698,
          656.3482439960353,
          681.2664390017744,
          653.248333997908,
          651.710036006989,
          650.0430950109148,
          644.0910320088733,
          658.0725350067951,
          658.3600360027049,
          644.1543810069561,
          639.7382610011846,
          639.5823359925998,
          644.0750269975979,
          647.2924150002655,
          628.5516350035323,
          639.3206899956567,
          643.1559850025224,
          645.8563449996291,
          641.4518259989563,
          643.1744069996057,
          643.8609500037273,
          636.9299549987772,
          648.4151260083308,
          648.1117290095426,
          644.5943650032859,
          635.9743529901607,
          627.0566610037349
        ]
      },
      "e2e_ttft": {
        "mean": 655.0846051322878,
        "std": 25.088170563466765,