{
  "version": "0.3.7",
  "timestamp": "2026-05-09 20:28:51Z",
  "latency_mode": "api",
  "latency_ms": 1.7484000030284126,
  "model": "qwen35-27b-axionml-nvfp4",
  "prefix_caching_enabled": false,
  "max_concurrency": 1,
  "benchmarks": [
    {
      "concurrency": 1,
      "context_size": 0,
      "prompt_size": 2048,
      "response_size": 32,
      "is_context_prefill_phase": false,
      "pp_throughput": {
        "mean": 3281.6315507395884,
        "std": 8.65208526138224,
        "values": [
          3271.3917350577362,
          3292.5521051097053,
          3280.9508120513246
        ]
      },
      "pp_req_throughput": {
        "mean": 3281.6315507395884,
        "std": 8.65208526138224,
        "values": [
          3271.3917350577362,
          3292.5521051097053,
          3280.9508120513246
        ]
      },
      "tg_throughput": {
        "mean": 11.527759370914419,
        "std": 0.01416829985363438,
        "values": [
          11.547420847049102,
          11.521272410391665,
          11.514584855302488
        ]
      },
      "tg_req_throughput": {
        "mean": 11.527759370914419,
        "std": 0.01416829985363438,
        "values": [
          11.547420847049102,
          11.521272410391665,
          11.514584855302488
        ]
      },
      "peak_throughput": {
        "mean": 12.0,
        "std": 0.0,
        "values": [
          12.0,
          12.0,
          12.0
        ]
      },
      "peak_req_throughput": {
        "mean": 12.0,
        "std": 0.0,
        "values": [
          12.0,
          12.0,
          12.0
        ]
      },
      "ttfr": {
        "mean": 628.8798343327168,
        "std": 1.6529403752958451,
        "values": [
          630.8384530057083,
          626.7954559953068,
          629.0055939971353
        ]
      },
      "est_ppt": {
        "mean": 627.1314343296884,
        "std": 1.6529403752958451,
        "values": [
          629.0900530026798,
          625.0470559922784,
          627.2571939941068
        ]
      },
      "e2e_ttft": {
        "mean": 628.8798343327168,
        "std": 1.6529403752958451,
        "values": [
          630.8384530057083,
          626.7954559953068,
          629.0055939971353
        ]
      },
      "throughput_over_time": null,
      "requests_throughput_over_time": null
    }
  ]
}