{
  "version": "0.3.7",
  "timestamp": "2026-05-09 10:44:59Z",
  "latency_mode": "api",
  "latency_ms": 1.6420296669821255,
  "model": "qwen35-27b-axionml-nvfp4",
  "prefix_caching_enabled": false,
  "max_concurrency": 1,
  "benchmarks": [
    {
      "concurrency": 1,
      "context_size": 0,
      "prompt_size": 2048,
      "response_size": 32,
      "is_context_prefill_phase": false,
      "pp_throughput": {
        "mean": 3304.466540261601,
        "std": 6.022228087893515,
        "values": [
          3299.352327195708,
          3295.80124978002,
          3312.3023095631684,
          3308.1561999587643,
          3306.720614810342
        ]
      },
      "pp_req_throughput": {
        "mean": 3304.466540261601,
        "std": 6.022228087893515,
        "values": [
          3299.352327195708,
          3295.80124978002,
          3312.3023095631684,
          3308.1561999587643,
          3306.720614810342
        ]
      },
      "tg_throughput": {
        "mean": 11.576270761106809,
        "std": 0.01717717889615377,
        "values": [
          11.582706918436633,
          11.579052063497233,
          11.603687161132536,
          11.559265086296119,
          11.55664257617153
        ]
      },
      "tg_req_throughput": {
        "mean": 11.576270761106809,
        "std": 0.01717717889615377,
        "values": [
          11.582706918436633,
          11.579052063497233,
          11.603687161132536,
          11.559265086296119,
          11.55664257617153
        ]
      },
      "peak_throughput": {
        "mean": 12.0,
        "std": 0.0,
        "values": [
          12.0,
          12.0,
          12.0,
          12.0,
          12.0
        ]
      },
      "peak_req_throughput": {
        "mean": 12.0,
        "std": 0.0,
        "values": [
          12.0,
          12.0,
          12.0,
          12.0,
          12.0
        ]
      },
      "ttfr": {
        "mean": 624.4375136002418,
        "std": 1.1354749872870626,
        "values": [
          625.4008150008303,
          626.0728870001913,
          622.9621290003706,
          623.7408289998712,
          624.0109079999456
        ]
      },
      "est_ppt": {
        "mean": 622.7954839332597,
        "std": 1.1354749872870626,
        "values": [
          623.7587853338482,
          624.4308573332091,
          621.3200993333885,
          622.098799332889,
          622.3688783329635
        ]
      },
      "e2e_ttft": {
        "mean": 624.4375136002418,
        "std": 1.1354749872870626,
        "values": [
          625.4008150008303,
          626.0728870001913,
          622.9621290003706,
          623.7408289998712,
          624.0109079999456
        ]
      },
      "throughput_over_time": null,
      "requests_throughput_over_time": null
    }
  ]
}