{
  "version": "0.3.7",
  "timestamp": "2026-05-08 17:33:57Z",
  "latency_mode": "api",
  "latency_ms": 1.692163333549009,
  "model": "qwen35-27b-axionml-nvfp4",
  "prefix_caching_enabled": false,
  "max_concurrency": 1,
  "benchmarks": [
    {
      "concurrency": 1,
      "context_size": 0,
      "prompt_size": 2048,
      "response_size": 32,
      "is_context_prefill_phase": false,
      "pp_throughput": {
        "mean": 2616.928497116544,
        "std": 146.6258696580224,
        "values": [
          2493.0881775220237,
          2534.8125506365855,
          2822.8847631910235
        ]
      },
      "pp_req_throughput": {
        "mean": 2616.928497116544,
        "std": 146.6258696580224,
        "values": [
          2493.0881775220237,
          2534.8125506365855,
          2822.8847631910235
        ]
      },
      "tg_throughput": {
        "mean": 11.699715953404215,
        "std": 0.02317834703134937,
        "values": [
          11.714215178731662,
          11.717925779173743,
          11.667006902307243
        ]
      },
      "tg_req_throughput": {
        "mean": 11.699715953404215,
        "std": 0.02317834703134937,
        "values": [
          11.714215178731662,
          11.717925779173743,
          11.667006902307243
        ]
      },
      "peak_throughput": {
        "mean": 12.0,
        "std": 0.0,
        "values": [
          12.0,
          12.0,
          12.0
        ]
      },
      "peak_req_throughput": {
        "mean": 12.0,
        "std": 0.0,
        "values": [
          12.0,
          12.0,
          12.0
        ]
      },
      "ttfr": {
        "mean": 790.4981763334339,
        "std": 42.622450214926324,
        "values": [
          827.1743979994426,
          813.5865180001929,
          730.7336130006661
        ]
      },
      "est_ppt": {
        "mean": 788.8060129998848,
        "std": 42.622450214926324,
        "values": [
          825.4822346658935,
          811.8943546666438,
          729.041449667117
        ]
      },
      "e2e_ttft": {
        "mean": 790.4981763334339,
        "std": 42.622450214926324,
        "values": [
          827.1743979994426,
          813.5865180001929,
          730.7336130006661
        ]
      },
      "throughput_over_time": null,
      "requests_throughput_over_time": null
    }
  ]
}