{
  "version": "0.3.7",
  "timestamp": "2026-05-08 18:35:58Z",
  "latency_mode": "api",
  "latency_ms": 1.8542020000798705,
  "model": "qwen35-27b-axionml-nvfp4",
  "prefix_caching_enabled": false,
  "max_concurrency": 1,
  "benchmarks": [
    {
      "concurrency": 1,
      "context_size": 0,
      "prompt_size": 2048,
      "response_size": 32,
      "is_context_prefill_phase": false,
      "pp_throughput": {
        "mean": 3110.14874943947,
        "std": 7.350504290269634,
        "values": [
          3110.55988133815,
          3122.3175643361055,
          3112.65171608082,
          3103.5790180689078,
          3101.6355673733674
        ]
      },
      "pp_req_throughput": {
        "mean": 3110.14874943947,
        "std": 7.350504290269634,
        "values": [
          3110.55988133815,
          3122.3175643361055,
          3112.65171608082,
          3103.5790180689078,
          3101.6355673733674
        ]
      },
      "tg_throughput": {
        "mean": 11.55268081254782,
        "std": 0.011673188724554497,
        "values": [
          11.569704959706339,
          11.550886669608841,
          11.54573716925116,
          11.536173772075617,
          11.560901492097148
        ]
      },
      "tg_req_throughput": {
        "mean": 11.55268081254782,
        "std": 0.011673188724554497,
        "values": [
          11.569704959706339,
          11.550886669608841,
          11.54573716925116,
          11.536173772075617,
          11.560901492097148
        ]
      },
      "peak_throughput": {
        "mean": 12.0,
        "std": 0.0,
        "values": [
          12.0,
          12.0,
          12.0,
          12.0,
          12.0
        ]
      },
      "peak_req_throughput": {
        "mean": 12.0,
        "std": 0.0,
        "values": [
          12.0,
          12.0,
          12.0,
          12.0,
          12.0
        ]
      },
      "ttfr": {
        "mean": 663.4980974000428,
        "std": 1.4910716689859573,
        "values": [
          663.4714280007756,
          660.9799819998443,
          663.026792999517,
          664.9595999997473,
          665.0526840003295
        ]
      },
      "est_ppt": {
        "mean": 661.6438953999628,
        "std": 1.4910716689859573,
        "values": [
          661.6172260006957,
          659.1257799997644,
          661.1725909994371,
          663.1053979996674,
          663.1984820002496
        ]
      },
      "e2e_ttft": {
        "mean": 663.4980974000428,
        "std": 1.4910716689859573,
        "values": [
          663.4714280007756,
          660.9799819998443,
          663.026792999517,
          664.9595999997473,
          665.0526840003295
        ]
      },
      "throughput_over_time": null,
      "requests_throughput_over_time": null
    }
  ]
}