{
  "version": "0.3.7",
  "timestamp": "2026-05-09 20:53:24Z",
  "latency_mode": "api",
  "latency_ms": 2.0411649990516403,
  "model": "qwen35-27b-axionml-nvfp4",
  "prefix_caching_enabled": false,
  "max_concurrency": 1,
  "benchmarks": [
    {
      "concurrency": 1,
      "context_size": 0,
      "prompt_size": 2048,
      "response_size": 32,
      "is_context_prefill_phase": false,
      "pp_throughput": {
        "mean": 3302.9849736624833,
        "std": 4.195944317280505,
        "values": [
          3299.684954926035,
          3308.905970074108,
          3300.363995987307
        ]
      },
      "pp_req_throughput": {
        "mean": 3302.9849736624833,
        "std": 4.195944317280505,
        "values": [
          3299.684954926035,
          3308.905970074108,
          3300.363995987307
        ]
      },
      "tg_throughput": {
        "mean": 11.552277139260203,
        "std": 0.010844860900322429,
        "values": [
          11.559271525756774,
          11.560600497186606,
          11.536959394837227
        ]
      },
      "tg_req_throughput": {
        "mean": 11.552277139260203,
        "std": 0.010844860900322429,
        "values": [
          11.559271525756774,
          11.560600497186606,
          11.536959394837227
        ]
      },
      "peak_throughput": {
        "mean": 12.0,
        "std": 0.0,
        "values": [
          12.0,
          12.0,
          12.0
        ]
      },
      "peak_req_throughput": {
        "mean": 12.0,
        "std": 0.0,
        "values": [
          12.0,
          12.0,
          12.0
        ]
      },
      "ttfr": {
        "mean": 625.2159603342685,
        "std": 0.8783558528318305,
        "values": [
          626.0401309991721,
          623.9990020039841,
          625.6087479996495
        ]
      },
      "est_ppt": {
        "mean": 623.1747953352169,
        "std": 0.8783558528318305,
        "values": [
          623.9989660001205,
          621.9578370049325,
          623.5675830005979
        ]
      },
      "e2e_ttft": {
        "mean": 625.2159603342685,
        "std": 0.8783558528318305,
        "values": [
          626.0401309991721,
          623.9990020039841,
          625.6087479996495
        ]
      },
      "throughput_over_time": null,
      "requests_throughput_over_time": null
    }
  ]
}