{
  "version": "0.3.7",
  "timestamp": "2026-05-09 21:19:01Z",
  "latency_mode": "api",
  "latency_ms": 2.5470416682461896,
  "model": "qwen35-27b-axionml-nvfp4",
  "prefix_caching_enabled": false,
  "max_concurrency": 1,
  "benchmarks": [
    {
      "concurrency": 1,
      "context_size": 0,
      "prompt_size": 2048,
      "response_size": 32,
      "is_context_prefill_phase": false,
      "pp_throughput": {
        "mean": 2746.6140849058193,
        "std": 53.78543128385526,
        "values": [
          2734.037196416756,
          2817.869253975724,
          2687.935804324978
        ]
      },
      "pp_req_throughput": {
        "mean": 2746.6140849058193,
        "std": 53.78543128385526,
        "values": [
          2734.037196416756,
          2817.869253975724,
          2687.935804324978
        ]
      },
      "tg_throughput": {
        "mean": 11.508855524368771,
        "std": 0.035565377060050654,
        "values": [
          11.549913702053388,
          11.513486197092293,
          11.463166673960638
        ]
      },
      "tg_req_throughput": {
        "mean": 11.508855524368771,
        "std": 0.035565377060050654,
        "values": [
          11.549913702053388,
          11.513486197092293,
          11.463166673960638
        ]
      },
      "peak_throughput": {
        "mean": 12.0,
        "std": 0.0,
        "values": [
          12.0,
          12.0,
          12.0
        ]
      },
      "peak_req_throughput": {
        "mean": 12.0,
        "std": 0.0,
        "values": [
          12.0,
          12.0,
          12.0
        ]
      },
      "ttfr": {
        "mean": 752.1188230020925,
        "std": 14.585195943936107,
        "values": [
          755.2800339981331,
          732.8861080022762,
          768.1903270058683
        ]
      },
      "est_ppt": {
        "mean": 749.5717813338464,
        "std": 14.585195943936107,
        "values": [
          752.732992329887,
          730.33906633403,
          765.6432853376222
        ]
      },
      "e2e_ttft": {
        "mean": 752.1188230020925,
        "std": 14.585195943936107,
        "values": [
          755.2800339981331,
          732.8861080022762,
          768.1903270058683
        ]
      },
      "throughput_over_time": null,
      "requests_throughput_over_time": null
    }
  ]
}