{
  "version": "0.3.7",
  "timestamp": "2026-05-10 04:50:21Z",
  "latency_mode": "api",
  "latency_ms": 2.512068342184648,
  "model": "qwen35-27b-axionml-nvfp4",
  "prefix_caching_enabled": false,
  "max_concurrency": 1,
  "benchmarks": [
    {
      "concurrency": 1,
      "context_size": 0,
      "prompt_size": 2048,
      "response_size": 32,
      "is_context_prefill_phase": false,
      "pp_throughput": {
        "mean": 3160.151508281995,
        "std": 124.77475906399603,
        "values": [
          3144.9269360556527,
          2715.1273084763857,
          2849.744864666962,
          3121.2433244209556,
          2959.4770513188005,
          3054.07066203292,
          3066.7039872404685,
          3106.352078014119,
          3141.061832923565,
          3157.9384902801053,
          3192.9583747777615,
          3187.681464068941,
          3236.320610254501,
          3167.781517312665,
          3161.5513926063304,
          3190.9782348104186,
          3227.8785532543875,
          3213.4547269891123,
          3234.941781435415,
          3196.8970493379898,
          3219.2340447570186,
          3234.89534404164,
          3326.6834006570925,
          3232.7080724547413,
          3240.487834517952,
          3245.904083258699,
          3235.3752335572885,
          3245.17231601458,
          3247.9533992599654,
          3249.0412796634173
        ]
      },
      "pp_req_throughput": {
        "mean": 3160.151508281995,
        "std": 124.77475906399603,
        "values": [
          3144.9269360556527,
          2715.1273084763857,
          2849.744864666962,
          3121.2433244209556,
          2959.4770513188005,
          3054.07066203292,
          3066.7039872404685,
          3106.352078014119,
          3141.061832923565,
          3157.9384902801053,
          3192.9583747777615,
          3187.681464068941,
          3236.320610254501,
          3167.781517312665,
          3161.5513926063304,
          3190.9782348104186,
          3227.8785532543875,
          3213.4547269891123,
          3234.941781435415,
          3196.8970493379898,
          3219.2340447570186,
          3234.89534404164,
          3326.6834006570925,
          3232.7080724547413,
          3240.487834517952,
          3245.904083258699,
          3235.3752335572885,
          3245.17231601458,
          3247.9533992599654,
          3249.0412796634173
        ]
      },
      "tg_throughput": {
        "mean": 11.529325924119028,
        "std": 0.02034172842879565,
        "values": [
          11.56415116114339,
          11.588589076109503,
          11.49360208935346,
          11.559150172834501,
          11.556861375222503,
          11.51236680798339,
          11.52438221074496,
          11.524719810018563,
          11.53490165314363,
          11.535829757681007,
          11.516405518642863,
          11.522536055498476,
          11.53645739671416,
          11.510767483070424,
          11.532259030286474,
          11.532674154952277,
          11.502800789520183,
          11.53498257626816,
          11.539185928775657,
          11.524582086731316,
          11.507806347159827,
          11.531366145824503,
          11.529552430149675,
          11.489037212793358,
          11.509243776698296,
          11.542718239482657,
          11.525502485081528,
          11.523144327351995,
          11.540831141718927,
          11.533370482615233
        ]
      },
      "tg_req_throughput": {
        "mean": 11.529325924119028,
        "std": 0.02034172842879565,
        "values": [
          11.56415116114339,
          11.588589076109503,
          11.49360208935346,
          11.559150172834501,
          11.556861375222503,
          11.51236680798339,
          11.52438221074496,
          11.524719810018563,
          11.53490165314363,
          11.535829757681007,
          11.516405518642863,
          11.522536055498476,
          11.53645739671416,
          11.510767483070424,
          11.532259030286474,
          11.532674154952277,
          11.502800789520183,
          11.53498257626816,
          11.539185928775657,
          11.524582086731316,
          11.507806347159827,
          11.531366145824503,
          11.529552430149675,
          11.489037212793358,
          11.509243776698296,
          11.542718239482657,
          11.525502485081528,
          11.523144327351995,
          11.540831141718927,
          11.533370482615233
        ]
      },
      "peak_throughput": {
        "mean": 12.0,
        "std": 0.0,
        "values": [
          12.0,
          12.0,
          12.0,
          12.0,
          12.0,
          12.0,
          12.0,
          12.0,
          12.0,
          12.0,
          12.0,
          12.0,
          12.0,
          12.0,
          12.0,
          12.0,
          12.0,
          12.0,
          12.0,
          12.0,
          12.0,
          12.0,
          12.0,
          12.0,
          12.0,
          12.0,
          12.0,
          12.0,
          12.0,
          12.0
        ]
      },
      "peak_req_throughput": {
        "mean": 12.0,
        "std": 0.0,
        "values": [
          12.0,
          12.0,
          12.0,
          12.0,
          12.0,
          12.0,
          12.0,
          12.0,
          12.0,
          12.0,
          12.0,
          12.0,
          12.0,
          12.0,
          12.0,
          12.0,
          12.0,
          12.0,
          12.0,
          12.0,
          12.0,
          12.0,
          12.0,
          12.0,
          12.0,
          12.0,
          12.0,
          12.0,
          12.0,
          12.0
        ]
      },
      "ttfr": {
        "mean": 654.8452250669167,
        "std": 28.139612877040594,
        "values": [
          656.8992899992736,
          760.4875760007417,
          724.6819809952285,
          661.864699999569,
          697.9051950038411,
          676.3668109924765,
          673.590858001262,
          665.0255080021452,
          657.7045190060744,
          654.2030389973661,
          647.0553910039598,
          647.8086650022306,
          638.1104059983045,
          652.1780850016512,
          653.4583110042149,
          647.4553580046631,
          640.0825239979895,
          642.6331139955437,
          638.3813169959467,
          646.26129399403,
          641.7945720022544,
          638.6995740031125,
          621.1462310020579,
          639.7486990026664,
          637.9102260107175,
          636.541893996764,
          638.6052110028686,
          636.6848639881937,
          636.1418490123469,
          635.9296899900073
        ]
      },
      "est_ppt": {
        "mean": 652.333156724732,
        "std": 28.139612877040594,
        "values": [
          654.387221657089,
          757.975507658557,
          722.1699126530439,
          659.3526316573843,
          695.3931266616564,
          673.8547426502919,
          671.0787896590773,
          662.5134396599606,
          655.1924506638898,
          651.6909706551814,
          644.5433226617752,
          645.2965966600459,
          635.5983376561198,
          649.6660166594665,
          650.9462426620303,
          644.9432896624785,
          637.5704556558048,
          640.121045653359,
          635.869248653762,
          643.7492256518453,
          639.2825036600698,
          636.1875056609279,
          618.6341626598733,
          637.2366306604818,
          635.3981576685328,
          634.0298256545793,
          636.093142660684,
          634.172795646009,
          633.6297806701623,
          633.4176216478227
        ]
      },
      "e2e_ttft": {
        "mean": 654.8452250669167,
        "std": 28.139612877040594,