{
  "version": "0.3.7",
  "timestamp": "2026-05-09 21:57:34Z",
  "latency_mode": "api",
  "latency_ms": 1.4877876674290746,
  "model": "qwen35-27b-axionml-nvfp4",
  "prefix_caching_enabled": false,
  "max_concurrency": 1,
  "benchmarks": [
    {
      "concurrency": 1,
      "context_size": 0,
      "prompt_size": 2048,
      "response_size": 32,
      "is_context_prefill_phase": false,
      "pp_throughput": {
        "mean": 3285.0147291199996,
        "std": 5.695874005162936,
        "values": [
          3290.2541095953225,
          3287.6937311927236,
          3277.0963465719524
        ]
      },
      "pp_req_throughput": {
        "mean": 3285.0147291199996,
        "std": 5.695874005162936,
        "values": [
          3290.2541095953225,
          3287.6937311927236,
          3277.0963465719524
        ]
      },
      "tg_throughput": {
        "mean": 11.513228149738554,
        "std": 0.005337191363782457,
        "values": [
          11.505743263045048,
          11.517813665365404,
          11.516127520805215
        ]
      },
      "tg_req_throughput": {
        "mean": 11.513228149738554,
        "std": 0.005337191363782457,
        "values": [
          11.505743263045048,
          11.517813665365404,
          11.516127520805215
        ]
      },
      "peak_throughput": {
        "mean": 12.0,
        "std": 0.0,
        "values": [
          12.0,
          12.0,
          12.0
        ]
      },
      "peak_req_throughput": {
        "mean": 12.0,
        "std": 0.0,
        "values": [
          12.0,
          12.0,
          12.0
        ]
      },
      "ttfr": {
        "mean": 628.072191667646,
        "std": 1.000215748421199,
        "values": [
          627.2753200028092,
          627.4585040009697,
          629.4827509991592
        ]
      },
      "est_ppt": {
        "mean": 626.584404000217,
        "std": 1.000215748421199,
        "values": [
          625.7875323353801,
          625.9707163335406,
          627.9949633317301
        ]
      },
      "e2e_ttft": {
        "mean": 628.072191667646,
        "std": 1.000215748421199,
        "values": [
          627.2753200028092,
          627.4585040009697,
          629.4827509991592
        ]
      },
      "throughput_over_time": null,
      "requests_throughput_over_time": null
    }
  ]
}