{
  "version": "0.3.7",
  "timestamp": "2026-05-08 23:22:52Z",
  "latency_mode": "api",
  "latency_ms": 1.6392049995677855,
  "model": "qwen35-27b-axionml-nvfp4",
  "prefix_caching_enabled": false,
  "max_concurrency": 1,
  "benchmarks": [
    {
      "concurrency": 1,
      "context_size": 0,
      "prompt_size": 2048,
      "response_size": 32,
      "is_context_prefill_phase": false,
      "pp_throughput": {
        "mean": 2722.9278855256944,
        "std": 12.548452519010745,
        "values": [
          2707.5262175874636,
          2738.263309167684,
          2722.994129821935
        ]
      },
      "pp_req_throughput": {
        "mean": 2722.9278855256944,
        "std": 12.548452519010745,
        "values": [
          2707.5262175874636,
          2738.263309167684,
          2722.994129821935
        ]
      },
      "tg_throughput": {
        "mean": 11.578803352099039,
        "std": 0.04167509654389168,
        "values": [
          11.522313385080695,
          11.621604544854229,
          11.592492126362192
        ]
      },
      "tg_req_throughput": {
        "mean": 11.578803352099039,
        "std": 0.04167509654389168,
        "values": [
          11.522313385080695,
          11.621604544854229,
          11.592492126362192
        ]
      },
      "peak_throughput": {
        "mean": 12.0,
        "std": 0.0,
        "values": [
          12.0,
          12.0,
          12.0
        ]
      },
      "peak_req_throughput": {
        "mean": 12.0,
        "std": 0.0,
        "values": [
          12.0,
          12.0,
          12.0
        ]
      },
      "ttfr": {
        "mean": 757.4593356657715,
        "std": 3.483335068086408,
        "values": [
          761.7426479991991,
          753.2104629972309,
          757.4248960008845
        ]
      },
      "est_ppt": {
        "mean": 755.8201306662037,
        "std": 3.483335068086408,
        "values": [
          760.1034429996313,
          751.5712579976631,
          755.7856910013166
        ]
      },
      "e2e_ttft": {
        "mean": 757.4593356657715,
        "std": 3.483335068086408,
        "values": [
          761.7426479991991,
          753.2104629972309,
          757.4248960008845
        ]
      },
      "throughput_over_time": null,
      "requests_throughput_over_time": null
    }
  ]
}