{
  "version": "0.3.7",
  "timestamp": "2026-05-09 19:58:48Z",
  "latency_mode": "api",
  "latency_ms": 0.9835310023239192,
  "model": "qwen35-27b-axionml-nvfp4",
  "prefix_caching_enabled": false,
  "max_concurrency": 1,
  "benchmarks": [
    {
      "concurrency": 1,
      "context_size": 0,
      "prompt_size": 2048,
      "response_size": 32,
      "is_context_prefill_phase": false,
      "pp_throughput": {
        "mean": 3309.2066419425823,
        "std": 6.953885264781235,
        "values": [
          3302.0748843910887,
          3306.9083663817128,
          3318.6366750549446
        ]
      },
      "pp_req_throughput": {
        "mean": 3309.2066419425823,
        "std": 6.953885264781235,
        "values": [
          3302.0748843910887,
          3306.9083663817128,
          3318.6366750549446
        ]
      },
      "tg_throughput": {
        "mean": 11.51059602761584,
        "std": 0.013853903436087962,
        "values": [
          11.525153048139488,
          11.491961205200406,
          11.514673829507627
        ]
      },
      "tg_req_throughput": {
        "mean": 11.51059602761584,
        "std": 0.013853903436087962,
        "values": [
          11.525153048139488,
          11.491961205200406,
          11.514673829507627
        ]
      },
      "peak_throughput": {
        "mean": 12.0,
        "std": 0.0,
        "values": [
          12.0,
          12.0,
          12.0
        ]
      },
      "peak_req_throughput": {
        "mean": 12.0,
        "std": 0.0,
        "values": [
          12.0,
          12.0,
          12.0
        ]
      },
      "ttfr": {
        "mean": 622.786654329199,
        "std": 1.2059586996535736,
        "values": [
          623.9251879960648,
          623.317073994258,
          621.1177009972744
        ]
      },
      "est_ppt": {
        "mean": 621.8031233268752,
        "std": 1.2059586996535736,
        "values": [
          622.9416569937408,
          622.333542991934,
          620.1341699949504
        ]
      },
      "e2e_ttft": {
        "mean": 622.786654329199,
        "std": 1.2059586996535736,
        "values": [
          623.9251879960648,
          623.317073994258,
          621.1177009972744
        ]
      },
      "throughput_over_time": null,
      "requests_throughput_over_time": null
    }
  ]
}