{
  "version": "0.3.7",
  "timestamp": "2026-05-08 22:02:02Z",
  "latency_mode": "api",
  "latency_ms": 1.8832176659392037,
  "model": "qwen35-27b-axionml-nvfp4",
  "prefix_caching_enabled": false,
  "max_concurrency": 1,
  "benchmarks": [
    {
      "concurrency": 1,
      "context_size": 0,
      "prompt_size": 2048,
      "response_size": 32,
      "is_context_prefill_phase": false,
      "pp_throughput": {
        "mean": 2566.4179376729708,
        "std": 104.94524873601864,
        "values": [
          2564.029547835905,
          2721.1177603495744,
          2482.78498258501,
          2427.7308459461146,
          2636.4265516482483
        ]
      },
      "pp_req_throughput": {
        "mean": 2566.4179376729708,
        "std": 104.94524873601864,
        "values": [
          2564.029547835905,
          2721.1177603495744,
          2482.78498258501,
          2427.7308459461146,
          2636.4265516482483
        ]
      },
      "tg_throughput": {
        "mean": 11.56030953067217,
        "std": 0.018571555134126932,
        "values": [
          11.593423369564547,
          11.564691617825558,
          11.548338555894393,
          11.539188871002676,
          11.555905239073674
        ]
      },
      "tg_req_throughput": {
        "mean": 11.56030953067217,
        "std": 0.018571555134126932,
        "values": [
          11.593423369564547,
          11.564691617825558,
          11.548338555894393,
          11.539188871002676,
          11.555905239073674
        ]
      },
      "peak_throughput": {
        "mean": 12.0,
        "std": 0.0,
        "values": [
          12.0,
          12.0,
          12.0,
          12.0,
          12.0
        ]
      },
      "peak_req_throughput": {
        "mean": 12.0,
        "std": 0.0,
        "values": [
          12.0,
          12.0,
          12.0,
          12.0,
          12.0
        ]
      },
      "ttfr": {
        "mean": 805.1920392004831,
        "std": 32.663409252724755,
        "values": [
          804.5260740000231,
          758.1900670011237,
          830.7910830008041,
          849.5883920004417,
          782.8645800000231
        ]
      },
      "est_ppt": {
        "mean": 803.3088215345439,
        "std": 32.663409252724755,
        "values": [
          802.6428563340838,
          756.3068493351844,
          828.9078653348648,
          847.7051743345024,
          780.9813623340839
        ]
      },
      "e2e_ttft": {
        "mean": 805.1920392004831,
        "std": 32.663409252724755,
        "values": [
          804.5260740000231,
          758.1900670011237,
          830.7910830008041,
          849.5883920004417,
          782.8645800000231
        ]
      },
      "throughput_over_time": null,
      "requests_throughput_over_time": null
    }
  ]
}