{
  "version": "0.3.7",
  "timestamp": "2026-05-08 19:56:50Z",
  "latency_mode": "api",
  "latency_ms": 1.653092667159702,
  "model": "qwen35-27b-axionml-nvfp4",
  "prefix_caching_enabled": false,
  "max_concurrency": 1,
  "benchmarks": [
    {
      "concurrency": 1,
      "context_size": 0,
      "prompt_size": 2048,
      "response_size": 32,
      "is_context_prefill_phase": false,
      "pp_throughput": {
        "mean": 3019.998617538369,
        "std": 6.134283226928269,
        "values": [
          3028.0112700555246,
          3018.8719085793205,
          3013.1126739802617
        ]
      },
      "pp_req_throughput": {
        "mean": 3019.998617538369,
        "std": 6.134283226928269,
        "values": [
          3028.0112700555246,
          3018.8719085793205,
          3013.1126739802617
        ]
      },
      "tg_throughput": {
        "mean": 11.536074199367157,
        "std": 0.02655596957438409,
        "values": [
          11.533249333976562,
          11.569918782495277,
          11.505054481629633
        ]
      },
      "tg_req_throughput": {
        "mean": 11.536074199367157,
        "std": 0.02655596957438409,
        "values": [
          11.533249333976562,
          11.569918782495277,
          11.505054481629633
        ]
      },
      "peak_throughput": {
        "mean": 12.0,
        "std": 0.0,
        "values": [
          12.0,
          12.0,
          12.0
        ]
      },
      "peak_req_throughput": {
        "mean": 12.0,
        "std": 0.0,
        "values": [
          12.0,
          12.0,
          12.0
        ]
      },
      "ttfr": {
        "mean": 683.1131683338754,
        "std": 1.38344257208312,
        "values": [
          681.3071020005737,
          683.3646930008399,
          684.6677100002125
        ]
      },
      "est_ppt": {
        "mean": 681.4600756667156,
        "std": 1.38344257208312,
        "values": [
          679.6540093334139,
          681.7116003336802,
          683.0146173330528
        ]
      },
      "e2e_ttft": {
        "mean": 683.1131683338754,
        "std": 1.38344257208312,
        "values": [
          681.3071020005737,
          683.3646930008399,
          684.6677100002125
        ]
      },
      "throughput_over_time": null,
      "requests_throughput_over_time": null
    }
  ]
}