{
  "version": "0.3.7",
  "timestamp": "2026-05-10 01:35:22Z",
  "latency_mode": "api",
  "latency_ms": 2.4375233333557844,
  "model": "qwen35-27b-axionml-nvfp4",
  "prefix_caching_enabled": false,
  "max_concurrency": 1,
  "benchmarks": [
    {
      "concurrency": 1,
      "context_size": 0,
      "prompt_size": 2048,
      "response_size": 32,
      "is_context_prefill_phase": false,
      "pp_throughput": {
        "mean": 2890.3566140646994,
        "std": 276.6665535150753,
        "values": [
          2547.943144800259,
          2897.608065767143,
          3225.5186316266945
        ]
      },
      "pp_req_throughput": {
        "mean": 2890.3566140646994,
        "std": 276.6665535150753,
        "values": [
          2547.943144800259,
          2897.608065767143,
          3225.5186316266945
        ]
      },
      "tg_throughput": {
        "mean": 11.545527895577587,
        "std": 0.024363426856728827,
        "values": [
          11.541538243343643,
          11.577160988489263,
          11.51788445489986
        ]
      },
      "tg_req_throughput": {
        "mean": 11.545527895577587,
        "std": 0.024363426856728827,
        "values": [
          11.541538243343643,
          11.577160988489263,
          11.51788445489986
        ]
      },
      "peak_throughput": {
        "mean": 12.0,
        "std": 0.0,
        "values": [
          12.0,
          12.0,
          12.0
        ]
      },
      "peak_req_throughput": {
        "mean": 12.0,
        "std": 0.0,
        "values": [
          12.0,
          12.0,
          12.0
        ]
      },
      "ttfr": {
        "mean": 720.9969279986884,
        "std": 69.64428058176077,
        "values": [
          810.1478539974778,
          712.6785059954273,
          640.1644240031601
        ]
      },
      "est_ppt": {
        "mean": 718.5594046653326,
        "std": 69.64428058176077,
        "values": [
          807.710330664122,
          710.2409826620715,
          637.7269006698043
        ]
      },
      "e2e_ttft": {
        "mean": 720.9969279986884,
        "std": 69.64428058176077,
        "values": [
          810.1478539974778,
          712.6785059954273,
          640.1644240031601
        ]
      },
      "throughput_over_time": null,
      "requests_throughput_over_time": null
    }
  ]
}