{
  "version": "0.3.7",
  "timestamp": "2026-05-10 03:59:27Z",
  "latency_mode": "api",
  "latency_ms": 1.7197616689372808,
  "model": "qwen35-27b-axionml-nvfp4",
  "prefix_caching_enabled": false,
  "max_concurrency": 1,
  "benchmarks": [
    {
      "concurrency": 1,
      "context_size": 0,
      "prompt_size": 2048,
      "response_size": 32,
      "is_context_prefill_phase": false,
      "pp_throughput": {
        "mean": 2769.724794783431,
        "std": 40.04459519750879,
        "values": [
          2765.019046860261,
          2723.2028658383933,
          2820.9524716516385
        ]
      },
      "pp_req_throughput": {
        "mean": 2769.724794783431,
        "std": 40.04459519750879,
        "values": [
          2765.019046860261,
          2723.2028658383933,
          2820.9524716516385
        ]
      },
      "tg_throughput": {
        "mean": 11.596622359101604,
        "std": 0.009355808886343167,
        "values": [
          11.607050639228007,
          11.598460521505018,
          11.584355916571788
        ]
      },
      "tg_req_throughput": {
        "mean": 11.596622359101604,
        "std": 0.009355808886343167,
        "values": [
          11.607050639228007,
          11.598460521505018,
          11.584355916571788
        ]
      },
      "peak_throughput": {
        "mean": 12.0,
        "std": 0.0,
        "values": [
          12.0,
          12.0,
          12.0
        ]
      },
      "peak_req_throughput": {
        "mean": 12.0,
        "std": 0.0,
        "values": [
          12.0,
          12.0,
          12.0
        ]
      },
      "ttfr": {
        "mean": 744.9088473270725,
        "std": 10.719522241024734,
        "values": [
          746.0184319934342,
          757.4475209985394,
          731.2605889892438
        ]
      },
      "est_ppt": {
        "mean": 743.1890856581352,
        "std": 10.719522241024734,
        "values": [
          744.2986703244969,
          755.7277593296021,
          729.5408273203066
        ]
      },
      "e2e_ttft": {
        "mean": 744.9088473270725,
        "std": 10.719522241024734,
        "values": [
          746.0184319934342,
          757.4475209985394,
          731.2605889892438
        ]
      },
      "throughput_over_time": null,
      "requests_throughput_over_time": null
    }
  ]
}