{
  "version": "0.3.7",
  "timestamp": "2026-05-09 23:46:11Z",
  "latency_mode": "api",
  "latency_ms": 1.6067473334260285,
  "model": "qwen35-27b-axionml-nvfp4",
  "prefix_caching_enabled": false,
  "max_concurrency": 1,
  "benchmarks": [
    {
      "concurrency": 1,
      "context_size": 0,
      "prompt_size": 2048,
      "response_size": 32,
      "is_context_prefill_phase": false,
      "pp_throughput": {
        "mean": 2951.9545368427775,
        "std": 150.17513340180653,
        "values": [
          2810.753339335026,
          3159.943353450872,
          2885.1669177424346
        ]
      },
      "pp_req_throughput": {
        "mean": 2951.9545368427775,
        "std": 150.17513340180653,
        "values": [
          2810.753339335026,
          3159.943353450872,
          2885.1669177424346
        ]
      },
      "tg_throughput": {
        "mean": 11.543570803228272,
        "std": 0.01606109871330746,
        "values": [
          11.549591759655023,
          11.559527385952173,
          11.521593264077623
        ]
      },
      "tg_req_throughput": {
        "mean": 11.543570803228272,
        "std": 0.01606109871330746,
        "values": [
          11.549591759655023,
          11.559527385952173,
          11.521593264077623
        ]
      },
      "peak_throughput": {
        "mean": 12.0,
        "std": 0.0,
        "values": [
          12.0,
          12.0,
          12.0
        ]
      },
      "peak_req_throughput": {
        "mean": 12.0,
        "std": 0.0,
        "values": [
          12.0,
          12.0,
          12.0
        ]
      },
      "ttfr": {
        "mean": 700.529801666562,
        "std": 34.56134378878418,
        "values": [
          733.7947949999943,
          652.8842449988588,
          714.9103650008328
        ]
      },
      "est_ppt": {
        "mean": 698.923054333136,
        "std": 34.56134378878418,
        "values": [
          732.1880476665683,
          651.2774976654327,
          713.3036176674068
        ]
      },
      "e2e_ttft": {
        "mean": 700.529801666562,
        "std": 34.56134378878418,
        "values": [
          733.7947949999943,
          652.8842449988588,
          714.9103650008328
        ]
      },
      "throughput_over_time": null,
      "requests_throughput_over_time": null
    }
  ]
}