{
  "version": "0.3.7",
  "timestamp": "2026-05-08 18:19:41Z",
  "latency_mode": "api",
  "latency_ms": 1.5784496669463504,
  "model": "qwen35-27b-axionml-nvfp4",
  "prefix_caching_enabled": false,
  "max_concurrency": 1,
  "benchmarks": [
    {
      "concurrency": 1,
      "context_size": 0,
      "prompt_size": 1024,
      "response_size": 32,
      "is_context_prefill_phase": false,
      "pp_throughput": {
        "mean": 2778.0755136999296,
        "std": 40.9467175931382,
        "values": [
          2776.8931068599713,
          2738.062980144965,
          2855.8718692120497,
          2754.358961074318,
          2765.1906512083415
        ]
      },
      "pp_req_throughput": {
        "mean": 2778.0755136999296,
        "std": 40.9467175931382,
        "values": [
          2776.8931068599713,
          2738.062980144965,
          2855.8718692120497,
          2754.358961074318,
          2765.1906512083415
        ]
      },
      "tg_throughput": {
        "mean": 11.60267396670498,
        "std": 0.031633257562636026,
        "values": [
          11.639697156061057,
          11.615489787244286,
          11.603187825690256,
          11.610666669731692,
          11.544328394797605
        ]
      },
      "tg_req_throughput": {
        "mean": 11.60267396670498,
        "std": 0.031633257562636026,
        "values": [
          11.639697156061057,
          11.615489787244286,
          11.603187825690256,
          11.610666669731692,
          11.544328394797605
        ]
      },
      "peak_throughput": {
        "mean": 12.0,
        "std": 0.0,
        "values": [
          12.0,
          12.0,
          12.0,
          12.0,
          12.0
        ]
      },
      "peak_req_throughput": {
        "mean": 12.0,
        "std": 0.0,
        "values": [
          12.0,
          12.0,
          12.0,
          12.0,
          12.0
        ]
      },
      "ttfr": {
        "mean": 374.00347580023663,
        "std": 5.494123661669244,
        "values": [
          373.9370390003387,
          379.582902999573,
          363.63951100065606,
          376.9834040003843,
          375.8745220002311
        ]
      },
      "est_ppt": {
        "mean": 372.42502613329026,
        "std": 5.494123661669244,
        "values": [
          372.35858933339233,
          378.0044533326266,
          362.0610613337097,
          375.40495433343796,
          374.2960723332847
        ]
      },
      "e2e_ttft": {
        "mean": 374.00347580023663,
        "std": 5.494123661669244,
        "values": [
          373.9370390003387,
          379.582902999573,
          363.63951100065606,
          376.9834040003843,
          375.8745220002311
        ]
      },
      "throughput_over_time": null,
      "requests_throughput_over_time": null
    }
  ]
}