{
  "version": "0.3.7",
  "timestamp": "2026-05-08 21:31:50Z",
  "latency_mode": "api",
  "latency_ms": 1.8426033335951313,
  "model": "qwen35-27b-axionml-nvfp4",
  "prefix_caching_enabled": false,
  "max_concurrency": 1,
  "benchmarks": [
    {
      "concurrency": 1,
      "context_size": 0,
      "prompt_size": 2048,
      "response_size": 32,
      "is_context_prefill_phase": false,
      "pp_throughput": {
        "mean": 3021.459115355778,
        "std": 138.8807909072562,
        "values": [
          2971.1584938410424,
          2713.1921564719514,
          3046.5603975269114,
          3030.5353085783327,
          2970.7160167443512,
          2976.0558886777944,
          3101.7987672159093,
          3247.958062610738,
          3135.15694653497
        ]
      },
      "pp_req_throughput": {
        "mean": 3021.459115355778,
        "std": 138.8807909072562,
        "values": [
          2971.1584938410424,
          2713.1921564719514,
          3046.5603975269114,
          3030.5353085783327,
          2970.7160167443512,
          2976.0558886777944,
          3101.7987672159093,
          3247.958062610738,
          3135.15694653497
        ]
      },
      "tg_throughput": {
        "mean": 11.327081957859795,
        "std": 0.563656071883359,
        "values": [
          11.575922280027719,
          11.505655669441268,
          11.539570834829192,
          9.734187396157184,
          11.532793069074149,
          11.503678152286163,
          11.500722454252257,
          11.507959984641989,
          11.543247780028231
        ]
      },
      "tg_req_throughput": {
        "mean": 11.327081957859795,
        "std": 0.563656071883359,
        "values": [
          11.575922280027719,
          11.505655669441268,
          11.539570834829192,
          9.734187396157184,
          11.532793069074149,
          11.503678152286163,
          11.500722454252257,
          11.507959984641989,
          11.543247780028231
        ]
      },
      "peak_throughput": {
        "mean": 12.228827536185332,
        "std": 0.6472220102354327,
        "values": [
          12.0,
          12.0,
          12.0,
          14.059447825667986,
          12.0,
          12.0,
          12.0,
          12.0,
          12.0
        ]
      },
      "peak_req_throughput": {
        "mean": 12.228827536185332,
        "std": 0.6472220102354327,
        "values": [
          12.0,
          12.0,
          12.0,
          14.059447825667986,
          12.0,
          12.0,
          12.0,
          12.0,
          12.0
        ]
      },
      "ttfr": {
        "mean": 683.6822931003553,
        "std": 30.983882661756063,
        "values": [
          694.5017140023992,
          760.3587279991189,
          677.3585069968249,
          680.9305499991751,
          694.6048829995561,
          675.9936430025846,
          693.6978900012036,
          665.3285850006796,
          635.779360000015,
          658.269071001996
        ]
      },
      "est_ppt": {
        "mean": 682.693984222068,
        "std": 32.54795801156161,
        "values": [
          692.6591106688041,
          758.5161246655238,
          675.5159036632298,
          679.08794666558,
          692.762279665961,
          691.8552866676085,
          663.4859816670845,
          633.9367566664199,
          656.426467668401
        ]
      },
      "e2e_ttft": {
        "mean": 684.5365875556631,
        "std": 32.54795801156161,
        "values": [
          694.5017140023992,
          760.3587279991189,
          677.3585069968249,
          680.9305499991751,
          694.6048829995561,
          693.6978900012036,
          665.3285850006796,
          635.779360000015,
          658.269071001996
        ]
      },
      "throughput_over_time": null,
      "requests_throughput_over_time": null
    }
  ]
}