{
  "version": "0.3.7",
  "timestamp": "2026-05-10 01:44:17Z",
  "latency_mode": "api",
  "latency_ms": 1.4972833329617667,
  "model": "qwen35-27b-axionml-nvfp4",
  "prefix_caching_enabled": false,
  "max_concurrency": 1,
  "benchmarks": [
    {
      "concurrency": 1,
      "context_size": 0,
      "prompt_size": 2048,
      "response_size": 32,
      "is_context_prefill_phase": false,
      "pp_throughput": {
        "mean": 2703.3944074300257,
        "std": 144.7424516558945,
        "values": [
          2538.442576904269,
          2680.900154684607,
          2890.8404907012005
        ]
      },
      "pp_req_throughput": {
        "mean": 2703.3944074300257,
        "std": 144.7424516558945,
        "values": [
          2538.442576904269,
          2680.900154684607,
          2890.8404907012005
        ]
      },
      "tg_throughput": {
        "mean": 11.550251729181534,
        "std": 0.01674330432703193,
        "values": [
          11.528968817267103,
          11.569881266414157,
          11.551905103863342
        ]
      },
      "tg_req_throughput": {
        "mean": 11.550251729181534,
        "std": 0.01674330432703193,
        "values": [
          11.528968817267103,
          11.569881266414157,
          11.551905103863342
        ]
      },
      "peak_throughput": {
        "mean": 12.0,
        "std": 0.0,
        "values": [
          12.0,
          12.0,
          12.0
        ]
      },
      "peak_req_throughput": {
        "mean": 12.0,
        "std": 0.0,
        "values": [
          12.0,
          12.0,
          12.0
        ]
      },
      "ttfr": {
        "mean": 764.927157998803,
        "std": 40.457370173787716,
        "values": [
          812.2306119985296,
          769.1498929998488,
          713.4009689980303
        ]
      },
      "est_ppt": {
        "mean": 763.4298746658411,
        "std": 40.457370173787716,
        "values": [
          810.7333286655679,
          767.6526096668871,
          711.9036856650686
        ]
      },
      "e2e_ttft": {
        "mean": 764.927157998803,
        "std": 40.457370173787716,
        "values": [
          812.2306119985296,
          769.1498929998488,
          713.4009689980303
        ]
      },
      "throughput_over_time": null,
      "requests_throughput_over_time": null
    }
  ]
}