{
  "version": "0.3.7",
  "timestamp": "2026-05-09 22:18:15Z",
  "latency_mode": "api",
  "latency_ms": 1.3155113313890372,
  "model": "qwen35-27b-axionml-nvfp4",
  "prefix_caching_enabled": false,
  "max_concurrency": 1,
  "benchmarks": [
    {
      "concurrency": 1,
      "context_size": 0,
      "prompt_size": 2048,
      "response_size": 32,
      "is_context_prefill_phase": false,
      "pp_throughput": {
        "mean": 3299.9836434499825,
        "std": 4.911822812297648,
        "values": [
          3302.113167522668,
          3304.6449490369737,
          3293.1928137903046
        ]
      },
      "pp_req_throughput": {
        "mean": 3299.9836434499825,
        "std": 4.911822812297648,
        "values": [
          3302.113167522668,
          3304.6449490369737,
          3293.1928137903046
        ]
      },
      "tg_throughput": {
        "mean": 11.494444115723132,
        "std": 0.0057587089481642185,
        "values": [
          11.496800410221898,
          11.486514672279624,
          11.500017264667875
        ]
      },
      "tg_req_throughput": {
        "mean": 11.494444115723132,
        "std": 0.0057587089481642185,
        "values": [
          11.496800410221898,
          11.486514672279624,
          11.500017264667875
        ]
      },
      "peak_throughput": {
        "mean": 12.0,
        "std": 0.0,
        "values": [
          12.0,
          12.0,
          12.0
        ]
      },
      "peak_req_throughput": {
        "mean": 12.0,
        "std": 0.0,
        "values": [
          12.0,
          12.0,
          12.0
        ]
      },
      "ttfr": {
        "mean": 625.057294331782,
        "std": 0.8955532175006379,
        "values": [
          624.8556189966621,
          624.0753029996995,
          626.2409609989845
        ]
      },
      "est_ppt": {
        "mean": 623.741783000393,
        "std": 0.8955532175006379,
        "values": [
          623.540107665273,
          622.7597916683104,
          624.9254496675954
        ]
      },
      "e2e_ttft": {
        "mean": 625.057294331782,
        "std": 0.8955532175006379,
        "values": [
          624.8556189966621,
          624.0753029996995,
          626.2409609989845
        ]
      },
      "throughput_over_time": null,
      "requests_throughput_over_time": null
    }
  ]
}