{
  "version": "0.3.7",
  "timestamp": "2026-05-10 02:20:59Z",
  "latency_mode": "api",
  "latency_ms": 2.0652996681747027,
  "model": "qwen35-27b-axionml-nvfp4",
  "prefix_caching_enabled": false,
  "max_concurrency": 1,
  "benchmarks": [
    {
      "concurrency": 1,
      "context_size": 0,
      "prompt_size": 2048,
      "response_size": 32,
      "is_context_prefill_phase": false,
      "pp_throughput": {
        "mean": 2789.2409015379144,
        "std": 198.56111571684994,
        "values": [
          2599.3910896672055,
          2704.979977365046,
          3063.351637581491
        ]
      },
      "pp_req_throughput": {
        "mean": 2789.2409015379144,
        "std": 198.56111571684994,
        "values": [
          2599.3910896672055,
          2704.979977365046,
          3063.351637581491
        ]
      },
      "tg_throughput": {
        "mean": 11.550133088690947,
        "std": 0.039630644803439,
        "values": [
          11.587456643363055,
          11.567680373912253,
          11.495262248797527
        ]
      },
      "tg_req_throughput": {
        "mean": 11.550133088690947,
        "std": 0.039630644803439,
        "values": [
          11.587456643363055,
          11.567680373912253,
          11.495262248797527
        ]
      },
      "peak_throughput": {
        "mean": 12.0,
        "std": 0.0,
        "values": [
          12.0,
          12.0,
          12.0
        ]
      },
      "peak_req_throughput": {
        "mean": 12.0,
        "std": 0.0,
        "values": [
          12.0,
          12.0,
          12.0
        ]
      },
      "ttfr": {
        "mean": 743.5172993330829,
        "std": 50.83275129435517,
        "values": [
          793.789179995656,
          762.884240000858,
          673.8784780027345
        ]
      },
      "est_ppt": {
        "mean": 741.4519996649082,
        "std": 50.83275129435517,
        "values": [
          791.7238803274813,
          760.8189403326833,
          671.8131783345598
        ]
      },
      "e2e_ttft": {
        "mean": 743.5172993330829,
        "std": 50.83275129435517,
        "values": [
          793.789179995656,
          762.884240000858,
          673.8784780027345
        ]
      },
      "throughput_over_time": null,
      "requests_throughput_over_time": null
    }
  ]
}