{
  "version": "0.3.7",
  "timestamp": "2026-05-10 06:15:28Z",
  "latency_mode": "api",
  "latency_ms": 1.3167816650820896,
  "model": "qwen35-27b-axionml-nvfp4",
  "prefix_caching_enabled": false,
  "max_concurrency": 1,
  "benchmarks": [
    {
      "concurrency": 1,
      "context_size": 0,
      "prompt_size": 2048,
      "response_size": 32,
      "is_context_prefill_phase": false,
      "pp_throughput": {
        "mean": 3133.1155236163145,
        "std": 128.39845302065126,
        "values": [
          2682.9684688583457,
          2791.4110396751103,
          3028.748078716362,
          2941.5638431790753,
          3158.1646208925704,
          3022.4247911551606,
          3074.0249158623697,
          3074.4860258408944,
          3089.118565380105,
          3104.7250056531407,
          3221.0052698792733,
          3154.7695207618394,
          3204.2593522182387,
          3212.8626442495456,
          3175.6368874177065,
          3205.1116492605956,
          3167.0275689380023,
          3224.4989251556144,
          3250.0258002974365,
          3199.844311137127,
          3197.2788325939946,
          3197.414190732176,
          3188.210739882486,
          3197.781850274578,
          3204.026996321497,
          3199.803058308049,
          3250.6825172598346,
          3194.167231691302,
          3161.5619644347234,
          3219.86104246228
        ]
      },
      "pp_req_throughput": {
        "mean": 3133.1155236163145,
        "std": 128.39845302065126,
        "values": [
          2682.9684688583457,
          2791.4110396751103,
          3028.748078716362,
          2941.5638431790753,
          3158.1646208925704,
          3022.4247911551606,
          3074.0249158623697,
          3074.4860258408944,
          3089.118565380105,
          3104.7250056531407,
          3221.0052698792733,
          3154.7695207618394,
          3204.2593522182387,
          3212.8626442495456,
          3175.6368874177065,
          3205.1116492605956,
          3167.0275689380023,
          3224.4989251556144,
          3250.0258002974365,
          3199.844311137127,
          3197.2788325939946,
          3197.414190732176,
          3188.210739882486,
          3197.781850274578,
          3204.026996321497,
          3199.803058308049,
          3250.6825172598346,
          3194.167231691302,
          3161.5619644347234,
          3219.86104246228
        ]
      },
      "tg_throughput": {
        "mean": 11.509354500035405,
        "std": 0.024542119487458863,
        "values": [
          11.567998883589727,
          11.537068989871072,
          11.524424136403036,
          11.520006734951172,
          11.518148757269712,
          11.565144555325823,
          11.550483849529648,
          11.50731372159826,
          11.467525290827409,
          11.505928430187877,
          11.497862520311568,
          11.480353604764083,
          11.491369702977329,
          11.487352386507439,
          11.512344392531427,
          11.509913884604279,
          11.476429501984608,
          11.499419856665714,
          11.496043920509765,
          11.528127307501968,
          11.520977632972382,
          11.50920674708454,
          11.496394195281484,
          11.48745219536774,
          11.488351737055668,
          11.511238711429888,
          11.476289357403745,
          11.513437132816938,
          11.53843253490277,
          11.49559432883507
        ]
      },
      "tg_req_throughput": {
        "mean": 11.509354500035405,
        "std": 0.024542119487458863,
        "values": [
          11.567998883589727,
          11.537068989871072,
          11.524424136403036,
          11.520006734951172,
          11.518148757269712,
          11.565144555325823,
          11.550483849529648,
          11.50731372159826,
          11.467525290827409,
          11.505928430187877,
          11.497862520311568,
          11.480353604764083,
          11.491369702977329,
          11.487352386507439,
          11.512344392531427,
          11.509913884604279,
          11.476429501984608,
          11.499419856665714,
          11.496043920509765,
          11.528127307501968,
          11.520977632972382,
          11.50920674708454,
          11.496394195281484,
          11.48745219536774,
          11.488351737055668,
          11.511238711429888,
          11.476289357403745,
          11.513437132816938,
          11.53843253490277,
          11.49559432883507
        ]
      },
      "peak_throughput": {
        "mean": 12.0,
        "std": 0.0,
        "values": [
          12.0,
          12.0,
          12.0,
          12.0,
          12.0,
          12.0,
          12.0,
          12.0,
          12.0,
          12.0,
          12.0,
          12.0,
          12.0,
          12.0,
          12.0,
          12.0,
          12.0,
          12.0,
          12.0,
          12.0,
          12.0,
          12.0,
          12.0,
          12.0,
          12.0,
          12.0,
          12.0,
          12.0,
          12.0,
          12.0
        ]
      },
      "peak_req_throughput": {
        "mean": 12.0,
        "std": 0.0,
        "values": [
          12.0,
          12.0,
          12.0,
          12.0,
          12.0,
          12.0,
          12.0,
          12.0,
          12.0,
          12.0,
          12.0,
          12.0,
          12.0,
          12.0,
          12.0,
          12.0,
          12.0,
          12.0,
          12.0,
          12.0,
          12.0,
          12.0,
          12.0,
          12.0,
          12.0,
          12.0,
          12.0,
          12.0,
          12.0,
          12.0
        ]
      },
      "ttfr": {
        "mean": 659.4036335659135,
        "std": 29.607818603550356,
        "values": [
          768.3776039921213,
          738.5783209902002,
          680.4752809985075,
          700.9446360025322,
          652.9610900033731,
          682.2270249977009,
          670.7973669981584,
          670.3717009950196,
          667.526238001301,
          664.4995100068627,
          640.2477450028528,
          653.9793569972971,
          643.274804999237,
          641.867041005753,
          649.3757610005559,
          643.728099996224,
          651.1374590045307,
          639.5554810005706,
          634.5425239996985,
          644.4730729999719,
          644.9891379888868,
          644.9618890037527,
          646.8199079972692,
          644.8878869996406,
          643.633466999745,
          644.7938839992275,
          634.4145969924284,
          645.6161719979718,
          652.5771470041946,
          640.4747990018222
        ]
      },
      "est_ppt": {
        "mean": 658.0868519008314,
        "std": 29.607818603550356,
        "values": [
          767.0608223270392,
          737.2615393251181,
          679.1584993334254,
          699.6278543374501,
          651.644308338291,
          680.9102433326188,
          669.4805853330763,
          669.0549193299375,
          666.2094563362189,
          663.1827283417806,
          638.9309633377707,
          652.662575332215,
          641.9580233341549,
          640.5502593406709,
          648.0589793354739,
          642.411318331142,
          649.8206773394486,
          638.2386993354885,
          633.2257423346164,
          643.1562913348898,
          643.6723563238047,
          643.6451073386706,
          645.5031263321871,
          643.5711053345585,
          642.3166853346629,
          643.4771023341455,
          633.0978153273463,
          644.2993903328897,
          651.2603653391125,
          639.1580173367402
        ]
      },
      "e2e_ttft": {
        "mean": 659.4036335659135,
        "std": 29.607818603550356,