{
  "version": "0.3.7",
  "timestamp": "2026-05-09 04:13:17Z",
  "latency_mode": "api",
  "latency_ms": 2.123494331802552,
  "model": "qwen35-27b-axionml-nvfp4",
  "prefix_caching_enabled": false,
  "max_concurrency": 1,
  "benchmarks": [
    {
      "concurrency": 1,
      "context_size": 0,
      "prompt_size": 2048,
      "response_size": 32,
      "is_context_prefill_phase": false,
      "pp_throughput": {
        "mean": 2943.935571306802,
        "std": 79.06825225594893,
        "values": [
          2950.744344432234,
          2819.1093010630466,
          3067.3515520481055,
          2955.109132466586,
          2927.363526524037
        ]
      },
      "pp_req_throughput": {
        "mean": 2943.935571306802,
        "std": 79.06825225594893,
        "values": [
          2950.744344432234,
          2819.1093010630466,
          3067.3515520481055,
          2955.109132466586,
          2927.363526524037
        ]
      },
      "tg_throughput": {
        "mean": 11.568927244871976,
        "std": 0.035975876889407135,
        "values": [
          11.58595048222447,
          11.61754454972298,
          11.507515334058425,
          11.571144337573035,
          11.562481520780969
        ]
      },
      "tg_req_throughput": {
        "mean": 11.568927244871976,
        "std": 0.035975876889407135,
        "values": [
          11.58595048222447,
          11.61754454972298,
          11.507515334058425,
          11.571144337573035,
          11.562481520780969
        ]
      },
      "peak_throughput": {
        "mean": 12.0,
        "std": 0.0,
        "values": [
          12.0,
          12.0,
          12.0,
          12.0,
          12.0
        ]
      },
      "peak_req_throughput": {
        "mean": 12.0,
        "std": 0.0,
        "values": [
          12.0,
          12.0,
          12.0,
          12.0,
          12.0
        ]
      },
      "ttfr": {
        "mean": 701.6932373997406,
        "std": 18.832053708499522,
        "values": [
          699.5746320026228,
          732.1413050012779,
          673.0606089986395,
          698.5444749952876,
          705.1451660008752
        ]
      },
      "est_ppt": {
        "mean": 699.5697430679379,
        "std": 18.832053708499522,
        "values": [
          697.4511376708202,
          730.0178106694754,
          670.9371146668369,
          696.420980663485,
          703.0216716690726
        ]
      },
      "e2e_ttft": {
        "mean": 701.6932373997406,
        "std": 18.832053708499522,
        "values": [
          699.5746320026228,
          732.1413050012779,
          673.0606089986395,
          698.5444749952876,
          705.1451660008752
        ]
      },
      "throughput_over_time": null,
      "requests_throughput_over_time": null
    }
  ]
}