{
  "version": "0.3.7",
  "timestamp": "2026-05-09 01:39:24Z",
  "latency_mode": "api",
  "latency_ms": 1.8787306665520493,
  "model": "qwen35-27b-axionml-nvfp4",
  "prefix_caching_enabled": false,
  "max_concurrency": 1,
  "benchmarks": [
    {
      "concurrency": 1,
      "context_size": 0,
      "prompt_size": 2048,
      "response_size": 32,
      "is_context_prefill_phase": false,
      "pp_throughput": {
        "mean": 3104.317204638218,
        "std": 5.696001523043836,
        "values": [
          3093.7403770458463,
          3108.644431368419,
          3102.9056573236044,
          3107.7676917993454,
          3108.5278656538744
        ]
      },
      "pp_req_throughput": {
        "mean": 3104.317204638218,
        "std": 5.696001523043836,
        "values": [
          3093.7403770458463,
          3108.644431368419,
          3102.9056573236044,
          3107.7676917993454,
          3108.5278656538744
        ]
      },
      "tg_throughput": {
        "mean": 11.546600729913246,
        "std": 0.021616550545611755,
        "values": [
          11.584253758689986,
          11.528223123247834,
          11.549970763309771,
          11.547790472578297,
          11.522765531740342
        ]
      },
      "tg_req_throughput": {
        "mean": 11.546600729913246,
        "std": 0.021616550545611755,
        "values": [
          11.584253758689986,
          11.528223123247834,
          11.549970763309771,
          11.547790472578297,
          11.522765531740342
        ]
      },
      "peak_throughput": {
        "mean": 12.0,
        "std": 0.0,
        "values": [
          12.0,
          12.0,
          12.0,
          12.0,
          12.0
        ]
      },
      "peak_req_throughput": {
        "mean": 12.0,
        "std": 0.0,
        "values": [
          12.0,
          12.0,
          12.0,
          12.0,
          12.0
        ]
      },
      "ttfr": {
        "mean": 664.7000069948263,
        "std": 1.321071294887879,
        "values": [
          667.0929209940368,
          663.5819409930264,
          665.128028995241,
          664.0903899969999,
          663.6067539948272
        ]
      },
      "est_ppt": {
        "mean": 662.8212763282742,
        "std": 1.321071294887879,
        "values": [
          665.2141903274847,
          661.7032103264743,
          663.249298328689,
          662.2116593304478,
          661.7280233282751
        ]
      },
      "e2e_ttft": {
        "mean": 664.7000069948263,
        "std": 1.321071294887879,
        "values": [
          667.0929209940368,
          663.5819409930264,
          665.128028995241,
          664.0903899969999,
          663.6067539948272
        ]
      },
      "throughput_over_time": null,
      "requests_throughput_over_time": null
    }
  ]
}