{
  "version": "0.3.7",
  "timestamp": "2026-05-10 03:04:50Z",
  "latency_mode": "api",
  "latency_ms": 1.659713333841258,
  "model": "qwen35-27b-axionml-nvfp4",
  "prefix_caching_enabled": false,
  "max_concurrency": 1,
  "benchmarks": [
    {
      "concurrency": 1,
      "context_size": 0,
      "prompt_size": 2048,
      "response_size": 32,
      "is_context_prefill_phase": false,
      "pp_throughput": {
        "mean": 2861.17743414655,
        "std": 179.90433644071192,
        "values": [
          2644.8227078097325,
          2853.418048615291,
          3085.2915460146264
        ]
      },
      "pp_req_throughput": {
        "mean": 2861.17743414655,
        "std": 179.90433644071192,
        "values": [
          2644.8227078097325,
          2853.418048615291,
          3085.2915460146264
        ]
      },
      "tg_throughput": {
        "mean": 11.537922577716712,
        "std": 0.037924046258499745,
        "values": [
          11.555231880176418,
          11.573229739042688,
          11.485306113931026
        ]
      },
      "tg_req_throughput": {
        "mean": 11.537922577716712,
        "std": 0.037924046258499745,
        "values": [
          11.555231880176418,
          11.573229739042688,
          11.485306113931026
        ]
      },
      "peak_throughput": {
        "mean": 12.0,
        "std": 0.0,
        "values": [
          12.0,
          12.0,
          12.0
        ]
      },
      "peak_req_throughput": {
        "mean": 12.0,
        "std": 0.0,
        "values": [
          12.0,
          12.0,
          12.0
        ]
      },
      "ttfr": {
        "mean": 723.793075667345,
        "std": 45.355949272103366,
        "values": [
          779.783703997964,
          722.8999819999444,
          668.6955410041264
        ]
      },
      "est_ppt": {
        "mean": 722.1333623335037,
        "std": 45.355949272103366,
        "values": [
          778.1239906641227,
          721.2402686661031,
          667.0358276702851
        ]
      },
      "e2e_ttft": {
        "mean": 723.793075667345,
        "std": 45.355949272103366,
        "values": [
          779.783703997964,
          722.8999819999444,
          668.6955410041264
        ]
      },
      "throughput_over_time": null,
      "requests_throughput_over_time": null
    }
  ]
}