{
  "version": "0.3.7",
  "timestamp": "2026-05-09 09:54:05Z",
  "latency_mode": "api",
  "latency_ms": 1.392694333541537,
  "model": "qwen35-27b-axionml-nvfp4",
  "prefix_caching_enabled": false,
  "max_concurrency": 1,
  "benchmarks": [
    {
      "concurrency": 1,
      "context_size": 0,
      "prompt_size": 2048,
      "response_size": 32,
      "is_context_prefill_phase": false,
      "pp_throughput": {
        "mean": 2981.2890162104086,
        "std": 99.677322793733,
        "values": [
          2807.8550321021617,
          2955.087194860709,
          3002.0139108067306,
          3035.545871937311,
          3105.943071345131
        ]
      },
      "pp_req_throughput": {
        "mean": 2981.2890162104086,
        "std": 99.677322793733,
        "values": [
          2807.8550321021617,
          2955.087194860709,
          3002.0139108067306,
          3035.545871937311,
          3105.943071345131
        ]
      },
      "tg_throughput": {
        "mean": 11.62359710962356,
        "std": 0.02726344023572955,
        "values": [
          11.660619488835719,
          11.646021988268249,
          11.604046519530483,
          11.621881253636419,
          11.585416297846937
        ]
      },
      "tg_req_throughput": {
        "mean": 11.62359710962356,
        "std": 0.02726344023572955,
        "values": [
          11.660619488835719,
          11.646021988268249,
          11.604046519530483,
          11.621881253636419,
          11.585416297846937
        ]
      },
      "peak_throughput": {
        "mean": 12.0,
        "std": 0.0,
        "values": [
          12.0,
          12.0,
          12.0,
          12.0,
          12.0
        ]
      },
      "peak_req_throughput": {
        "mean": 12.0,
        "std": 0.0,
        "values": [
          12.0,
          12.0,
          12.0,
          12.0,
          12.0
        ]
      },
      "ttfr": {
        "mean": 692.5457457999073,
        "std": 23.36191349674513,
        "values": [
          733.9803730001222,
          697.8188449998015,
          686.9324889999007,
          679.3597179998869,
          664.6373039998252
        ]
      },
      "est_ppt": {
        "mean": 691.1530514663658,
        "std": 23.36191349674513,
        "values": [
          732.5876786665807,
          696.42615066626,
          685.5397946663592,
          677.9670236663454,
          663.2446096662837
        ]
      },
      "e2e_ttft": {
        "mean": 692.5457457999073,
        "std": 23.36191349674513,
        "values": [
          733.9803730001222,
          697.8188449998015,
          686.9324889999007,
          679.3597179998869,
          664.6373039998252
        ]
      },
      "throughput_over_time": null,
      "requests_throughput_over_time": null
    }
  ]
}