{
  "version": "0.3.7",
  "timestamp": "2026-05-09 04:04:33Z",
  "latency_mode": "api",
  "latency_ms": 1.6270983323920518,
  "model": "qwen35-27b-axionml-nvfp4",
  "prefix_caching_enabled": false,
  "max_concurrency": 1,
  "benchmarks": [
    {
      "concurrency": 1,
      "context_size": 0,
      "prompt_size": 2048,
      "response_size": 32,
      "is_context_prefill_phase": false,
      "pp_throughput": {
        "mean": 3094.7087908589215,
        "std": 146.64488209594728,
        "values": [
          2686.810638490207,
          2838.3877904554515,
          2839.3034357230313,
          2847.7173038073943,
          2956.2926156677895,
          2891.173694823956,
          3130.046764732591,
          3234.8248801832306,
          3047.867150490068,
          2975.7488714160036,
          3059.8391799287465,
          3064.8536084017746,
          3071.7867121193754,
          3198.0294884071955,
          3113.8818440859036,
          3074.6002187994163,
          3192.893074693735,
          3207.5735853072374,
          3179.353658413393,
          3190.9010576629817,
          3170.977299407843,
          3232.1733250731336,
          3222.2805163578073,
          3140.604560978532,
          3239.5324525473097,
          3172.5047825939614,
          3287.1473390171172,
          3204.5405809000144,
          3203.2882715771907,
          3166.3290237052674
        ]
      },
      "pp_req_throughput": {
        "mean": 3094.7087908589215,
        "std": 146.64488209594728,
        "values": [
          2686.810638490207,
          2838.3877904554515,
          2839.3034357230313,
          2847.7173038073943,
          2956.2926156677895,
          2891.173694823956,
          3130.046764732591,
          3234.8248801832306,
          3047.867150490068,
          2975.7488714160036,
          3059.8391799287465,
          3064.8536084017746,
          3071.7867121193754,
          3198.0294884071955,
          3113.8818440859036,
          3074.6002187994163,
          3192.893074693735,
          3207.5735853072374,
          3179.353658413393,
          3190.9010576629817,
          3170.977299407843,
          3232.1733250731336,
          3222.2805163578073,
          3140.604560978532,
          3239.5324525473097,
          3172.5047825939614,
          3287.1473390171172,
          3204.5405809000144,
          3203.2882715771907,
          3166.3290237052674
        ]
      },
      "tg_throughput": {
        "mean": 11.556244551477374,
        "std": 0.03527970516203611,
        "values": [
          11.635223053136817,
          11.596761333854994,
          11.604556941069625,
          11.622566102449355,
          11.599740930501751,
          11.585702756049512,
          11.534060384284125,
          11.550383075759015,
          11.58993411396349,
          11.567218368066465,
          11.560859020332183,
          11.56288802894888,
          11.556385727853602,
          11.572312256067315,
          11.550283689468637,
          11.565287439339105,
          11.47684499763357,
          11.572196439411469,
          11.539582535881527,
          11.544837613345006,
          11.561307496808997,
          11.543039901932097,
          11.526890543987323,
          11.509516998117208,
          11.552155928482872,
          11.531088368860464,
          11.488999401850782,
          11.526929119060135,
          11.537440035575234,
          11.522343942229641
        ]
      },
      "tg_req_throughput": {
        "mean": 11.556244551477374,
        "std": 0.03527970516203611,
        "values": [
          11.635223053136817,
          11.596761333854994,
          11.604556941069625,
          11.622566102449355,
          11.599740930501751,
          11.585702756049512,
          11.534060384284125,
          11.550383075759015,
          11.58993411396349,
          11.567218368066465,
          11.560859020332183,
          11.56288802894888,
          11.556385727853602,
          11.572312256067315,
          11.550283689468637,
          11.565287439339105,
          11.47684499763357,
          11.572196439411469,
          11.539582535881527,
          11.544837613345006,
          11.561307496808997,
          11.543039901932097,
          11.526890543987323,
          11.509516998117208,
          11.552155928482872,
          11.531088368860464,
          11.488999401850782,
          11.526929119060135,
          11.537440035575234,
          11.522343942229641
        ]
      },
      "peak_throughput": {
        "mean": 12.0,
        "std": 0.0,
        "values": [
          12.0,
          12.0,
          12.0,
          12.0,
          12.0,
          12.0,
          12.0,
          12.0,
          12.0,
          12.0,
          12.0,
          12.0,
          12.0,
          12.0,
          12.0,
          12.0,
          12.0,
          12.0,
          12.0,
          12.0,
          12.0,
          12.0,
          12.0,
          12.0,
          12.0,
          12.0,
          12.0,
          12.0,
          12.0,
          12.0
        ]
      },
      "peak_req_throughput": {
        "mean": 12.0,
        "std": 0.0,
        "values": [
          12.0,
          12.0,
          12.0,
          12.0,
          12.0,
          12.0,
          12.0,
          12.0,
          12.0,
          12.0,
          12.0,
          12.0,
          12.0,
          12.0,
          12.0,
          12.0,
          12.0,
          12.0,
          12.0,
          12.0,
          12.0,
          12.0,
          12.0,
          12.0,
          12.0,
          12.0,
          12.0,
          12.0,
          12.0,
          12.0
        ]
      },
      "ttfr": {
        "mean": 668.193794900435,
        "std": 33.43667119676207,
        "values": [
          767.5910149991978,
          726.6865870042238,
          726.4527630031807,
          723.9600339962635,
          697.7692830041633,
          713.4487379953498,
          659.1252619982697,
          637.8284620004706,
          676.853379001841,
          693.2177159978892,
          674.2114660009975,
          673.1110460023046,
          671.5954890023568,
          645.1483689961606,
          662.8596380032832,
          670.9824139979901,
          646.1836029993719,
          642.9218170014792,
          648.9284749986837,
          646.5859870004351,
          650.6383669984643,
          638.3503780016326,
          640.3051989982487,
          656.914945000608,
          636.9039569981396,
          650.3258840020862,
          627.7018640030292,
          643.8408410031116,
          643.7797320031677,
          651.5911370006506
        ]
      },
      "est_ppt": {
        "mean": 666.566696568043,
        "std": 33.43667119676207,
        "values": [
          765.9639166668057,
          725.0594886718318,
          724.8256646707887,
          722.3329356638715,
          696.1421846717712,
          711.8216396629578,
          657.4981636658777,
          636.2013636680786,
          675.2262806694489,
          691.5906176654971,
          672.5843676686054,
          671.4839476699126,
          669.9683906699647,
          643.5212706637685,
          661.2325396708911,
          669.355315665598,
          644.5565046669799,
          641.2947186690872,
          647.3013766662916,
          644.9588886680431,
          649.0112686660723,
          636.7232796692406,
          638.6781006658566,
          655.2878466682159,
          635.2768586657476,
          648.6987856696942,
          626.0747656706371,
          642.2137426707195,
          642.1526336707757,
          649.9640386682586
        ]
      },
      "e2e_ttft": {
        "mean": 668.193794900435,
        "std": 33.43667119676207,