{
  "version": "0.3.7",
  "timestamp": "2026-05-08 19:08:06Z",
  "latency_mode": "api",
  "latency_ms": 1.8432373326504603,
  "model": "qwen35-27b-axionml-nvfp4",
  "prefix_caching_enabled": false,
  "max_concurrency": 1,
  "benchmarks": [
    {
      "concurrency": 1,
      "context_size": 0,
      "prompt_size": 2048,
      "response_size": 32,
      "is_context_prefill_phase": false,
      "pp_throughput": {
        "mean": 3152.7454928519746,
        "std": 5.74478062293709,
        "values": [
          3159.4326408926822,
          3153.397578341609,
          3145.406259321633
        ]
      },
      "pp_req_throughput": {
        "mean": 3152.7454928519746,
        "std": 5.74478062293709,
        "values": [
          3159.4326408926822,
          3153.397578341609,
          3145.406259321633
        ]
      },
      "tg_throughput": {
        "mean": 12.115274369994573,
        "std": 0.015263131151106921,
        "values": [
          12.094521576314694,
          12.130792354591627,
          12.1205091790774
        ]
      },
      "tg_req_throughput": {
        "mean": 12.115274369994573,
        "std": 0.015263131151106921,
        "values": [
          12.094521576314694,
          12.130792354591627,
          12.1205091790774
        ]
      },
      "peak_throughput": {
        "mean": 13.0,
        "std": 0.0,
        "values": [
          13.0,
          13.0,
          13.0
        ]
      },
      "peak_req_throughput": {
        "mean": 13.0,
        "std": 0.0,
        "values": [
          13.0,
          13.0,
          13.0
        ]
      },
      "ttfr": {
        "mean": 654.6097990006577,
        "std": 1.1898084689503459,
        "values": [
          653.226012000232,
          654.4726470001478,
          656.1307380015933
        ]
      },
      "est_ppt": {
        "mean": 652.7665616680073,
        "std": 1.1898084689503459,
        "values": [
          651.3827746675815,
          652.6294096674974,
          654.2875006689428
        ]
      },
      "e2e_ttft": {
        "mean": 654.6097990006577,
        "std": 1.1898084689503459,
        "values": [
          653.226012000232,
          654.4726470001478,
          656.1307380015933
        ]
      },
      "throughput_over_time": null,
      "requests_throughput_over_time": null
    }
  ]
}