{
  "version": "0.3.7",
  "timestamp": "2026-05-09 20:38:38Z",
  "latency_mode": "api",
  "latency_ms": 1.9603429973358288,
  "model": "qwen35-27b-axionml-nvfp4",
  "prefix_caching_enabled": false,
  "max_concurrency": 1,
  "benchmarks": [
    {
      "concurrency": 1,
      "context_size": 0,
      "prompt_size": 2048,
      "response_size": 32,
      "is_context_prefill_phase": false,
      "pp_throughput": {
        "mean": 3327.615567446981,
        "std": 9.124076032226489,
        "values": [
          3338.1469552694193,
          3328.806695359447,
          3315.893051712076
        ]
      },
      "pp_req_throughput": {
        "mean": 3327.615567446981,
        "std": 9.124076032226489,
        "values": [
          3338.1469552694193,
          3328.806695359447,
          3315.893051712076
        ]
      },
      "tg_throughput": {
        "mean": 11.559163991921848,
        "std": 0.013207030305663267,
        "values": [
          11.549670053319305,
          11.549981233242985,
          11.577840689203247
        ]
      },
      "tg_req_throughput": {
        "mean": 11.559163991921848,
        "std": 0.013207030305663267,
        "values": [
          11.549670053319305,
          11.549981233242985,
          11.577840689203247
        ]
      },
      "peak_throughput": {
        "mean": 12.0,
        "std": 0.0,
        "values": [
          12.0,
          12.0,
          12.0
        ]
      },
      "peak_req_throughput": {
        "mean": 12.0,
        "std": 0.0,
        "values": [
          12.0,
          12.0,
          12.0
        ]
      },
      "ttfr": {
        "mean": 620.5257153342245,
        "std": 1.5837053361440279,
        "values": [
          618.7696170018171,
          620.1999070035527,
          622.6076219973038
        ]
      },
      "est_ppt": {
        "mean": 618.5653723368887,
        "std": 1.5837053361440279,
        "values": [
          616.8092740044813,
          618.2395640062168,
          620.647278999968
        ]
      },
      "e2e_ttft": {
        "mean": 620.5257153342245,
        "std": 1.5837053361440279,
        "values": [
          618.7696170018171,
          620.1999070035527,
          622.6076219973038
        ]
      },
      "throughput_over_time": null,
      "requests_throughput_over_time": null
    }
  ]
}