{
  "version": "0.3.7",
  "timestamp": "2026-05-10 05:17:05Z",
  "latency_mode": "api",
  "latency_ms": 1.760027672086532,
  "model": "qwen35-27b-axionml-nvfp4",
  "prefix_caching_enabled": false,
  "max_concurrency": 1,
  "benchmarks": [
    {
      "concurrency": 1,
      "context_size": 0,
      "prompt_size": 2048,
      "response_size": 32,
      "is_context_prefill_phase": false,
      "pp_throughput": {
        "mean": 3309.443456540772,
        "std": 10.815156952917619,
        "values": [
          3310.7073281567964,
          3321.6349142963168,
          3314.5080692910055,
          3327.452066762404,
          3321.7401302533135,
          3301.8460368099304,
          3298.4157904935837,
          3305.71004418544,
          3317.682196686356,
          3308.6890909193785,
          3308.370417464483,
          3326.9591440558625,
          3304.8355855293653,
          3306.1079898737516,
          3314.484351590233,
          3284.099698335064,
          3300.5639174222647,
          3304.0466930709454,
          3325.4782115834305,
          3302.576380008782,
          3314.5580246166373,
          3304.166521367393,
          3311.7765468213383,
          3291.137642045906,
          3328.6495701217027,
          3297.439294849405,
          3300.324876291086,
          3319.465012987498,
          3300.250511853454,
          3309.6276384800185
        ]
      },
      "pp_req_throughput": {
        "mean": 3309.443456540772,
        "std": 10.815156952917619,
        "values": [
          3310.7073281567964,
          3321.6349142963168,
          3314.5080692910055,
          3327.452066762404,
          3321.7401302533135,
          3301.8460368099304,
          3298.4157904935837,
          3305.71004418544,
          3317.682196686356,
          3308.6890909193785,
          3308.370417464483,
          3326.9591440558625,
          3304.8355855293653,
          3306.1079898737516,
          3314.484351590233,
          3284.099698335064,
          3300.5639174222647,
          3304.0466930709454,
          3325.4782115834305,
          3302.576380008782,
          3314.5580246166373,
          3304.166521367393,
          3311.7765468213383,
          3291.137642045906,
          3328.6495701217027,
          3297.439294849405,
          3300.324876291086,
          3319.465012987498,
          3300.250511853454,
          3309.6276384800185
        ]
      },
      "tg_throughput": {
        "mean": 11.514572955518872,
        "std": 0.024458728362458167,
        "values": [
          11.602069793974964,
          11.5369665136594,
          11.528395831428165,
          11.568813468866654,
          11.507729598313993,
          11.547771984092021,
          11.49925438406257,
          11.501568519353883,
          11.489056676095684,
          11.4989597128752,
          11.513667662280543,
          11.479892077640333,
          11.50738544148752,
          11.500642727910405,
          11.508831964889147,
          11.504052295751464,
          11.498327203656125,
          11.51358365111128,
          11.519910349366857,
          11.496844484816856,
          11.503248443744079,
          11.494391705530608,
          11.52941205715399,
          11.528562053754996,
          11.494207092817806,
          11.52262988532847,
          11.524218983584031,
          11.493905507885387,
          11.515773052355996,
          11.50711554177775
        ]
      },
      "tg_req_throughput": {
        "mean": 11.514572955518872,
        "std": 0.024458728362458167,
        "values": [
          11.602069793974964,
          11.5369665136594,
          11.528395831428165,
          11.568813468866654,
          11.507729598313993,
          11.547771984092021,
          11.49925438406257,
          11.501568519353883,
          11.489056676095684,
          11.4989597128752,
          11.513667662280543,
          11.479892077640333,
          11.50738544148752,
          11.500642727910405,
          11.508831964889147,
          11.504052295751464,
          11.498327203656125,
          11.51358365111128,
          11.519910349366857,
          11.496844484816856,
          11.503248443744079,
          11.494391705530608,
          11.52941205715399,
          11.528562053754996,
          11.494207092817806,
          11.52262988532847,
          11.524218983584031,
          11.493905507885387,
          11.515773052355996,
          11.50711554177775
        ]
      },
      "peak_throughput": {
        "mean": 12.0,
        "std": 0.0,
        "values": [
          12.0,
          12.0,
          12.0,
          12.0,
          12.0,
          12.0,
          12.0,
          12.0,
          12.0,
          12.0,
          12.0,
          12.0,
          12.0,
          12.0,
          12.0,
          12.0,
          12.0,
          12.0,
          12.0,
          12.0,
          12.0,
          12.0,
          12.0,
          12.0,
          12.0,
          12.0,
          12.0,
          12.0,
          12.0,
          12.0
        ]
      },
      "peak_req_throughput": {
        "mean": 12.0,
        "std": 0.0,
        "values": [
          12.0,
          12.0,
          12.0,
          12.0,
          12.0,
          12.0,
          12.0,
          12.0,
          12.0,
          12.0,
          12.0,
          12.0,
          12.0,
          12.0,
          12.0,
          12.0,
          12.0,
          12.0,
          12.0,
          12.0,
          12.0,
          12.0,
          12.0,
          12.0,
          12.0,
          12.0,
          12.0,
          12.0,
          12.0,
          12.0
        ]
      },
      "ttfr": {
        "mean": 623.6436970662908,
        "std": 2.0544436896551677,
        "values": [
          623.3794569998281,
          621.3344400021015,
          622.6666469883639,
          619.9507510027615,
          621.3148150127381,
          625.0477209978271,
          625.999095995212,
          624.3191670073429,
          622.3740220011678,
          623.7586329953047,
          623.8185460097156,
          620.3429169981973,
          624.4838959974004,
          624.5467020053184,
          622.3693840001943,
          628.4157899935963,
          625.289839998004,
          624.6325809916016,
          620.6183900067117,
          624.9098849948496,
          622.6572890009265,
          624.6099920099368,
          623.1787649885518,
          627.0757159945788,
          620.0287749961717,
          625.8806910045678,
          625.3350019978825,
          622.040703005041,
          625.349052992533,
          623.5822460002964
        ]
      },
      "est_ppt": {
        "mean": 621.8836693942042,
        "std": 2.0544436896551677,
        "values": [
          621.6194293277416,
          619.574412330015,
          620.9066193162774,
          618.190723330675,
          619.5547873406516,
          623.2876933257406,
          624.2390683231255,
          622.5591393352564,
          620.6139943290813,
          621.9986053232182,
          622.0585183376292,
          618.5828893261108,
          622.7238683253139,
          622.7866743332319,
          620.6093563281078,
          626.6557623215098,
          623.5298123259175,
          622.8725533195151,
          618.8583623346252,
          623.1498573227631,
          620.89726132884,
          622.8499643378503,
          621.4187373164654,
          625.3156883224923,
          618.2687473240852,
          624.1206633324813,
          623.574974325796,
          620.2806753329545,
          623.5890253204465,
          621.8222183282099
        ]
      },
      "e2e_ttft": {
        "mean": 623.6436970662908,
        "std": 2.0544436896551677,