{
  "version": "0.3.7",
  "timestamp": "2026-05-09 10:10:25Z",
  "latency_mode": "api",
  "latency_ms": 1.6278386666878457,
  "model": "qwen35-27b-axionml-nvfp4",
  "prefix_caching_enabled": false,
  "max_concurrency": 1,
  "benchmarks": [
    {
      "concurrency": 1,
      "context_size": 0,
      "prompt_size": 2048,
      "response_size": 32,
      "is_context_prefill_phase": false,
      "pp_throughput": {
        "mean": 2877.248744181408,
        "std": 77.83979467899296,
        "values": [
          2788.911011560812,
          2864.5327777144985,
          2978.302443268912
        ]
      },
      "pp_req_throughput": {
        "mean": 2877.248744181408,
        "std": 77.83979467899296,
        "values": [
          2788.911011560812,
          2864.5327777144985,
          2978.302443268912
        ]
      },
      "tg_throughput": {
        "mean": 11.621240991059631,
        "std": 0.01677560631697561,
        "values": [
          11.640298183315,
          11.623949593077748,
          11.599475196786143
        ]
      },
      "tg_req_throughput": {
        "mean": 11.621240991059631,
        "std": 0.01677560631697561,
        "values": [
          11.640298183315,
          11.623949593077748,
          11.599475196786143
        ]
      },
      "peak_throughput": {
        "mean": 12.0,
        "std": 0.0,
        "values": [
          12.0,
          12.0,
          12.0
        ]
      },
      "peak_req_throughput": {
        "mean": 12.0,
        "std": 0.0,
        "values": [
          12.0,
          12.0,
          12.0
        ]
      },
      "ttfr": {
        "mean": 717.5270449999213,
        "std": 19.10466999313301,
        "values": [
          739.550271999633,
          720.0696090003476,
          692.9612539997834
        ]
      },
      "est_ppt": {
        "mean": 715.8992063332335,
        "std": 19.10466999313301,
        "values": [
          737.9224333329452,
          718.4417703336597,
          691.3334153330956
        ]
      },
      "e2e_ttft": {
        "mean": 717.5270449999213,
        "std": 19.10466999313301,
        "values": [
          739.550271999633,
          720.0696090003476,
          692.9612539997834
        ]
      },
      "throughput_over_time": null,
      "requests_throughput_over_time": null
    }
  ]
}