{
  "version": "0.3.7",
  "timestamp": "2026-05-08 20:37:19Z",
  "latency_mode": "api",
  "latency_ms": 2.0133610008391165,
  "model": "qwen35-27b-axionml-nvfp4",
  "prefix_caching_enabled": false,
  "max_concurrency": 1,
  "benchmarks": [
    {
      "concurrency": 1,
      "context_size": 0,
      "prompt_size": 2048,
      "response_size": 32,
      "is_context_prefill_phase": false,
      "pp_throughput": {
        "mean": 3259.927215046771,
        "std": 138.5362738868072,
        "values": [
          3323.8779879668355,
          3327.977321999213,
          3331.564458239302,
          2982.9299010056457,
          3333.2864060228594
        ]
      },
      "pp_req_throughput": {
        "mean": 3259.927215046771,
        "std": 138.5362738868072,
        "values": [
          3323.8779879668355,
          3327.977321999213,
          3331.564458239302,
          2982.9299010056457,
          3333.2864060228594
        ]
      },
      "tg_throughput": {
        "mean": 10.770424927928204,
        "std": 1.553146687672831,
        "values": [
          11.562930399192654,
          11.586027147802863,
          7.664564180916832,
          11.52420941284751,
          11.514393498881153
        ]
      },
      "tg_req_throughput": {
        "mean": 10.770424927928204,
        "std": 1.553146687672831,
        "values": [
          11.562930399192654,
          11.586027147802863,
          7.664564180916832,
          11.52420941284751,
          11.514393498881153
        ]
      },
      "peak_throughput": {
        "mean": 13.060182828444624,
        "std": 2.12036565688925,
        "values": [
          12.0,
          12.0,
          17.300914142223125,
          12.0,
          12.0
        ]
      },
      "peak_req_throughput": {
        "mean": 13.060182828444624,
        "std": 2.12036565688925,
        "values": [
          12.0,
          12.0,
          17.300914142223125,
          12.0,
          12.0
        ]
      },
      "ttfr": {
        "mean": 634.53578799963,
        "std": 28.707899986109336,
        "values": [
          621.1696619993745,
          620.4069979994529,
          619.7411659995851,
          691.9390610000846,
          619.4220529996528
        ]
      },
      "est_ppt": {
        "mean": 632.5224269987908,
        "std": 28.707899986109336,
        "values": [
          619.1563009985354,
          618.3936369986137,
          617.7278049987459,
          689.9256999992455,
          617.4086919988137
        ]
      },
      "e2e_ttft": {
        "mean": 634.53578799963,
        "std": 28.707899986109336,
        "values": [
          621.1696619993745,
          620.4069979994529,
          619.7411659995851,
          691.9390610000846,
          619.4220529996528
        ]
      },
      "throughput_over_time": null,
      "requests_throughput_over_time": null
    }
  ]
}