{
  "version": "0.3.7",
  "timestamp": "2026-05-09 09:34:09Z",
  "latency_mode": "api",
  "latency_ms": 1.6324746666214196,
  "model": "qwen35-27b-axionml-nvfp4",
  "prefix_caching_enabled": false,
  "max_concurrency": 1,
  "benchmarks": [
    {
      "concurrency": 1,
      "context_size": 0,
      "prompt_size": 2048,
      "response_size": 32,
      "is_context_prefill_phase": false,
      "pp_throughput": {
        "mean": 2761.7725438631737,
        "std": 105.65786664625456,
        "values": [
          2617.486580446778,
          2800.277039471245,
          2867.5540116714988
        ]
      },
      "pp_req_throughput": {
        "mean": 2761.7725438631737,
        "std": 105.65786664625456,
        "values": [
          2617.486580446778,
          2800.277039471245,
          2867.5540116714988
        ]
      },
      "tg_throughput": {
        "mean": 11.83957685206868,
        "std": 0.006975554844009129,
        "values": [
          11.83168965299708,
          11.848651885729204,
          11.83838901747976
        ]
      },
      "tg_req_throughput": {
        "mean": 11.83957685206868,
        "std": 0.006975554844009129,
        "values": [
          11.83168965299708,
          11.848651885729204,
          11.83838901747976
        ]
      },
      "peak_throughput": {
        "mean": 12.0,
        "std": 0.0,
        "values": [
          12.0,
          12.0,
          12.0
        ]
      },
      "peak_req_throughput": {
        "mean": 12.0,
        "std": 0.0,
        "values": [
          12.0,
          12.0,
          12.0
        ]
      },
      "ttfr": {
        "mean": 747.9199943332636,
        "std": 29.12161177713193,
        "values": [
          787.8829239998595,
          736.5597590001016,
          719.3172999998296
        ]
      },
      "est_ppt": {
        "mean": 746.2875196666422,
        "std": 29.12161177713193,
        "values": [
          786.2504493332381,
          734.9272843334802,
          717.6848253332082
        ]
      },
      "e2e_ttft": {
        "mean": 747.9199943332636,
        "std": 29.12161177713193,
        "values": [
          787.8829239998595,
          736.5597590001016,
          719.3172999998296
        ]
      },
      "throughput_over_time": null,
      "requests_throughput_over_time": null
    }
  ]
}