{
  "version": "0.3.7",
  "timestamp": "2026-05-09 04:38:30Z",
  "latency_mode": "generation",
  "latency_ms": 115.66249333069815,
  "model": "qwen35-27b-axionml-nvfp4",
  "prefix_caching_enabled": false,
  "max_concurrency": 1,
  "benchmarks": [
    {
      "concurrency": 1,
      "context_size": 0,
      "prompt_size": 2048,
      "response_size": 32,
      "is_context_prefill_phase": false,
      "pp_throughput": {
        "mean": 4061.857576411128,
        "std": 12.643501254454074,
        "values": [
          4051.7490118513897,
          4053.184111994632,
          4085.7665639973507,
          4063.6008370403442,
          4054.9873571719213
        ]
      },
      "pp_req_throughput": {
        "mean": 4061.857576411128,
        "std": 12.643501254454074,
        "values": [
          4051.7490118513897,
          4053.184111994632,
          4085.7665639973507,
          4063.6008370403442,
          4054.9873571719213
        ]
      },
      "tg_throughput": {
        "mean": 11.597637657973554,
        "std": 0.03158393757500516,
        "values": [
          11.655789027532071,
          11.601483644725578,
          11.590690608284687,
          11.573842286099442,
          11.566382723225994
        ]
      },
      "tg_req_throughput": {
        "mean": 11.597637657973554,
        "std": 0.03158393757500516,
        "values": [
          11.655789027532071,
          11.601483644725578,
          11.590690608284687,
          11.573842286099442,
          11.566382723225994
        ]
      },
      "peak_throughput": {
        "mean": 12.0,
        "std": 0.0,
        "values": [
          12.0,
          12.0,
          12.0,
          12.0,
          12.0
        ]
      },
      "peak_req_throughput": {
        "mean": 12.0,
        "std": 0.0,
        "values": [
          12.0,
          12.0,
          12.0,
          12.0,
          12.0
        ]
      },
      "ttfr": {
        "mean": 622.3321218014462,
        "std": 1.5714932457320996,
        "values": [
          623.591290001059,
          623.4114489998319,
          619.362342004024,
          622.109873998852,
          623.1856540034642
        ]
      },
      "est_ppt": {
        "mean": 506.66962847074814,
        "std": 1.5714932457320996,
        "values": [
          507.92879667036084,
          507.7489556691338,
          503.69984867332585,
          506.44738066815387,
          507.52316067276604
        ]
      },
      "e2e_ttft": {
        "mean": 622.3321218014462,
        "std": 1.5714932457320996,
        "values": [
          623.591290001059,
          623.4114489998319,
          619.362342004024,
          622.109873998852,
          623.1856540034642
        ]
      },
      "throughput_over_time": null,
      "requests_throughput_over_time": null
    }
  ]
}