{
  "version": "0.3.7",
  "timestamp": "2026-05-08 17:40:45Z",
  "latency_mode": "api",
  "latency_ms": 1.6827663336395442,
  "model": "qwen35-27b-axionml-nvfp4",
  "prefix_caching_enabled": false,
  "max_concurrency": 1,
  "benchmarks": [
    {
      "concurrency": 1,
      "context_size": 0,
      "prompt_size": 2048,
      "response_size": 32,
      "is_context_prefill_phase": false,
      "pp_throughput": {
        "mean": 2608.012374015794,
        "std": 118.29507947279902,
        "values": [
          2453.4142013853098,
          2629.947731178279,
          2740.6751894837944
        ]
      },
      "pp_req_throughput": {
        "mean": 2608.012374015794,
        "std": 118.29507947279902,
        "values": [
          2453.4142013853098,
          2629.947731178279,
          2740.6751894837944
        ]
      },
      "tg_throughput": {
        "mean": 11.653017673026289,
        "std": 0.011033225664502126,
        "values": [
          11.637672205985572,
          11.663136951829781,
          11.658243861263518
        ]
      },
      "tg_req_throughput": {
        "mean": 11.653017673026289,
        "std": 0.011033225664502126,
        "values": [
          11.637672205985572,
          11.663136951829781,
          11.658243861263518
        ]
      },
      "peak_throughput": {
        "mean": 12.0,
        "std": 0.0,
        "values": [
          12.0,
          12.0,
          12.0
        ]
      },
      "peak_req_throughput": {
        "mean": 12.0,
        "std": 0.0,
        "values": [
          12.0,
          12.0,
          12.0
        ]
      },
      "ttfr": {
        "mean": 792.4380846664766,
        "std": 36.36240715882349,
        "values": [
          840.5138119996991,
          784.2078240000774,
          752.5926179996532
        ]
      },
      "est_ppt": {
        "mean": 790.755318332837,
        "std": 36.36240715882349,
        "values": [
          838.8310456660596,
          782.5250576664379,
          750.9098516660137
        ]
      },
      "e2e_ttft": {
        "mean": 792.4380846664766,
        "std": 36.36240715882349,
        "values": [
          840.5138119996991,
          784.2078240000774,
          752.5926179996532
        ]
      },
      "throughput_over_time": null,
      "requests_throughput_over_time": null
    }
  ]
}