{
  "version": "0.3.7",
  "timestamp": "2026-05-10 06:24:07Z",
  "latency_mode": "api",
  "latency_ms": 1.6198486652380477,
  "model": "qwen35-27b-axionml-nvfp4",
  "prefix_caching_enabled": false,
  "max_concurrency": 1,
  "benchmarks": [
    {
      "concurrency": 1,
      "context_size": 0,
      "prompt_size": 2048,
      "response_size": 32,
      "is_context_prefill_phase": false,
      "pp_throughput": {
        "mean": 3130.5258397650023,
        "std": 157.39853725673075,
        "values": [
          2692.997939203532,
          2601.4307673669714,
          2863.717957057999,
          3104.087897532699,
          2904.7569272351734,
          3115.016700071996,
          3079.6751727548553,
          3137.7908557606747,
          3151.542951507226,
          3217.5456569668886,
          3141.5957584882553,
          3213.0344290914213,
          3155.958046225856,
          3201.578582979959,
          3234.0808313867865,
          3180.196614238417,
          3198.2794495744156,
          3151.6351293553535,
          3232.1603163821624,
          3189.9926794294815,
          3200.45740065253,
          3189.6287169083525,
          3288.970799543663,
          3181.3621013203356,
          3305.577000043779,
          3229.182554739171,
          3155.414648014924,
          3214.915762778173,
          3162.107227833635,
          3221.0843185053936
        ]
      },
      "pp_req_throughput": {
        "mean": 3130.5258397650023,
        "std": 157.39853725673075,
        "values": [
          2692.997939203532,
          2601.4307673669714,
          2863.717957057999,
          3104.087897532699,
          2904.7569272351734,
          3115.016700071996,
          3079.6751727548553,
          3137.7908557606747,
          3151.542951507226,
          3217.5456569668886,
          3141.5957584882553,
          3213.0344290914213,
          3155.958046225856,
          3201.578582979959,
          3234.0808313867865,
          3180.196614238417,
          3198.2794495744156,
          3151.6351293553535,
          3232.1603163821624,
          3189.9926794294815,
          3200.45740065253,
          3189.6287169083525,
          3288.970799543663,
          3181.3621013203356,
          3305.577000043779,
          3229.182554739171,
          3155.414648014924,
          3214.915762778173,
          3162.107227833635,
          3221.0843185053936
        ]
      },
      "tg_throughput": {
        "mean": 11.517963197538055,
        "std": 0.023324226569445206,
        "values": [
          11.586566121855737,
          11.580467067818782,
          11.524403246353776,
          11.526025261779647,
          11.542497985808877,
          11.54709137468948,
          11.510894703690429,
          11.516367775533636,
          11.536232646703525,
          11.511191192290426,
          11.523160860971615,
          11.497195447926115,
          11.524872476937167,
          11.51111838203973,
          11.492824456562762,
          11.523164112077321,
          11.510626827739253,
          11.474989425499407,
          11.507589188037212,
          11.505598344852707,
          11.504897245471303,
          11.50320011547545,
          11.510686565916178,
          11.493848564532762,
          11.505065536415366,
          11.517581472185507,
          11.52433608251194,
          11.49609299435618,
          11.49753184002041,
          11.532778610088986
        ]
      },
      "tg_req_throughput": {
        "mean": 11.517963197538055,
        "std": 0.023324226569445206,
        "values": [
          11.586566121855737,
          11.580467067818782,
          11.524403246353776,
          11.526025261779647,
          11.542497985808877,
          11.54709137468948,
          11.510894703690429,
          11.516367775533636,
          11.536232646703525,
          11.511191192290426,
          11.523160860971615,
          11.497195447926115,
          11.524872476937167,
          11.51111838203973,
          11.492824456562762,
          11.523164112077321,
          11.510626827739253,
          11.474989425499407,
          11.507589188037212,
          11.505598344852707,
          11.504897245471303,
          11.50320011547545,
          11.510686565916178,
          11.493848564532762,
          11.505065536415366,
          11.517581472185507,
          11.52433608251194,
          11.49609299435618,
          11.49753184002041,
          11.532778610088986
        ]
      },
      "peak_throughput": {
        "mean": 12.0,
        "std": 0.0,
        "values": [
          12.0,
          12.0,
          12.0,
          12.0,
          12.0,
          12.0,
          12.0,
          12.0,
          12.0,
          12.0,
          12.0,
          12.0,
          12.0,
          12.0,
          12.0,
          12.0,
          12.0,
          12.0,
          12.0,
          12.0,
          12.0,
          12.0,
          12.0,
          12.0,
          12.0,
          12.0,
          12.0,
          12.0,
          12.0,
          12.0
        ]
      },
      "peak_req_throughput": {
        "mean": 12.0,
        "std": 0.0,
        "values": [
          12.0,
          12.0,
          12.0,
          12.0,
          12.0,
          12.0,
          12.0,
          12.0,
          12.0,
          12.0,
          12.0,
          12.0,
          12.0,
          12.0,
          12.0,
          12.0,
          12.0,
          12.0,
          12.0,
          12.0,
          12.0,
          12.0,
          12.0,
          12.0,
          12.0,
          12.0,
          12.0,
          12.0,
          12.0,
          12.0
        ]
      },
      "ttfr": {
        "mean": 660.8993000986326,
        "std": 37.28803127791265,
        "values": [
          765.8239239972318,
          792.7229699998861,
          720.2660389884841,
          664.9386939971009,
          710.1128659996903,
          662.2904639953049,
          669.8721430002479,
          657.4953020026442,
          654.9506239971379,
          641.2378119857749,
          656.7009470018093,
          642.1358609950403,
          653.7197720026597,
          644.1154009953607,
          637.967579998076,
          648.7496490008198,
          645.090824997169,
          654.6142200095346,
          638.3456909970846,
          646.762395001133,
          644.6529349923367,
          646.8360110011417,
          627.3475079942727,
          648.5125740000512,
          624.2040450015338,
          638.9328420045786,
          653.8320710096741,
          641.7610380012775,
          652.4516679928638,
          640.5351319990586
        ]
      },
      "est_ppt": {
        "mean": 659.2794514333942,
        "std": 37.28803127791265,
        "values": [
          764.2040753319937,
          791.1031213346481,
          718.6461903232461,
          663.3188453318629,
          708.4930173344522,
          660.6706153300669,
          668.2522943350099,
          655.8754533374062,
          653.3307753318999,
          639.6179633205369,
          655.0810983365712,
          640.5160123298023,
          652.0999233374217,
          642.4955523301227,
          636.347731332838,
          647.1298003355818,
          643.470976331931,
          652.9943713442966,
          636.7258423318466,
          645.142546335895,
          643.0330863270987,
          645.2161623359037,
          625.7276593290347,
          646.8927253348132,
          622.5841963362958,
          637.3129933393406,
          652.2122223444361,
          640.1411893360395,
          650.8318193276258,
          638.9152833338206
        ]
      },
      "e2e_ttft": {
        "mean": 660.8993000986326,
        "std": 37.28803127791265,