{
  "version": "0.3.7",
  "timestamp": "2026-05-10 05:35:00Z",
  "latency_mode": "api",
  "latency_ms": 0.9322073359120017,
  "model": "qwen35-27b-axionml-nvfp4",
  "prefix_caching_enabled": false,
  "max_concurrency": 1,
  "benchmarks": [
    {
      "concurrency": 1,
      "context_size": 0,
      "prompt_size": 2048,
      "response_size": 32,
      "is_context_prefill_phase": false,
      "pp_throughput": {
        "mean": 3188.2412710228737,
        "std": 115.04435063867246,
        "values": [
          2861.9516644326773,
          2898.4548170794933,
          2964.946510725074,
          2985.637656781225,
          3152.199004564518,
          3097.095880645313,
          3172.820509896028,
          3157.825837949847,
          3173.845775292182,
          3176.707700016763,
          3222.6052758524193,
          3274.990031867362,
          3237.1123755658937,
          3211.9830494732337,
          3204.035950422986,
          3312.2507731263486,
          3198.538493981972,
          3230.521795829326,
          3223.727205343075,
          3227.970941446724,
          3230.4079084910427,
          3231.945914432634,
          3288.8831944853273,
          3277.7219980941186,
          3263.94640744642,
          3272.247387646371,
          3279.1489205174785,
          3227.3252710815755,
          3243.7309266198836,
          3346.6589515788946
        ]
      },
      "pp_req_throughput": {
        "mean": 3188.2412710228737,
        "std": 115.04435063867246,
        "values": [
          2861.9516644326773,
          2898.4548170794933,
          2964.946510725074,
          2985.637656781225,
          3152.199004564518,
          3097.095880645313,
          3172.820509896028,
          3157.825837949847,
          3173.845775292182,
          3176.707700016763,
          3222.6052758524193,
          3274.990031867362,
          3237.1123755658937,
          3211.9830494732337,
          3204.035950422986,
          3312.2507731263486,
          3198.538493981972,
          3230.521795829326,
          3223.727205343075,
          3227.970941446724,
          3230.4079084910427,
          3231.945914432634,
          3288.8831944853273,
          3277.7219980941186,
          3263.94640744642,
          3272.247387646371,
          3279.1489205174785,
          3227.3252710815755,
          3243.7309266198836,
          3346.6589515788946
        ]
      },
      "tg_throughput": {
        "mean": 11.52536590548183,
        "std": 0.022916902192304783,
        "values": [
          11.585080393510076,
          11.548913818463749,
          11.546266526643336,
          11.536820193927758,
          11.49385735191638,
          11.536802547709932,
          11.52093876808954,
          11.545235103511654,
          11.530256555002389,
          11.485544237530547,
          11.553290616997693,
          11.548566273164473,
          11.535550932882547,
          11.543791903046834,
          11.517897335925953,
          11.532331374607828,
          11.48535800677491,
          11.474248650566722,
          11.518061821998437,
          11.523271153570994,
          11.510272509793158,
          11.544172757248246,
          11.505678733494864,
          11.502923685332304,
          11.525881199251415,
          11.525138556942476,
          11.508915244423605,
          11.529589706614198,
          11.525539983915268,
          11.520781221597586
        ]
      },
      "tg_req_throughput": {
        "mean": 11.52536590548183,
        "std": 0.022916902192304783,
        "values": [
          11.585080393510076,
          11.548913818463749,
          11.546266526643336,
          11.536820193927758,
          11.49385735191638,
          11.536802547709932,
          11.52093876808954,
          11.545235103511654,
          11.530256555002389,
          11.485544237530547,
          11.553290616997693,
          11.548566273164473,
          11.535550932882547,
          11.543791903046834,
          11.517897335925953,
          11.532331374607828,
          11.48535800677491,
          11.474248650566722,
          11.518061821998437,
          11.523271153570994,
          11.510272509793158,
          11.544172757248246,
          11.505678733494864,
          11.502923685332304,
          11.525881199251415,
          11.525138556942476,
          11.508915244423605,
          11.529589706614198,
          11.525539983915268,
          11.520781221597586
        ]
      },
      "peak_throughput": {
        "mean": 12.0,
        "std": 0.0,
        "values": [
          12.0,
          12.0,
          12.0,
          12.0,
          12.0,
          12.0,
          12.0,
          12.0,
          12.0,
          12.0,
          12.0,
          12.0,
          12.0,
          12.0,
          12.0,
          12.0,
          12.0,
          12.0,
          12.0,
          12.0,
          12.0,
          12.0,
          12.0,
          12.0,
          12.0,
          12.0,
          12.0,
          12.0,
          12.0,
          12.0
        ]
      },
      "peak_req_throughput": {
        "mean": 12.0,
        "std": 0.0,
        "values": [
          12.0,
          12.0,
          12.0,
          12.0,
          12.0,
          12.0,
          12.0,
          12.0,
          12.0,
          12.0,
          12.0,
          12.0,
          12.0,
          12.0,
          12.0,
          12.0,
          12.0,
          12.0,
          12.0,
          12.0,
          12.0,
          12.0,
          12.0,
          12.0,
          12.0,
          12.0,
          12.0,
          12.0,
          12.0,
          12.0
        ]
      },
      "ttfr": {
        "mean": 647.3205961015386,
        "std": 24.72669377175002,
        "values": [
          720.0219199876301,
          710.9657010005321,
          695.0425370014273,
          690.2321950037731,
          653.8097690063296,
          665.4256809997605,
          649.5664410031168,
          652.9631000012159,
          649.3569090089295,
          648.4579460084205,
          639.2356369906338,
          629.6364110021386,
          636.3750839955173,
          641.6578800126445,
          643.5592039924813,
          622.2619740001392,
          644.3510700046318,
          637.9809969948838,
          639.3236930016428,
          638.4844150015851,
          638.0034560133936,
          637.7002890076255,
          626.6765339969425,
          628.8072989991633,
          631.4572659903206,
          629.8577609995846,
          628.5340790054761,
          638.6119660019176,
          635.3868050064193,
          615.8738640078809
        ]
      },
      "est_ppt": {
        "mean": 646.3883887656269,
        "std": 24.726693771750025,
        "values": [
          719.0897126517181,
          710.0334936646201,
          694.1103296655152,
          689.299987667861,
          652.8775616704175,
          664.4934736638485,
          648.6342336672047,
          652.0308926653039,
          648.4247016730175,
          647.5257386725085,
          638.3034296547218,
          628.7042036662266,
          635.4428766596053,
          640.7256726767324,
          642.6269966565693,
          621.3297666642271,
          643.4188626687197,
          637.0487896589717,
          638.3914856657308,
          637.5522076656731,
          637.0712486774815,
          636.7680816717135,
          625.7443266610304,
          627.8750916632513,
          630.5250586544086,
          628.9255536636725,
          627.601871669564,
          637.6797586660056,
          634.4545976705073,
          614.9416566719689
        ]
      },
      "e2e_ttft": {
        "mean": 647.3205961015386,
        "std": 24.72669377175002,