{
  "version": "0.3.7",
  "timestamp": "2026-05-08 22:44:56Z",
  "latency_mode": "api",
  "latency_ms": 1.6154709992406424,
  "model": "qwen35-27b-axionml-nvfp4",
  "prefix_caching_enabled": false,
  "max_concurrency": 1,
  "benchmarks": [
    {
      "concurrency": 1,
      "context_size": 0,
      "prompt_size": 2048,
      "response_size": 32,
      "is_context_prefill_phase": false,
      "pp_throughput": {
        "mean": 3123.526646327312,
        "std": 8.725510393849028,
        "values": [
          3139.2244822250823,
          3123.72011716199,
          3112.4578900952433,
          3120.9319124451085,
          3121.2988297091347
        ]
      },
      "pp_req_throughput": {
        "mean": 3123.526646327312,
        "std": 8.725510393849028,
        "values": [
          3139.2244822250823,
          3123.72011716199,
          3112.4578900952433,
          3120.9319124451085,
          3121.2988297091347
        ]
      },
      "tg_throughput": {
        "mean": 11.585029619367557,
        "std": 0.029578273606567108,
        "values": [
          11.608884091445104,
          11.616731589451385,
          11.600811493081025,
          11.551187399933813,
          11.54753352292645
        ]
      },
      "tg_req_throughput": {
        "mean": 11.585029619367557,
        "std": 0.029578273606567108,
        "values": [
          11.608884091445104,
          11.616731589451385,
          11.600811493081025,
          11.551187399933813,
          11.54753352292645
        ]
      },
      "peak_throughput": {
        "mean": 12.0,
        "std": 0.0,
        "values": [
          12.0,
          12.0,
          12.0,
          12.0,
          12.0
        ]
      },
      "peak_req_throughput": {
        "mean": 12.0,
        "std": 0.0,
        "values": [
          12.0,
          12.0,
          12.0,
          12.0,
          12.0
        ]
      },
      "ttfr": {
        "mean": 660.6838334002532,
        "std": 2.024892293607369,
        "values": [
          657.1913980005775,
          660.4453029976867,
          663.4718150016852,
          661.033894000866,
          661.2767570004507
        ]
      },
      "est_ppt": {
        "mean": 659.0683624010126,
        "std": 2.024892293607369,
        "values": [
          655.5759270013368,
          658.829831998446,
          661.8563440024445,
          659.4184230016253,
          659.6612860012101
        ]
      },
      "e2e_ttft": {
        "mean": 660.6838334002532,
        "std": 2.024892293607369,
        "values": [
          657.1913980005775,
          660.4453029976867,
          663.4718150016852,
          661.033894000866,
          661.2767570004507
        ]
      },
      "throughput_over_time": null,
      "requests_throughput_over_time": null
    }
  ]
}