{
  "version": "0.3.7",
  "timestamp": "2026-05-08 23:53:58Z",
  "latency_mode": "api",
  "latency_ms": 1.8679473323572893,
  "model": "qwen35-27b-axionml-nvfp4",
  "prefix_caching_enabled": false,
  "max_concurrency": 1,
  "benchmarks": [
    {
      "concurrency": 1,
      "context_size": 0,
      "prompt_size": 2048,
      "response_size": 32,
      "is_context_prefill_phase": false,
      "pp_throughput": {
        "mean": 2714.415332798253,
        "std": 147.50886818024347,
        "values": [
          2573.057749923277,
          2606.1945951256607,
          2623.447820136962,
          2811.0682248078547,
          2958.3082739975107
        ]
      },
      "pp_req_throughput": {
        "mean": 2714.415332798253,
        "std": 147.50886818024347,
        "values": [
          2573.057749923277,
          2606.1945951256607,
          2623.447820136962,
          2811.0682248078547,
          2958.3082739975107
        ]
      },
      "tg_throughput": {
        "mean": 11.572936012200032,
        "std": 0.018949997226778936,
        "values": [
          11.583997889234478,
          11.589241103952494,
          11.542250773481063,
          11.58976421933581,
          11.559426074996312
        ]
      },
      "tg_req_throughput": {
        "mean": 11.572936012200032,
        "std": 0.018949997226778936,
        "values": [
          11.583997889234478,
          11.589241103952494,
          11.542250773481063,
          11.58976421933581,
          11.559426074996312
        ]
      },
      "peak_throughput": {
        "mean": 12.0,
        "std": 0.0,
        "values": [
          12.0,
          12.0,
          12.0,
          12.0,
          12.0
        ]
      },
      "peak_req_throughput": {
        "mean": 12.0,
        "std": 0.0,
        "values": [
          12.0,
          12.0,
          12.0,
          12.0,
          12.0
        ]
      },
      "ttfr": {
        "mean": 762.2122306005622,
        "std": 39.95067972121863,
        "values": [
          801.6945350027527,
          791.525021999405,
          786.3318060008169,
          733.9739779999945,
          697.5358119998418
        ]
      },
      "est_ppt": {
        "mean": 760.3442832682049,
        "std": 39.95067972121863,
        "values": [
          799.8265876703954,
          789.6570746670477,
          784.4638586684596,
          732.1060306676372,
          695.6678646674845
        ]
      },
      "e2e_ttft": {
        "mean": 762.2122306005622,
        "std": 39.95067972121863,
        "values": [
          801.6945350027527,
          791.525021999405,
          786.3318060008169,
          733.9739779999945,
          697.5358119998418
        ]
      },
      "throughput_over_time": null,
      "requests_throughput_over_time": null
    }
  ]
}