{
  "version": "0.3.7",
  "timestamp": "2026-05-08 22:09:50Z",
  "latency_mode": "api",
  "latency_ms": 1.5109546669312597,
  "model": "qwen35-27b-axionml-nvfp4",
  "prefix_caching_enabled": false,
  "max_concurrency": 1,
  "benchmarks": [
    {
      "concurrency": 1,
      "context_size": 0,
      "prompt_size": 2048,
      "response_size": 32,
      "is_context_prefill_phase": false,
      "pp_throughput": {
        "mean": 2752.0913505907038,
        "std": 165.94869394386095,
        "values": [
          2463.3653425305833,
          2803.204820802968,
          2969.990020152555,
          2806.9227332721243,
          2716.973836195289
        ]
      },
      "pp_req_throughput": {
        "mean": 2752.0913505907038,
        "std": 165.94869394386095,
        "values": [
          2463.3653425305833,
          2803.204820802968,
          2969.990020152555,
          2806.9227332721243,
          2716.973836195289
        ]
      },
      "tg_throughput": {
        "mean": 11.543256825536847,
        "std": 0.02075169202320309,
        "values": [
          11.56488530119205,
          11.57100061344077,
          11.528290572513544,
          11.53311708341888,
          11.518990557118991
        ]
      },
      "tg_req_throughput": {
        "mean": 11.543256825536847,
        "std": 0.02075169202320309,
        "values": [
          11.56488530119205,
          11.57100061344077,
          11.528290572513544,
          11.53311708341888,
          11.518990557118991
        ]
      },
      "peak_throughput": {
        "mean": 12.0,
        "std": 0.0,
        "values": [
          12.0,
          12.0,
          12.0,
          12.0,
          12.0
        ]
      },
      "peak_req_throughput": {
        "mean": 12.0,
        "std": 0.0,
        "values": [
          12.0,
          12.0,
          12.0,
          12.0,
          12.0
        ]
      },
      "ttfr": {
        "mean": 752.147236399469,
        "std": 47.21107880634233,
        "values": [
          836.9534140001633,
          735.670650999964,
          694.4425759975275,
          734.6982189992559,
          758.9713220004342
        ]
      },
      "est_ppt": {
        "mean": 750.6362817325376,
        "std": 47.21107880634233,
        "values": [
          835.442459333232,
          734.1596963330327,
          692.9316213305962,
          733.1872643323246,
          757.4603673335029
        ]
      },
      "e2e_ttft": {
        "mean": 752.147236399469,
        "std": 47.21107880634233,
        "values": [
          836.9534140001633,
          735.670650999964,
          694.4425759975275,
          734.6982189992559,
          758.9713220004342
        ]
      },
      "throughput_over_time": null,
      "requests_throughput_over_time": null
    }
  ]
}