{
  "version": "0.3.7",
  "timestamp": "2026-05-09 22:11:17Z",
  "latency_mode": "api",
  "latency_ms": 1.5639783329485606,
  "model": "qwen35-27b-axionml-nvfp4",
  "prefix_caching_enabled": false,
  "max_concurrency": 1,
  "benchmarks": [
    {
      "concurrency": 1,
      "context_size": 0,
      "prompt_size": 2048,
      "response_size": 32,
      "is_context_prefill_phase": false,
      "pp_throughput": {
        "mean": 3306.524794731658,
        "std": 14.963159266514163,
        "values": [
          3316.7905708580324,
          3317.4170301701784,
          3285.3667831667635
        ]
      },
      "pp_req_throughput": {
        "mean": 3306.524794731658,
        "std": 14.963159266514163,
        "values": [
          3316.7905708580324,
          3317.4170301701784,
          3285.3667831667635
        ]
      },
      "tg_throughput": {
        "mean": 11.515589682276769,
        "std": 0.034151509664403265,
        "values": [
          11.560942972551643,
          11.478532574195846,
          11.507293500082817
        ]
      },
      "tg_req_throughput": {
        "mean": 11.515589682276769,
        "std": 0.034151509664403265,
        "values": [
          11.560942972551643,
          11.478532574195846,
          11.507293500082817
        ]
      },
      "peak_throughput": {
        "mean": 12.0,
        "std": 0.0,
        "values": [
          12.0,
          12.0,
          12.0
        ]
      },
      "peak_req_throughput": {
        "mean": 12.0,
        "std": 0.0,
        "values": [
          12.0,
          12.0,
          12.0
        ]
      },
      "ttfr": {
        "mean": 623.9825020020362,
        "std": 2.8256875385677493,
        "values": [
          622.0433109992882,
          621.9261400037794,
          627.9780550030409
        ]
      },
      "est_ppt": {
        "mean": 622.4185236690877,
        "std": 2.8256875385677493,
        "values": [
          620.4793326663397,
          620.3621616708309,
          626.4140766700924
        ]
      },
      "e2e_ttft": {
        "mean": 623.9825020020362,
        "std": 2.8256875385677493,
        "values": [
          622.0433109992882,
          621.9261400037794,
          627.9780550030409
        ]
      },
      "throughput_over_time": null,
      "requests_throughput_over_time": null
    }
  ]
}