{
  "version": "0.3.7",
  "timestamp": "2026-05-09 22:32:00Z",
  "latency_mode": "api",
  "latency_ms": 1.5868289968542133,
  "model": "qwen35-27b-axionml-nvfp4",
  "prefix_caching_enabled": false,
  "max_concurrency": 1,
  "benchmarks": [
    {
      "concurrency": 1,
      "context_size": 0,
      "prompt_size": 2048,
      "response_size": 32,
      "is_context_prefill_phase": false,
      "pp_throughput": {
        "mean": 3283.1161467685583,
        "std": 5.180316409871773,
        "values": [
          3286.2116923665585,
          3287.3187405011467,
          3275.8180074379707
        ]
      },
      "pp_req_throughput": {
        "mean": 3283.1161467685583,
        "std": 5.180316409871773,
        "values": [
          3286.2116923665585,
          3287.3187405011467,
          3275.8180074379707
        ]
      },
      "tg_throughput": {
        "mean": 11.539991364895698,
        "std": 0.029051068961440975,
        "values": [
          11.580058509452694,
          11.527826392047224,
          11.512089193187176
        ]
      },
      "tg_req_throughput": {
        "mean": 11.539991364895698,
        "std": 0.029051068961440975,
        "values": [
          11.580058509452694,
          11.527826392047224,
          11.512089193187176
        ]
      },
      "peak_throughput": {
        "mean": 12.0,
        "std": 0.0,
        "values": [
          12.0,
          12.0,
          12.0
        ]
      },
      "peak_req_throughput": {
        "mean": 12.0,
        "std": 0.0,
        "values": [
          12.0,
          12.0,
          12.0
        ]
      },
      "ttfr": {
        "mean": 628.4318863326916,
        "std": 0.9901444542505426,
        "values": [
          627.839849999873,
          627.6289509987691,
          629.8268579994328
        ]
      },
      "est_ppt": {
        "mean": 626.8450573358374,
        "std": 0.9901444542505426,
        "values": [
          626.2530210030187,
          626.0421220019149,
          628.2400290025786
        ]
      },
      "e2e_ttft": {
        "mean": 628.4318863326916,
        "std": 0.9901444542505426,
        "values": [
          627.839849999873,
          627.6289509987691,
          629.8268579994328
        ]
      },
      "throughput_over_time": null,
      "requests_throughput_over_time": null
    }
  ]
}