{
  "version": "0.3.7",
  "timestamp": "2026-05-09 03:08:53Z",
  "latency_mode": "api",
  "latency_ms": 1.184366662831356,
  "model": "qwen35-27b-axionml-nvfp4",
  "prefix_caching_enabled": false,
  "max_concurrency": 1,
  "benchmarks": [
    {
      "concurrency": 1,
      "context_size": 0,
      "prompt_size": 2048,
      "response_size": 32,
      "is_context_prefill_phase": false,
      "pp_throughput": {
        "mean": 3299.6021774717733,
        "std": 14.148919976085153,
        "values": [
          3304.008156000554,
          3320.486288814357,
          3324.602990839959,
          3325.6454750646003,
          3312.2274576510313,
          3310.9745680279257,
          3303.2057464042164,
          3300.6051689890805,
          3294.966974110986,
          3304.3820847537086,
          3313.5901680713796,
          3307.2291692168037,
          3290.929628646234,
          3286.090516342056,
          3290.1059068543714,
          3310.314139420817,
          3305.9156021340905,
          3291.3585780263334,
          3287.8969285002236,
          3298.2685486106757,
          3282.9978229497383,
          3301.311587655598,
          3317.3269121661733,
          3290.361350864172,
          3287.526259496267,
          3296.7726514906167,
          3278.1579405664625,
          3260.743911812287,
          3288.209295039542,
          3301.853495632941
        ]
      },
      "pp_req_throughput": {
        "mean": 3299.6021774717733,
        "std": 14.148919976085153,
        "values": [
          3304.008156000554,
          3320.486288814357,
          3324.602990839959,
          3325.6454750646003,
          3312.2274576510313,
          3310.9745680279257,
          3303.2057464042164,
          3300.6051689890805,
          3294.966974110986,
          3304.3820847537086,
          3313.5901680713796,
          3307.2291692168037,
          3290.929628646234,
          3286.090516342056,
          3290.1059068543714,
          3310.314139420817,
          3305.9156021340905,
          3291.3585780263334,
          3287.8969285002236,
          3298.2685486106757,
          3282.9978229497383,
          3301.311587655598,
          3317.3269121661733,
          3290.361350864172,
          3287.526259496267,
          3296.7726514906167,
          3278.1579405664625,
          3260.743911812287,
          3288.209295039542,
          3301.853495632941
        ]
      },
      "tg_throughput": {
        "mean": 11.552447496405666,
        "std": 0.031667398024198504,
        "values": [
          11.59871287722989,
          11.657541961356968,
          11.617983876301526,
          11.565914016002198,
          11.539566986021756,
          11.569442094350888,
          11.567452683441964,
          11.552865004109922,
          11.581143509494025,
          11.559429975872662,
          11.53329382580106,
          11.532486817463738,
          11.549108668910016,
          11.54376582726186,
          11.519338383433192,
          11.519414499575612,
          11.524140224908916,
          11.534975292536481,
          11.499239450324996,
          11.528866317627296,
          11.565178433635504,
          11.568775087846507,
          11.541815514164645,
          11.567910775520792,
          11.530738271423221,
          11.513882780031825,
          11.532660378522586,
          11.5417321746493,
          11.55415789205835,
          11.56189129229214
        ]
      },
      "tg_req_throughput": {
        "mean": 11.552447496405666,
        "std": 0.031667398024198504,
        "values": [
          11.59871287722989,
          11.657541961356968,
          11.617983876301526,
          11.565914016002198,
          11.539566986021756,
          11.569442094350888,
          11.567452683441964,
          11.552865004109922,
          11.581143509494025,
          11.559429975872662,
          11.53329382580106,
          11.532486817463738,
          11.549108668910016,
          11.54376582726186,
          11.519338383433192,
          11.519414499575612,
          11.524140224908916,
          11.534975292536481,
          11.499239450324996,
          11.528866317627296,
          11.565178433635504,
          11.568775087846507,
          11.541815514164645,
          11.567910775520792,
          11.530738271423221,
          11.513882780031825,
          11.532660378522586,
          11.5417321746493,
          11.55415789205835,
          11.56189129229214
        ]
      },
      "peak_throughput": {
        "mean": 12.0,
        "std": 0.0,
        "values": [
          12.0,
          12.0,
          12.0,
          12.0,
          12.0,
          12.0,
          12.0,
          12.0,
          12.0,
          12.0,
          12.0,
          12.0,
          12.0,
          12.0,
          12.0,
          12.0,
          12.0,
          12.0,
          12.0,
          12.0,
          12.0,
          12.0,
          12.0,
          12.0,
          12.0,
          12.0,
          12.0,
          12.0,
          12.0,
          12.0
        ]
      },
      "peak_req_throughput": {
        "mean": 12.0,
        "std": 0.0,
        "values": [
          12.0,
          12.0,
          12.0,
          12.0,
          12.0,
          12.0,
          12.0,
          12.0,
          12.0,
          12.0,
          12.0,
          12.0,
          12.0,
          12.0,
          12.0,
          12.0,
          12.0,
          12.0,
          12.0,
          12.0,
          12.0,
          12.0,
          12.0,
          12.0,
          12.0,
          12.0,
          12.0,
          12.0,
          12.0,
          12.0
        ]
      },
      "ttfr": {
        "mean": 624.9276725320669,
        "std": 2.6952542889822095,
        "values": [
          624.064185001771,
          620.6719420006266,
          620.2056469992385,
          620.312296996417,
          622.5185069997679,
          622.7536229998805,
          624.2154939973261,
          624.7063859991613,
          625.7733279999229,
          623.9936990023125,
          622.2629839976435,
          623.4575429989491,
          626.5395800000988,
          627.7647940005409,
          626.6961459987215,
          622.8776299976744,
          623.70479600213,
          626.458079997974,
          627.1163970013731,
          625.1481129947933,
          628.0504539972753,
          624.5729639995261,
          621.5633809988503,
          626.6475849988637,
          627.4911509972299,
          625.4312339951866,
          628.9759610008332,
          632.3286869956064,
          627.056935998553,
          624.4706519937608
        ]
      },
      "est_ppt": {
        "mean": 623.7433058692357,
        "std": 2.695254288982209,
        "values": [
          622.8798183389396,
          619.4875753377952,
          619.0212803364071,
          619.1279303335856,
          621.3341403369365,
          621.5692563370491,
          623.0311273344947,
          623.5220193363299,
          624.5889613370915,
          622.8093323394811,
          621.0786173348121,
          622.2731763361177,
          625.3552133372674,
          626.5804273377095,
          625.5117793358901,
          621.693263334843,
          622.5204293392986,
          625.2737133351426,
          625.9320303385417,
          623.9637463319619,
          626.8660873344439,
          623.3885973366947,
          620.3790143360189,
          625.4632183360324,
          626.3067843343985,
          624.2468673323552,
          627.7915943380018,
          631.144320332775,
          625.8725693357216,
          623.2862853309294
        ]
      },
      "e2e_ttft": {
        "mean": 624.9276725320669,
        "std": 2.6952542889822095,