{
  "version": "0.3.7",
  "timestamp": "2026-05-09 20:20:14Z",
  "latency_mode": "api",
  "latency_ms": 1.6274496689826872,
  "model": "qwen35-27b-axionml-nvfp4",
  "prefix_caching_enabled": false,
  "max_concurrency": 1,
  "benchmarks": [
    {
      "concurrency": 1,
      "context_size": 0,
      "prompt_size": 2048,
      "response_size": 32,
      "is_context_prefill_phase": false,
      "pp_throughput": {
        "mean": 3287.758774158718,
        "std": 1.946428051736772,
        "values": [
          3285.0312252765257,
          3288.801252688982,
          3289.443844510648
        ]
      },
      "pp_req_throughput": {
        "mean": 3287.758774158718,
        "std": 1.946428051736772,
        "values": [
          3285.0312252765257,
          3288.801252688982,
          3289.443844510648
        ]
      },
      "tg_throughput": {
        "mean": 11.517082391267465,
        "std": 0.024006726795420576,
        "values": [
          11.538909308258955,
          11.528689449376142,
          11.483648416167302
        ]
      },
      "tg_req_throughput": {
        "mean": 11.517082391267465,
        "std": 0.024006726795420576,
        "values": [
          11.538909308258955,
          11.528689449376142,
          11.483648416167302
        ]
      },
      "peak_throughput": {
        "mean": 12.0,
        "std": 0.0,
        "values": [
          12.0,
          12.0,
          12.0
        ]
      },
      "peak_req_throughput": {
        "mean": 12.0,
        "std": 0.0,
        "values": [
          12.0,
          12.0,
          12.0
        ]
      },
      "ttfr": {
        "mean": 627.5860016661076,
        "std": 0.3707243342398565,
        "values": [
          628.1055130020832,
          627.3873669997556,
          627.2651249964838
        ]
      },
      "est_ppt": {
        "mean": 625.9585519971248,
        "std": 0.3707243342398565,
        "values": [
          626.4780633331005,
          625.759917330773,
          625.6376753275011
        ]
      },
      "e2e_ttft": {
        "mean": 627.5860016661076,
        "std": 0.3707243342398565,
        "values": [
          628.1055130020832,
          627.3873669997556,
          627.2651249964838
        ]
      },
      "throughput_over_time": null,
      "requests_throughput_over_time": null
    }
  ]
}