{
  "version": "0.3.7",
  "timestamp": "2026-05-08 19:16:01Z",
  "latency_mode": "api",
  "latency_ms": 1.3743476665695198,
  "model": "qwen35-27b-axionml-nvfp4",
  "prefix_caching_enabled": false,
  "max_concurrency": 1,
  "benchmarks": [
    {
      "concurrency": 1,
      "context_size": 0,
      "prompt_size": 2048,
      "response_size": 32,
      "is_context_prefill_phase": false,
      "pp_throughput": {
        "mean": 2558.7121950300093,
        "std": 788.5736238404388,
        "values": [
          1443.5007635262452,
          3115.9469555864507,
          3116.6888659773317
        ]
      },
      "pp_req_throughput": {
        "mean": 2558.7121950300093,
        "std": 788.5736238404388,
        "values": [
          1443.5007635262452,
          3115.9469555864507,
          3116.6888659773317
        ]
      },
      "tg_throughput": {
        "mean": 12.115320766857627,
        "std": 0.03487120753813578,
        "values": [
          12.069547741345323,
          12.12231312111642,
          12.154101438111136
        ]
      },
      "tg_req_throughput": {
        "mean": 12.115320766857627,
        "std": 0.03487120753813578,
        "values": [
          12.069547741345323,
          12.12231312111642,
          12.154101438111136
        ]
      },
      "peak_throughput": {
        "mean": 13.0,
        "std": 0.0,
        "values": [
          13.0,
          13.0,
          13.0
        ]
      },
      "peak_req_throughput": {
        "mean": 13.0,
        "std": 0.0,
        "values": [
          13.0,
          13.0,
          13.0
        ]
      },
      "ttfr": {
        "mean": 917.1019986661122,
        "std": 361.09523836250696,
        "values": [
          1427.7677739992214,
          661.8477219999477,
          661.6904999991675
        ]
      },
      "est_ppt": {
        "mean": 915.7276509995427,
        "std": 361.09523836250696,
        "values": [
          1426.3934263326519,
          660.4733743333782,
          660.316152332598
        ]
      },
      "e2e_ttft": {
        "mean": 917.1019986661122,
        "std": 361.09523836250696,
        "values": [
          1427.7677739992214,
          661.8477219999477,
          661.6904999991675
        ]
      },
      "throughput_over_time": null,
      "requests_throughput_over_time": null
    }
  ]
}