{
  "version": "0.3.7",
  "timestamp": "2026-05-08 19:44:40Z",
  "latency_mode": "api",
  "latency_ms": 1.6037559998949291,
  "model": "qwen35-27b-axionml-nvfp4",
  "prefix_caching_enabled": false,
  "max_concurrency": 1,
  "benchmarks": [
    {
      "concurrency": 1,
      "context_size": 0,
      "prompt_size": 2048,
      "response_size": 32,
      "is_context_prefill_phase": false,
      "pp_throughput": {
        "mean": 3150.624359478239,
        "std": 8.187737856541323,
        "values": [
          3154.820739924607,
          3157.872364746974,
          3139.1799737631363
        ]
      },
      "pp_req_throughput": {
        "mean": 3150.624359478239,
        "std": 8.187737856541323,
        "values": [
          3154.820739924607,
          3157.872364746974,
          3139.1799737631363
        ]
      },
      "tg_throughput": {
        "mean": 12.090931900376695,
        "std": 0.017913154775368676,
        "values": [
          12.08650514159871,
          12.071543786158749,
          12.114746773372627
        ]
      },
      "tg_req_throughput": {
        "mean": 12.090931900376695,
        "std": 0.017913154775368676,
        "values": [
          12.08650514159871,
          12.071543786158749,
          12.114746773372627
        ]
      },
      "peak_throughput": {
        "mean": 13.0,
        "std": 0.0,
        "values": [
          13.0,
          13.0,
          13.0
        ]
      },
      "peak_req_throughput": {
        "mean": 13.0,
        "std": 0.0,
        "values": [
          13.0,
          13.0,
          13.0
        ]
      },
      "ttfr": {
        "mean": 654.8120370001319,
        "std": 1.7003398352532368,
        "values": [
          653.9387600005284,
          653.3083729991631,
          657.1889780007041
        ]
      },
      "est_ppt": {
        "mean": 653.208281000237,
        "std": 1.7003398352532368,
        "values": [
          652.3350040006335,
          651.7046169992682,
          655.5852220008092
        ]
      },
      "e2e_ttft": {
        "mean": 654.8120370001319,
        "std": 1.7003398352532368,
        "values": [
          653.9387600005284,
          653.3083729991631,
          657.1889780007041
        ]
      },
      "throughput_over_time": null,
      "requests_throughput_over_time": null
    }
  ]
}