{
  "version": "0.3.7",
  "timestamp": "2026-05-09 20:45:53Z",
  "latency_mode": "api",
  "latency_ms": 1.7756990006697986,
  "model": "qwen35-27b-axionml-nvfp4",
  "prefix_caching_enabled": false,
  "max_concurrency": 1,
  "benchmarks": [
    {
      "concurrency": 1,
      "context_size": 0,
      "prompt_size": 2048,
      "response_size": 32,
      "is_context_prefill_phase": false,
      "pp_throughput": {
        "mean": 3313.1474153018576,
        "std": 4.237464913502619,
        "values": [
          3309.5969118078697,
          3310.7418050511137,
          3319.10352904659
        ]
      },
      "pp_req_throughput": {
        "mean": 3313.1474153018576,
        "std": 4.237464913502619,
        "values": [
          3309.5969118078697,
          3310.7418050511137,
          3319.10352904659
        ]
      },
      "tg_throughput": {
        "mean": 11.530280485755364,
        "std": 0.04211747660489126,
        "values": [
          11.587127095603197,
          11.517257504365437,
          11.486456857297458
        ]
      },
      "tg_req_throughput": {
        "mean": 11.530280485755364,
        "std": 0.04211747660489126,
        "values": [
          11.587127095603197,
          11.517257504365437,
          11.486456857297458
        ]
      },
      "peak_throughput": {
        "mean": 12.0,
        "std": 0.0,
        "values": [
          12.0,
          12.0,
          12.0
        ]
      },
      "peak_req_throughput": {
        "mean": 12.0,
        "std": 0.0,
        "values": [
          12.0,
          12.0,
          12.0
        ]
      },
      "ttfr": {
        "mean": 623.0390466662357,
        "std": 0.8856632193749032,
        "values": [
          623.9058419960202,
          623.3886550035095,
          621.8226429991773
        ]
      },
      "est_ppt": {
        "mean": 621.2633476655659,
        "std": 0.8856632193749032,
        "values": [
          622.1301429953504,
          621.6129560028397,
          620.0469439985076
        ]
      },
      "e2e_ttft": {
        "mean": 623.0390466662357,
        "std": 0.8856632193749032,
        "values": [
          623.9058419960202,
          623.3886550035095,
          621.8226429991773
        ]
      },
      "throughput_over_time": null,
      "requests_throughput_over_time": null
    }
  ]
}