{
  "version": "0.3.7",
  "timestamp": "2026-05-10 06:43:58Z",
  "latency_mode": "api",
  "latency_ms": 1.5228143359612052,
  "model": "qwen35-27b-axionml-nvfp4",
  "prefix_caching_enabled": false,
  "max_concurrency": 1,
  "benchmarks": [
    {
      "concurrency": 1,
      "context_size": 0,
      "prompt_size": 2048,
      "response_size": 32,
      "is_context_prefill_phase": false,
      "pp_throughput": {
        "mean": 3136.9122274801066,
        "std": 109.47572351726417,
        "values": [
          2790.0596488848346,
          2956.441316381169,
          2895.245886064841,
          3028.6606008126105,
          3030.382970142481,
          3091.688109133391,
          3076.933199220908,
          3055.309558566494,
          3096.711263765905,
          3151.143332285909,
          3139.224206116673,
          3308.412857264249,
          3183.232866632221,
          3172.765637552081,
          3136.0355648391833,
          3167.8576873375973,
          3195.4560934811634,
          3176.1788945353264,
          3151.6179168582144,
          3185.703761925443,
          3251.3568598601814,
          3191.939212594294,
          3192.8475069427727,
          3204.66530139697,
          3212.475029408785,
          3302.0345455331785,
          3207.6475221274545,
          3193.1696596558277,
          3160.866384543475,
          3201.303430539559
        ]
      },
      "pp_req_throughput": {
        "mean": 3136.9122274801066,
        "std": 109.47572351726417,
        "values": [
          2790.0596488848346,
          2956.441316381169,
          2895.245886064841,
          3028.6606008126105,
          3030.382970142481,
          3091.688109133391,
          3076.933199220908,
          3055.309558566494,
          3096.711263765905,
          3151.143332285909,
          3139.224206116673,
          3308.412857264249,
          3183.232866632221,
          3172.765637552081,
          3136.0355648391833,
          3167.8576873375973,
          3195.4560934811634,
          3176.1788945353264,
          3151.6179168582144,
          3185.703761925443,
          3251.3568598601814,
          3191.939212594294,
          3192.8475069427727,
          3204.66530139697,
          3212.475029408785,
          3302.0345455331785,
          3207.6475221274545,
          3193.1696596558277,
          3160.866384543475,
          3201.303430539559
        ]
      },
      "tg_throughput": {
        "mean": 11.531201500123961,
        "std": 0.03127323072552889,
        "values": [
          11.59227207147523,
          11.59293471066212,
          11.59367671586198,
          11.583136295413802,
          11.543987745650789,
          11.584985158594778,
          11.507104359274077,
          11.51799283192345,
          11.55113148875961,
          11.548517649443841,
          11.52068118805915,
          11.528581775608254,
          11.516704028340003,
          11.515805760803408,
          11.535630053676417,
          11.519025308418984,
          11.4892439295741,
          11.52865467836051,
          11.510048398458522,
          11.511282490740966,
          11.513335807185028,
          11.491272224150908,
          11.4986289353971,
          11.541206528505962,
          11.542061908537141,
          11.521897699815984,
          11.544005800766973,
          11.511757035800754,
          11.49947981135708,
          11.481002613101849
        ]
      },
      "tg_req_throughput": {
        "mean": 11.531201500123961,
        "std": 0.03127323072552889,
        "values": [
          11.59227207147523,
          11.59293471066212,
          11.59367671586198,
          11.583136295413802,
          11.543987745650789,
          11.584985158594778,
          11.507104359274077,
          11.51799283192345,
          11.55113148875961,
          11.548517649443841,
          11.52068118805915,
          11.528581775608254,
          11.516704028340003,
          11.515805760803408,
          11.535630053676417,
          11.519025308418984,
          11.4892439295741,
          11.52865467836051,
          11.510048398458522,
          11.511282490740966,
          11.513335807185028,
          11.491272224150908,
          11.4986289353971,
          11.541206528505962,
          11.542061908537141,
          11.521897699815984,
          11.544005800766973,
          11.511757035800754,
          11.49947981135708,
          11.481002613101849
        ]
      },
      "peak_throughput": {
        "mean": 12.0,
        "std": 0.0,
        "values": [
          12.0,
          12.0,
          12.0,
          12.0,
          12.0,
          12.0,
          12.0,
          12.0,
          12.0,
          12.0,
          12.0,
          12.0,
          12.0,
          12.0,
          12.0,
          12.0,
          12.0,
          12.0,
          12.0,
          12.0,
          12.0,
          12.0,
          12.0,
          12.0,
          12.0,
          12.0,
          12.0,
          12.0,
          12.0,
          12.0
        ]
      },
      "peak_req_throughput": {
        "mean": 12.0,
        "std": 0.0,
        "values": [
          12.0,
          12.0,
          12.0,
          12.0,
          12.0,
          12.0,
          12.0,
          12.0,
          12.0,
          12.0,
          12.0,
          12.0,
          12.0,
          12.0,
          12.0,
          12.0,
          12.0,
          12.0,
          12.0,
          12.0,
          12.0,
          12.0,
          12.0,
          12.0,
          12.0,
          12.0,
          12.0,
          12.0,
          12.0,
          12.0
        ]
      },
      "ttfr": {
        "mean": 658.4337978677165,
        "std": 24.138046997063796,
        "values": [
          739.1414529993199,
          697.6299850066425,
          712.3432700027479,
          681.0311090084724,
          680.6448989955243,
          667.1785749931587,
          670.3706139960559,
          675.7589139888296,
          665.7758960063802,
          654.3017529911594,
          657.0987989980495,
          623.5733530047582,
          648.0353650113102,
          650.168266001856,
          657.7653720014496,
          651.1732100043446,
          645.8752760081552,
          649.4712040002923,
          654.520751995733,
          647.5339169992367,
          634.4893229979789,
          646.5852240071399,
          646.088517998578,
          643.3995179977501,
          642.1503619931173,
          624.7749250032939,
          643.1145060050767,
          646.0234890109859,
          652.6101269992068,
          644.3859620048897
        ]
      },
      "est_ppt": {
        "mean": 656.9109835317555,
        "std": 24.138046997063796,
        "values": [
          737.6186386633586,
          696.1071706706813,
          710.8204556667866,
          679.5082946725112,
          679.122084659563,
          665.6557606571974,
          668.8477996600947,
          674.2360996528683,
          664.253081670419,
          652.7789386551982,
          655.5759846620882,
          622.050538668797,
          646.512550675349,
          648.6454516658947,
          656.2425576654883,
          649.6503956683833,
          644.352461672194,
          647.9483896643311,
          652.9979376597718,
          646.0111026632754,
          632.9665086620176,
          645.0624096711787,
          644.5657036626168,
          641.8767036617888,
          640.627547657156,
          623.2521106673327,
          641.5916916691154,
          644.5006746750247,
          651.0873126632456,
          642.8631476689285
        ]
      },
      "e2e_ttft": {
        "mean": 658.4337978677165,
        "std": 24.138046997063796,