{
  "version": "0.3.7",
  "timestamp": "2026-05-10 04:07:15Z",
  "latency_mode": "api",
  "latency_ms": 1.5057533310027793,
  "model": "qwen35-27b-axionml-nvfp4",
  "prefix_caching_enabled": false,
  "max_concurrency": 1,
  "benchmarks": [
    {
      "concurrency": 1,
      "context_size": 0,
      "prompt_size": 2048,
      "response_size": 32,
      "is_context_prefill_phase": false,
      "pp_throughput": {
        "mean": 2921.440971567135,
        "std": 55.62404340628708,
        "values": [
          2845.102214468643,
          2976.0525802202887,
          2943.168120012473
        ]
      },
      "pp_req_throughput": {
        "mean": 2921.440971567135,
        "std": 55.62404340628708,
        "values": [
          2845.102214468643,
          2976.0525802202887,
          2943.168120012473
        ]
      },
      "tg_throughput": {
        "mean": 11.567942402693683,
        "std": 0.03532705382401158,
        "values": [
          11.559488527752487,
          11.61481204290093,
          11.52952663742764
        ]
      },
      "tg_req_throughput": {
        "mean": 11.567942402693683,
        "std": 0.03532705382401158,
        "values": [
          11.559488527752487,
          11.61481204290093,
          11.52952663742764
        ]
      },
      "peak_throughput": {
        "mean": 12.0,
        "std": 0.0,
        "values": [
          12.0,
          12.0,
          12.0
        ]
      },
      "peak_req_throughput": {
        "mean": 12.0,
        "std": 0.0,
        "values": [
          12.0,
          12.0,
          12.0
        ]
      },
      "ttfr": {
        "mean": 706.0987116662242,
        "std": 13.664418029965564,
        "values": [
          724.8541059962008,
          692.6897779922001,
          700.7522510102717
        ]
      },
      "est_ppt": {
        "mean": 704.5929583352214,
        "std": 13.664418029965564,
        "values": [
          723.348352665198,
          691.1840246611973,
          699.2464976792689
        ]
      },
      "e2e_ttft": {
        "mean": 706.0987116662242,
        "std": 13.664418029965564,
        "values": [
          724.8541059962008,
          692.6897779922001,
          700.7522510102717
        ]
      },
      "throughput_over_time": null,
      "requests_throughput_over_time": null
    }
  ]
}