{
  "version": "0.3.7",
  "timestamp": "2026-05-09 00:08:19Z",
  "latency_mode": "api",
  "latency_ms": 2.146584668177335,
  "model": "qwen35-27b-axionml-nvfp4",
  "prefix_caching_enabled": false,
  "max_concurrency": 1,
  "benchmarks": [
    {
      "concurrency": 1,
      "context_size": 0,
      "prompt_size": 2048,
      "response_size": 32,
      "is_context_prefill_phase": false,
      "pp_throughput": {
        "mean": 2701.299922287759,
        "std": 149.90112209977488,
        "values": [
          2524.193804804741,
          2517.9613587892404,
          2778.6489509353673,
          2817.179870666189,
          2868.515626243258
        ]
      },
      "pp_req_throughput": {
        "mean": 2701.299922287759,
        "std": 149.90112209977488,
        "values": [
          2524.193804804741,
          2517.9613587892404,
          2778.6489509353673,
          2817.179870666189,
          2868.515626243258
        ]
      },
      "tg_throughput": {
        "mean": 11.600161297446027,
        "std": 0.026690243032774296,
        "values": [
          11.63289393204458,
          11.631646843525163,
          11.57536741308597,
          11.573127738413987,
          11.58777056016044
        ]
      },
      "tg_req_throughput": {
        "mean": 11.600161297446027,
        "std": 0.026690243032774296,
        "values": [
          11.63289393204458,
          11.631646843525163,
          11.57536741308597,
          11.573127738413987,
          11.58777056016044
        ]
      },
      "peak_throughput": {
        "mean": 12.0,
        "std": 0.0,
        "values": [
          12.0,
          12.0,
          12.0,
          12.0,
          12.0
        ]
      },
      "peak_req_throughput": {
        "mean": 12.0,
        "std": 0.0,
        "values": [
          12.0,
          12.0,
          12.0,
          12.0,
          12.0
        ]
      },
      "ttfr": {
        "mean": 766.396070799965,
        "std": 43.15107320047838,
        "values": [
          817.4564059991098,
          819.4744570027979,
          742.7943010006857,
          732.6643699998385,
          719.5908199973928
        ]
      },
      "est_ppt": {
        "mean": 764.2494861317876,
        "std": 43.15107320047838,
        "values": [
          815.3098213309326,
          817.3278723346206,
          740.6477163325084,
          730.5177853316612,
          717.4442353292155
        ]
      },
      "e2e_ttft": {
        "mean": 766.396070799965,
        "std": 43.15107320047838,
        "values": [
          817.4564059991098,
          819.4744570027979,
          742.7943010006857,
          732.6643699998385,
          719.5908199973928
        ]
      },
      "throughput_over_time": null,
      "requests_throughput_over_time": null
    }
  ]
}