{
  "version": "0.3.7",
  "timestamp": "2026-05-08 22:22:04Z",
  "latency_mode": "api",
  "latency_ms": 2.292425667595429,
  "model": "qwen35-27b-axionml-nvfp4",
  "prefix_caching_enabled": false,
  "max_concurrency": 1,
  "benchmarks": [
    {
      "concurrency": 1,
      "context_size": 0,
      "prompt_size": 2048,
      "response_size": 32,
      "is_context_prefill_phase": false,
      "pp_throughput": {
        "mean": 2695.1815334825674,
        "std": 201.9452820257806,
        "values": [
          2418.867492730414,
          2509.500130591219,
          2741.5245191170707,
          2855.3040051722733,
          2950.7115198018605
        ]
      },
      "pp_req_throughput": {
        "mean": 2695.1815334825674,
        "std": 201.9452820257806,
        "values": [
          2418.867492730414,
          2509.500130591219,
          2741.5245191170707,
          2855.3040051722733,
          2950.7115198018605
        ]
      },
      "tg_throughput": {
        "mean": 11.554864294404364,
        "std": 0.03627299857364121,
        "values": [
          11.579442795559835,
          11.600727290756986,
          11.496975017921505,
          11.533735784824852,
          11.563440582958652
        ]
      },
      "tg_req_throughput": {
        "mean": 11.554864294404364,
        "std": 0.03627299857364121,
        "values": [
          11.579442795559835,
          11.600727290756986,
          11.496975017921505,
          11.533735784824852,
          11.563440582958652
        ]
      },
      "peak_throughput": {
        "mean": 12.0,
        "std": 0.0,
        "values": [
          12.0,
          12.0,
          12.0,
          12.0,
          12.0
        ]
      },
      "peak_req_throughput": {
        "mean": 12.0,
        "std": 0.0,
        "values": [
          12.0,
          12.0,
          12.0,
          12.0,
          12.0
        ]
      },
      "ttfr": {
        "mean": 770.2514297991002,
        "std": 58.44279141367007,
        "values": [
          853.1038099972648,
          822.376064999844,
          752.9696439996769,
          723.0563079974672,
          699.7513220012479
        ]
      },
      "est_ppt": {
        "mean": 767.9590041315047,
        "std": 58.44279141367007,
        "values": [
          850.8113843296693,
          820.0836393322485,
          750.6772183320815,
          720.7638823298718,
          697.4588963336524
        ]
      },
      "e2e_ttft": {
        "mean": 770.2514297991002,
        "std": 58.44279141367007,
        "values": [
          853.1038099972648,
          822.376064999844,
          752.9696439996769,
          723.0563079974672,
          699.7513220012479
        ]
      },
      "throughput_over_time": null,
      "requests_throughput_over_time": null
    }
  ]
}