{
  "version": "0.3.7",
  "timestamp": "2026-05-10 06:04:27Z",
  "latency_mode": "api",
  "latency_ms": 1.576346000850511,
  "model": "qwen35-27b-axionml-nvfp4",
  "prefix_caching_enabled": false,
  "max_concurrency": 1,
  "benchmarks": [
    {
      "concurrency": 1,
      "context_size": 0,
      "prompt_size": 2048,
      "response_size": 32,
      "is_context_prefill_phase": false,
      "pp_throughput": {
        "mean": 3151.2611571634275,
        "std": 123.11164011701221,
        "values": [
          2756.233819444518,
          2802.057916872777,
          2915.10356216501,
          3001.4130688031523,
          3113.359818143164,
          3077.7453597321432,
          3130.368075509913,
          3128.482745774611,
          3156.9671120849434,
          3205.3992255585104,
          3224.267326118179,
          3168.379586435338,
          3234.3914852077687,
          3193.1108246154404,
          3241.686743127712,
          3222.8797880235766,
          3197.1321780543826,
          3153.914643658147,
          3198.9843532633463,
          3175.8640798465963,
          3255.0683054667884,
          3239.6683505204437,
          3216.17161347233,
          3237.128694599429,
          3210.115118317016,
          3214.8850646287633,
          3229.530677850204,
          3210.559950406219,
          3208.035769815611,
          3218.9294573868106
        ]
      },
      "pp_req_throughput": {
        "mean": 3151.2611571634275,
        "std": 123.11164011701221,
        "values": [
          2756.233819444518,
          2802.057916872777,
          2915.10356216501,
          3001.4130688031523,
          3113.359818143164,
          3077.7453597321432,
          3130.368075509913,
          3128.482745774611,
          3156.9671120849434,
          3205.3992255585104,
          3224.267326118179,
          3168.379586435338,
          3234.3914852077687,
          3193.1108246154404,
          3241.686743127712,
          3222.8797880235766,
          3197.1321780543826,
          3153.914643658147,
          3198.9843532633463,
          3175.8640798465963,
          3255.0683054667884,
          3239.6683505204437,
          3216.17161347233,
          3237.128694599429,
          3210.115118317016,
          3214.8850646287633,
          3229.530677850204,
          3210.559950406219,
          3208.035769815611,
          3218.9294573868106
        ]
      },
      "tg_throughput": {
        "mean": 11.509989881465362,
        "std": 0.037133965977914817,
        "values": [
          11.618739277176552,
          11.598028762366575,
          11.575709385055678,
          11.495196728525954,
          11.536096064827689,
          11.51787963632723,
          11.509262415488955,
          11.519747544252986,
          11.471596211625656,
          11.502002651703455,
          11.529887707971895,
          11.513384421581621,
          11.475813768302324,
          11.422741303519588,
          11.507558410128947,
          11.506210535450009,
          11.493976272335882,
          11.495948425828217,
          11.517510523758366,
          11.516139366901355,
          11.5320891106414,
          11.499582343713094,
          11.483445635527556,
          11.474070141568804,
          11.522696245477084,
          11.491770974859776,
          11.511986638684174,
          11.481396336314218,
          11.475782157547522,
          11.503447446498248
        ]
      },
      "tg_req_throughput": {
        "mean": 11.509989881465362,
        "std": 0.037133965977914817,
        "values": [
          11.618739277176552,
          11.598028762366575,
          11.575709385055678,
          11.495196728525954,
          11.536096064827689,
          11.51787963632723,
          11.509262415488955,
          11.519747544252986,
          11.471596211625656,
          11.502002651703455,
          11.529887707971895,
          11.513384421581621,
          11.475813768302324,
          11.422741303519588,
          11.507558410128947,
          11.506210535450009,
          11.493976272335882,
          11.495948425828217,
          11.517510523758366,
          11.516139366901355,
          11.5320891106414,
          11.499582343713094,
          11.483445635527556,
          11.474070141568804,
          11.522696245477084,
          11.491770974859776,
          11.511986638684174,
          11.481396336314218,
          11.475782157547522,
          11.503447446498248
        ]
      },
      "peak_throughput": {
        "mean": 12.0,
        "std": 0.0,
        "values": [
          12.0,
          12.0,
          12.0,
          12.0,
          12.0,
          12.0,
          12.0,
          12.0,
          12.0,
          12.0,
          12.0,
          12.0,
          12.0,
          12.0,
          12.0,
          12.0,
          12.0,
          12.0,
          12.0,
          12.0,
          12.0,
          12.0,
          12.0,
          12.0,
          12.0,
          12.0,
          12.0,
          12.0,
          12.0,
          12.0
        ]
      },
      "peak_req_throughput": {
        "mean": 12.0,
        "std": 0.0,
        "values": [
          12.0,
          12.0,
          12.0,
          12.0,
          12.0,
          12.0,
          12.0,
          12.0,
          12.0,
          12.0,
          12.0,
          12.0,
          12.0,
          12.0,
          12.0,
          12.0,
          12.0,
          12.0,
          12.0,
          12.0,
          12.0,
          12.0,
          12.0,
          12.0,
          12.0,
          12.0,
          12.0,
          12.0,
          12.0,
          12.0
        ]
      },
      "ttfr": {
        "mean": 655.7331864688118,
        "std": 27.798757888500077,
        "values": [
          748.2473959971685,
          735.6796590029262,
          707.5546950072749,
          686.9201999943471,
          662.5985600112472,
          670.2476490027038,
          659.0070219972404,
          659.4032120046904,
          653.1510780041572,
          643.6180559976492,
          639.860890005366,
          651.7509680124931,
          637.8629579994595,
          646.088895999128,
          636.4310260105412,
          640.1356889982708,
          645.2782279957319,
          654.0987610060256,
          644.9055319972103,
          649.58896501048,
          633.8211429974763,
          636.8265560013242,
          641.4675730047747,
          637.3249349999242,
          642.6748499943642,
          642.03470099892,
          638.8206410047133,
          642.5860239978647,
          643.0903900036355,
          640.9193410072476
        ]
      },
      "est_ppt": {
        "mean": 654.1568404679616,
        "std": 27.798757888500074,
        "values": [
          746.671049996318,
          734.1033130020757,
          705.9783490064243,
          685.3438539934965,
          661.0222140103966,
          668.6713030018533,
          657.4306759963898,
          657.8268660038399,
          651.5747320033066,
          642.0417099967987,
          638.2845440045154,
          650.1746220116426,
          636.2866119986089,
          644.5125499982774,
          634.8546800096907,
          638.5593429974202,
          643.7018819948813,
          652.522415005175,
          643.3291859963598,
          648.0126190096295,
          632.2447969966257,
          635.2502100004737,
          639.8912270039242,
          635.7485889990736,
          641.0985039935136,
          640.4583549980695,
          637.2442950038627,
          641.0096779970141,
          641.514044002785,
          639.342995006397
        ]
      },
      "e2e_ttft": {
        "mean": 655.7331864688118,
        "std": 27.798757888500077,