{
  "version": "0.3.7",
  "timestamp": "2026-05-08 18:10:17Z",
  "latency_mode": "api",
  "latency_ms": 1.9940173330420898,
  "model": "qwen35-27b-axionml-nvfp4",
  "prefix_caching_enabled": false,
  "max_concurrency": 1,
  "benchmarks": [
    {
      "concurrency": 1,
      "context_size": 0,
      "prompt_size": 2048,
      "response_size": 32,
      "is_context_prefill_phase": false,
      "pp_throughput": {
        "mean": 2744.5167932982695,
        "std": 153.22111152202675,
        "values": [
          2502.8194946694116,
          2811.947487930008,
          2742.886564816032,
          2920.4136257776267
        ]
      },
      "pp_req_throughput": {
        "mean": 2744.5167932982695,
        "std": 153.22111152202675,
        "values": [
          2502.8194946694116,
          2811.947487930008,
          2742.886564816032,
          2920.4136257776267
        ]
      },
      "tg_throughput": {
        "mean": 11.01432142696725,
        "std": 0.7548808035328224,
        "values": [
          9.947183390616978,
          11.57396437550209,
          11.521816514782683
        ]
      },
      "tg_req_throughput": {
        "mean": 11.01432142696725,
        "std": 0.7548808035328224,
        "values": [
          9.947183390616978,
          11.57396437550209,
          11.521816514782683
        ]
      },
      "peak_throughput": {
        "mean": 9.572276543869018,
        "std": 4.977108347571316,
        "values": [
          1.0,
          13.289106175476073,
          12.0,
          12.0
        ]
      },
      "peak_req_throughput": {
        "mean": 9.572276543869018,
        "std": 4.977108347571316,
        "values": [
          1.0,
          13.289106175476073,
          12.0,
          12.0
        ]
      },
      "ttfr": {
        "mean": 742.6312835999852,
        "std": 45.382689491036054,
        "values": [
          824.2666599999211,
          733.8711269994747,
          752.2984690003796,
          696.0314460002337,
          706.6887159999169
        ]
      },
      "est_ppt": {
        "mean": 752.287225666881,
        "std": 43.54167959207292,
        "values": [
          822.272642666879,
          731.8771096664326,
          750.3044516673375,
          704.6946986668748
        ]
      },
      "e2e_ttft": {
        "mean": 754.281242999923,
        "std": 43.54167959207292,
        "values": [
          824.2666599999211,
          733.8711269994747,
          752.2984690003796,
          706.6887159999169
        ]
      },
      "throughput_over_time": null,
      "requests_throughput_over_time": null
    }
  ]
}