{
  "version": "0.3.7",
  "timestamp": "2026-05-10 04:59:28Z",
  "latency_mode": "api",
  "latency_ms": 1.4040709987360362,
  "model": "qwen35-27b-axionml-nvfp4",
  "prefix_caching_enabled": false,
  "max_concurrency": 1,
  "benchmarks": [
    {
      "concurrency": 1,
      "context_size": 0,
      "prompt_size": 2048,
      "response_size": 32,
      "is_context_prefill_phase": false,
      "pp_throughput": {
        "mean": 3160.3113563732086,
        "std": 127.40104994926861,
        "values": [
          2762.222594927209,
          2767.593520719838,
          2969.1058134673362,
          3053.0719230330706,
          3043.751500797679,
          3229.516725786921,
          3074.692974084971,
          3158.1063110537657,
          3150.262733549552,
          3150.8803126071766,
          3185.9420558111483,
          3267.736139690545,
          3161.7558437485905,
          3182.5704158230546,
          3275.046371846266,
          3241.624219072743,
          3178.82719929479,
          3279.394914491987,
          3185.2015573111435,
          3203.6028146451135,
          3232.837886682664,
          3234.921976795349,
          3243.5846746072343,
          3252.4657609525984,
          3203.1536364832323,
          3252.4605745693357,
          3243.9566274008876,
          3202.6962257401806,
          3221.9401637984524,
          3200.417222403405
        ]
      },
      "pp_req_throughput": {
        "mean": 3160.3113563732086,
        "std": 127.40104994926861,
        "values": [
          2762.222594927209,
          2767.593520719838,
          2969.1058134673362,
          3053.0719230330706,
          3043.751500797679,
          3229.516725786921,
          3074.692974084971,
          3158.1063110537657,
          3150.262733549552,
          3150.8803126071766,
          3185.9420558111483,
          3267.736139690545,
          3161.7558437485905,
          3182.5704158230546,
          3275.046371846266,
          3241.624219072743,
          3178.82719929479,
          3279.394914491987,
          3185.2015573111435,
          3203.6028146451135,
          3232.837886682664,
          3234.921976795349,
          3243.5846746072343,
          3252.4657609525984,
          3203.1536364832323,
          3252.4605745693357,
          3243.9566274008876,
          3202.6962257401806,
          3221.9401637984524,
          3200.417222403405
        ]
      },
      "tg_throughput": {
        "mean": 11.535359875870418,
        "std": 0.025351642599395707,
        "values": [
          11.606016784011134,
          11.579013117133309,
          11.541386101319807,
          11.559925556453235,
          11.546822645752437,
          11.560820661927643,
          11.529146521609638,
          11.551519800635058,
          11.566472978735833,
          11.538219857123705,
          11.527741659741809,
          11.52580626180441,
          11.544535055355393,
          11.534005917659519,
          11.552684449608062,
          11.529552567366887,
          11.527858543127664,
          11.482904528094295,
          11.533765964876935,
          11.529663153833747,
          11.50124901895078,
          11.538570915789359,
          11.510086587348418,
          11.547136588434421,
          11.520293268411452,
          11.520611494414121,
          11.520172321597624,
          11.54740594276925,
          11.497812616799976,
          11.489595395426539
        ]
      },
      "tg_req_throughput": {
        "mean": 11.535359875870418,
        "std": 0.025351642599395707,
        "values": [
          11.606016784011134,
          11.579013117133309,
          11.541386101319807,
          11.559925556453235,
          11.546822645752437,
          11.560820661927643,
          11.529146521609638,
          11.551519800635058,
          11.566472978735833,
          11.538219857123705,
          11.527741659741809,
          11.52580626180441,
          11.544535055355393,
          11.534005917659519,
          11.552684449608062,
          11.529552567366887,
          11.527858543127664,
          11.482904528094295,
          11.533765964876935,
          11.529663153833747,
          11.50124901895078,
          11.538570915789359,
          11.510086587348418,
          11.547136588434421,
          11.520293268411452,
          11.520611494414121,
          11.520172321597624,
          11.54740594276925,
          11.497812616799976,
          11.489595395426539
        ]
      },
      "peak_throughput": {
        "mean": 12.0,
        "std": 0.0,
        "values": [
          12.0,
          12.0,
          12.0,
          12.0,
          12.0,
          12.0,
          12.0,
          12.0,
          12.0,
          12.0,
          12.0,
          12.0,
          12.0,
          12.0,
          12.0,
          12.0,
          12.0,
          12.0,
          12.0,
          12.0,
          12.0,
          12.0,
          12.0,
          12.0,
          12.0,
          12.0,
          12.0,
          12.0,
          12.0,
          12.0
        ]
      },
      "peak_req_throughput": {
        "mean": 12.0,
        "std": 0.0,
        "values": [
          12.0,
          12.0,
          12.0,
          12.0,
          12.0,
          12.0,
          12.0,
          12.0,
          12.0,
          12.0,
          12.0,
          12.0,
          12.0,
          12.0,
          12.0,
          12.0,
          12.0,
          12.0,
          12.0,
          12.0,
          12.0,
          12.0,
          12.0,
          12.0,
          12.0,
          12.0,
          12.0,
          12.0,
          12.0,
          12.0
        ]
      },
      "ttfr": {
        "mean": 653.7504325664486,
        "std": 28.693180925544407,
        "values": [
          746.0942360048648,
          745.0103790033609,
          694.5420489937533,
          675.4792490100954,
          677.5433680013521,
          638.6511190066813,
          670.739193999907,
          653.0604110012064,
          654.6829159924528,
          654.5548719877843,
          647.3668549879221,
          631.1978829908185,
          652.3082210042048,
          648.0511930130888,
          629.7921200020937,
          636.270996008534,
          648.8126500044018,
          628.9588649960933,
          647.5170289922971,
          643.8058040075703,
          637.996461999137,
          637.586338998517,
          635.8872759883525,
          634.1547750052996,
          643.8958879880374,
          634.1557839914458,
          635.8145260019228,
          643.9876490039751,
          640.1496390026296,
          644.4452300056582
        ]
      },
      "est_ppt": {
        "mean": 652.3463615677127,
        "std": 28.69318092554441,
        "values": [
          744.6901650061287,
          743.6063080046248,
          693.1379779950172,
          674.0751780113593,
          676.139297002616,
          637.2470480079452,
          669.3351230011709,
          651.6563400024703,
          653.2788449937167,
          653.1508009890482,
          645.962783989186,
          629.7938119920824,
          650.9041500054688,
          646.6471220143527,
          628.3880490033577,
          634.8669250097979,
          647.4085790056657,
          627.5547939973573,
          646.112957993561,
          642.4017330088342,
          636.5923910004009,
          636.182267999781,
          634.4832049896164,
          632.7507040065635,
          642.4918169893014,
          632.7517129927097,
          634.4104550031867,
          642.583578005239,
          638.7455680038935,
          643.0411590069222
        ]
      },
      "e2e_ttft": {
        "mean": 653.7504325664486,
        "std": 28.693180925544407,