{
  "version": "0.3.7",
  "timestamp": "2026-05-08 20:22:09Z",
  "latency_mode": "api",
  "latency_ms": 2.2137973331458247,
  "model": "qwen35-27b-axionml-nvfp4",
  "prefix_caching_enabled": false,
  "max_concurrency": 1,
  "benchmarks": [
    {
      "concurrency": 1,
      "context_size": 0,
      "prompt_size": 2048,
      "response_size": 32,
      "is_context_prefill_phase": false,
      "pp_throughput": {
        "mean": 3127.380886804154,
        "std": 8.755936754468392,
        "values": [
          3115.520414769139,
          3124.771057633069,
          3134.171259820388,
          3122.26958498735,
          3140.172116810825
        ]
      },
      "pp_req_throughput": {
        "mean": 3127.380886804154,
        "std": 8.755936754468392,
        "values": [
          3115.520414769139,
          3124.771057633069,
          3134.171259820388,
          3122.26958498735,
          3140.172116810825
        ]
      },
      "tg_throughput": {
        "mean": 11.543304902424982,
        "std": 0.018571824774885438,
        "values": [
          11.546998303070504,
          11.562508108091812,
          11.526138741900052,
          11.517734360886669,
          11.563144998175861
        ]
      },
      "tg_req_throughput": {
        "mean": 11.543304902424982,
        "std": 0.018571824774885438,
        "values": [
          11.546998303070504,
          11.562508108091812,
          11.526138741900052,
          11.517734360886669,
          11.563144998175861
        ]
      },
      "peak_throughput": {
        "mean": 12.0,
        "std": 0.0,
        "values": [
          12.0,
          12.0,
          12.0,
          12.0,
          12.0
        ]
      },
      "peak_req_throughput": {
        "mean": 12.0,
        "std": 0.0,
        "values": [
          12.0,
          12.0,
          12.0,
          12.0,
          12.0
        ]
      },
      "ttfr": {
        "mean": 660.2775889994518,
        "std": 1.8415386845078625,
        "values": [
          662.7775959987048,
          660.8220479993179,
          658.8467090004997,
          661.3497059988731,
          657.5918859998637
        ]
      },
      "est_ppt": {
        "mean": 658.0637916663059,
        "std": 1.8415386845078625,
        "values": [
          660.5637986655589,
          658.608250666172,
          656.6329116673538,
          659.1359086657272,
          655.3780886667179
        ]
      },
      "e2e_ttft": {
        "mean": 660.2775889994518,
        "std": 1.8415386845078625,
        "values": [
          662.7775959987048,
          660.8220479993179,
          658.8467090004997,
          661.3497059988731,
          657.5918859998637
        ]
      },
      "throughput_over_time": null,
      "requests_throughput_over_time": null
    }
  ]
}