{
  "version": "0.3.7",
  "timestamp": "2026-05-08 19:50:59Z",
  "latency_mode": "api",
  "latency_ms": 1.7846369992184918,
  "model": "qwen35-27b-axionml-nvfp4",
  "prefix_caching_enabled": false,
  "max_concurrency": 1,
  "benchmarks": [
    {
      "concurrency": 1,
      "context_size": 0,
      "prompt_size": 2048,
      "response_size": 32,
      "is_context_prefill_phase": false,
      "pp_throughput": {
        "mean": 3011.4100450038836,
        "std": 6.2471873305934285,
        "values": [
          3005.505130291061,
          3008.6712800846317,
          3020.0537246359586
        ]
      },
      "pp_req_throughput": {
        "mean": 3011.4100450038836,
        "std": 6.2471873305934285,
        "values": [
          3005.505130291061,
          3008.6712800846317,
          3020.0537246359586
        ]
      },
      "tg_throughput": {
        "mean": 11.53838836538597,
        "std": 0.010493989347447313,
        "values": [
          11.540600932486779,
          11.52457326093216,
          11.54999090273897
        ]
      },
      "tg_req_throughput": {
        "mean": 11.53838836538597,
        "std": 0.010493989347447313,
        "values": [
          11.540600932486779,
          11.52457326093216,
          11.54999090273897
        ]
      },
      "peak_throughput": {
        "mean": 12.0,
        "std": 0.0,
        "values": [
          12.0,
          12.0,
          12.0
        ]
      },
      "peak_req_throughput": {
        "mean": 12.0,
        "std": 0.0,
        "values": [
          12.0,
          12.0,
          12.0
        ]
      },
      "ttfr": {
        "mean": 685.1883633341155,
        "std": 1.416042259352958,
        "values": [
          686.5281030004553,
          685.8075190011732,
          683.229468000718
        ]
      },
      "est_ppt": {
        "mean": 683.403726334897,
        "std": 1.416042259352958,
        "values": [
          684.7434660012368,
          684.0228820019547,
          681.4448310014996
        ]
      },
      "e2e_ttft": {
        "mean": 685.1883633341155,
        "std": 1.416042259352958,
        "values": [
          686.5281030004553,
          685.8075190011732,
          683.229468000718
        ]
      },
      "throughput_over_time": null,
      "requests_throughput_over_time": null
    }
  ]
}