{
  "version": "0.3.7",
  "timestamp": "2026-05-08 18:22:11Z",
  "latency_mode": "api",
  "latency_ms": 1.1488090000663458,
  "model": "qwen35-27b-axionml-nvfp4",
  "prefix_caching_enabled": false,
  "max_concurrency": 1,
  "benchmarks": [
    {
      "concurrency": 1,
      "context_size": 0,
      "prompt_size": 2048,
      "response_size": 32,
      "is_context_prefill_phase": false,
      "pp_throughput": {
        "mean": 3018.2011122741633,
        "std": 16.598204056583185,
        "values": [
          3022.773109939366,
          2997.426333719709,
          3007.8049513138913,
          3016.2825792822873,
          3046.7185871155625
        ]
      },
      "pp_req_throughput": {
        "mean": 3018.2011122741633,
        "std": 16.598204056583185,
        "values": [
          3022.773109939366,
          2997.426333719709,
          3007.8049513138913,
          3016.2825792822873,
          3046.7185871155625
        ]
      },
      "tg_throughput": {
        "mean": 11.556974522285293,
        "std": 0.022158264020213318,
        "values": [
          11.58767519003061,
          11.58014583801917,
          11.537029767302865,
          11.53896669037401,
          11.54105512569981
        ]
      },
      "tg_req_throughput": {
        "mean": 11.556974522285293,
        "std": 0.022158264020213318,
        "values": [
          11.58767519003061,
          11.58014583801917,
          11.537029767302865,
          11.53896669037401,
          11.54105512569981
        ]
      },
      "peak_throughput": {
        "mean": 12.0,
        "std": 0.0,
        "values": [
          12.0,
          12.0,
          12.0,
          12.0,
          12.0
        ]
      },
      "peak_req_throughput": {
        "mean": 12.0,
        "std": 0.0,
        "values": [
          12.0,
          12.0,
          12.0,
          12.0,
          12.0
        ]
      },
      "ttfr": {
        "mean": 683.0324776001362,
        "std": 3.7382288985966574,
        "values": [
          681.9805900004212,
          687.7378260005571,
          685.3687080001691,
          683.4456249998766,
          676.6296389996569
        ]
      },
      "est_ppt": {
        "mean": 681.8836686000699,
        "std": 3.7382288985966574,
        "values": [
          680.8317810003549,
          686.5890170004908,
          684.2198990001028,
          682.2968159998103,
          675.4808299995906
        ]
      },
      "e2e_ttft": {
        "mean": 683.0324776001362,
        "std": 3.7382288985966574,
        "values": [
          681.9805900004212,
          687.7378260005571,
          685.3687080001691,
          683.4456249998766,
          676.6296389996569
        ]
      },
      "throughput_over_time": null,
      "requests_throughput_over_time": null
    }
  ]
}