{
  "version": "0.3.7",
  "timestamp": "2026-05-10 05:44:34Z",
  "latency_mode": "api",
  "latency_ms": 2.9716023370080316,
  "model": "qwen35-27b-axionml-nvfp4",
  "prefix_caching_enabled": false,
  "max_concurrency": 1,
  "benchmarks": [
    {
      "concurrency": 1,
      "context_size": 0,
      "prompt_size": 2048,
      "response_size": 32,
      "is_context_prefill_phase": false,
      "pp_throughput": {
        "mean": 3128.772365490539,
        "std": 219.9741000649034,
        "values": [
          2166.517141797164,
          2731.925596764343,
          2827.285530022509,
          3007.180672842983,
          3020.967661639901,
          3125.4156464005723,
          3001.808008852932,
          3149.5930115061146,
          3129.4407367604945,
          3138.180158121899,
          3163.7613459283166,
          3195.70582276904,
          3180.029618356257,
          3189.049461624684,
          3184.752897788674,
          3220.8990275792867,
          3266.6018082296155,
          3243.1060025865327,
          3255.525155426471,
          3322.245714079851,
          3192.1823328490714,
          3201.3883874839626,
          3263.1168582721352,
          3217.7272636114244,
          3229.9197432942274,
          3233.6386680367386,
          3237.5510582749807,
          3233.0716159682875,
          3205.8173095394277,
          3328.7667083082324
        ]
      },
      "pp_req_throughput": {
        "mean": 3128.772365490539,
        "std": 219.9741000649034,
        "values": [
          2166.517141797164,
          2731.925596764343,
          2827.285530022509,
          3007.180672842983,
          3020.967661639901,
          3125.4156464005723,
          3001.808008852932,
          3149.5930115061146,
          3129.4407367604945,
          3138.180158121899,
          3163.7613459283166,
          3195.70582276904,
          3180.029618356257,
          3189.049461624684,
          3184.752897788674,
          3220.8990275792867,
          3266.6018082296155,
          3243.1060025865327,
          3255.525155426471,
          3322.245714079851,
          3192.1823328490714,
          3201.3883874839626,
          3263.1168582721352,
          3217.7272636114244,
          3229.9197432942274,
          3233.6386680367386,
          3237.5510582749807,
          3233.0716159682875,
          3205.8173095394277,
          3328.7667083082324
        ]
      },
      "tg_throughput": {
        "mean": 11.501621811277262,
        "std": 0.024434667280457647,
        "values": [
          11.577214259424132,
          11.508732869364566,
          11.494090494482927,
          11.500292974966449,
          11.487125310397952,
          11.532624806944698,
          11.574913246595443,
          11.51594834812184,
          11.478339796117243,
          11.50366745456851,
          11.507931139900005,
          11.484193303594845,
          11.481798472672565,
          11.49475909473254,
          11.476273586830903,
          11.500308854336367,
          11.524327372712973,
          11.497938276171372,
          11.490583023346652,
          11.507315374663888,
          11.487725064329974,
          11.499249691957393,
          11.494069445790261,
          11.504730539204116,
          11.489737679273265,
          11.50907397480654,
          11.491173699182188,
          11.488793115409887,
          11.460771476872951,
          11.484951591545462
        ]
      },
      "tg_req_throughput": {
        "mean": 11.501621811277262,
        "std": 0.024434667280457647,
        "values": [
          11.577214259424132,
          11.508732869364566,
          11.494090494482927,
          11.500292974966449,
          11.487125310397952,
          11.532624806944698,
          11.574913246595443,
          11.51594834812184,
          11.478339796117243,
          11.50366745456851,
          11.507931139900005,
          11.484193303594845,
          11.481798472672565,
          11.49475909473254,
          11.476273586830903,
          11.500308854336367,
          11.524327372712973,
          11.497938276171372,
          11.490583023346652,
          11.507315374663888,
          11.487725064329974,
          11.499249691957393,
          11.494069445790261,
          11.504730539204116,
          11.489737679273265,
          11.50907397480654,
          11.491173699182188,
          11.488793115409887,
          11.460771476872951,
          11.484951591545462
        ]
      },
      "peak_throughput": {
        "mean": 12.0,
        "std": 0.0,
        "values": [
          12.0,
          12.0,
          12.0,
          12.0,
          12.0,
          12.0,
          12.0,
          12.0,
          12.0,
          12.0,
          12.0,
          12.0,
          12.0,
          12.0,
          12.0,
          12.0,
          12.0,
          12.0,
          12.0,
          12.0,
          12.0,
          12.0,
          12.0,
          12.0,
          12.0,
          12.0,
          12.0,
          12.0,
          12.0,
          12.0
        ]
      },
      "peak_req_throughput": {
        "mean": 12.0,
        "std": 0.0,
        "values": [
          12.0,
          12.0,
          12.0,
          12.0,
          12.0,
          12.0,
          12.0,
          12.0,
          12.0,
          12.0,
          12.0,
          12.0,
          12.0,
          12.0,
          12.0,
          12.0,
          12.0,
          12.0,
          12.0,
          12.0,
          12.0,
          12.0,
          12.0,
          12.0,
          12.0,
          12.0,
          12.0,
          12.0,
          12.0,
          12.0
        ]
      },
      "ttfr": {
        "mean": 664.9655772659268,
        "std": 60.67832528622202,
        "values": [
          952.8833109943662,
          756.2864079955034,
          730.8782740001334,
          687.6660799898673,
          684.2102750088088,
          661.4440209959866,
          688.5584199917503,
          656.3893590064254,
          660.5970929958858,
          658.7656920019072,
          653.147065997473,
          646.9607909966726,
          650.1353860076051,
          648.304960996029,
          649.1755830065813,
          641.9236410001758,
          632.9841109982226,
          637.5484550080728,
          635.1276760105975,
          622.4321049958235,
          647.6716180040967,
          645.8176900050603,
          633.6569529958069,
          642.5534659938421,
          640.1391370018246,
          639.4063469924731,
          638.6372529959772,
          639.5179719984299,
          644.9295810016338,
          621.2185929907719
        ]
      },
      "est_ppt": {
        "mean": 661.9939749289185,
        "std": 60.67832528622202,
        "values": [
          949.9117086573582,
          753.3148056584954,
          727.9066716631254,
          684.6944776528593,
          681.2386726718008,
          658.4724186589787,
          685.5868176547423,
          653.4177566694174,
          657.6254906588778,
          655.7940896648992,
          650.175463660465,
          643.9891886596646,
          647.1637836705971,
          645.333358659021,
          646.2039806695733,
          638.9520386631679,
          630.0125086612146,
          634.5768526710648,
          632.1560736735895,
          619.4605026588155,
          644.7000156670887,
          642.8460876680523,
          630.6853506587989,
          639.5818636568341,
          637.1675346648166,
          636.4347446554651,
          635.6656506589692,
          636.5463696614219,
          641.9579786646258,
          618.2469906537639
        ]
      },
      "e2e_ttft": {
        "mean": 664.9655772659268,
        "std": 60.67832528622202,