{
  "version": "0.3.7",
  "timestamp": "2026-05-10 04:14:45Z",
  "latency_mode": "api",
  "latency_ms": 1.8320300005143508,
  "model": "qwen35-27b-axionml-nvfp4",
  "prefix_caching_enabled": false,
  "max_concurrency": 1,
  "benchmarks": [
    {
      "concurrency": 1,
      "context_size": 0,
      "prompt_size": 2048,
      "response_size": 32,
      "is_context_prefill_phase": false,
      "pp_throughput": {
        "mean": 2661.446951219464,
        "std": 173.51042829835717,
        "values": [
          2416.7675160879803,
          2767.7310277135257,
          2799.8423098568855
        ]
      },
      "pp_req_throughput": {
        "mean": 2661.446951219464,
        "std": 173.51042829835717,
        "values": [
          2416.7675160879803,
          2767.7310277135257,
          2799.8423098568855
        ]
      },
      "tg_throughput": {
        "mean": 11.551574246424854,
        "std": 0.011644879899247207,
        "values": [
          11.550236609211318,
          11.566457947613463,
          11.538028182449779
        ]
      },
      "tg_req_throughput": {
        "mean": 11.551574246424854,
        "std": 0.011644879899247207,
        "values": [
          11.550236609211318,
          11.566457947613463,
          11.538028182449779
        ]
      },
      "peak_throughput": {
        "mean": 12.0,
        "std": 0.0,
        "values": [
          12.0,
          12.0,
          12.0
        ]
      },
      "peak_req_throughput": {
        "mean": 12.0,
        "std": 0.0,
        "values": [
          12.0,
          12.0,
          12.0
        ]
      },
      "ttfr": {
        "mean": 778.552507001829,
        "std": 53.02735150288912,
        "values": [
          853.3827010105597,
          745.4013940005098,
          736.8734259944176
        ]
      },
      "est_ppt": {
        "mean": 776.7204770013146,
        "std": 53.02735150288912,
        "values": [
          851.5506710100453,
          743.5693639999954,
          735.0413959939033
        ]
      },
      "e2e_ttft": {
        "mean": 778.552507001829,
        "std": 53.02735150288912,
        "values": [
          853.3827010105597,
          745.4013940005098,
          736.8734259944176
        ]
      },
      "throughput_over_time": null,
      "requests_throughput_over_time": null
    }
  ]
}