{
  "version": "0.3.7",
  "timestamp": "2026-05-06 23:17:03Z",
  "latency_mode": "api",
  "latency_ms": 1.3960450002438545,
  "model": "qwen35-27b-axionml-nvfp4",
  "prefix_caching_enabled": false,
  "max_concurrency": 1,
  "benchmarks": [
    {
      "concurrency": 1,
      "context_size": 0,
      "prompt_size": 2048,
      "response_size": 32,
      "is_context_prefill_phase": false,
      "pp_throughput": {
        "mean": 3132.1001930490224,
        "std": 6.721998689473538,
        "values": [
          3139.7825277138704,
          3138.941742071985,
          3151.8750520786507,
          3132.9158597530577,
          3137.5741370819355,
          3129.7129700182677,
          3133.808907665954,
          3131.2088472882806,
          3127.498494038,
          3130.893073281009,
          3133.507637870265,
          3127.718877539975,
          3134.398817740973,
          3125.1329235085295,
          3130.918070967594,
          3129.0175871164856,
          3138.9517371925253,
          3129.5003246744523,
          3140.527519214011,
          3117.894645909105,
          3132.5499467255704,
          3123.6924233924656,
          3133.7506809127904,
          3130.9134500266314,
          3130.866581056062,
          3118.2121640541104,
          3127.779827612032,
          3133.099436173696,
          3129.0358176350996,
          3141.3257111572716
        ]
      },
      "pp_req_throughput": {
        "mean": 3132.1001930490224,
        "std": 6.721998689473538,
        "values": [
          3139.7825277138704,
          3138.941742071985,
          3151.8750520786507,
          3132.9158597530577,
          3137.5741370819355,
          3129.7129700182677,
          3133.808907665954,
          3131.2088472882806,
          3127.498494038,
          3130.893073281009,
          3133.507637870265,
          3127.718877539975,
          3134.398817740973,
          3125.1329235085295,
          3130.918070967594,
          3129.0175871164856,
          3138.9517371925253,
          3129.5003246744523,
          3140.527519214011,
          3117.894645909105,
          3132.5499467255704,
          3123.6924233924656,
          3133.7506809127904,
          3130.9134500266314,
          3130.866581056062,
          3118.2121640541104,
          3127.779827612032,
          3133.099436173696,
          3129.0358176350996,
          3141.3257111572716
        ]
      },
      "tg_throughput": {
        "mean": 11.490508364775257,
        "std": 0.025740842038425554,
        "values": [
          11.549615860834129,
          11.543961853864987,
          11.51862727117766,
          11.496436667957914,
          11.503836328470777,
          11.458324394608127,
          11.48929459755027,
          11.475521626810323,
          11.47625951561922,
          11.497491163062096,
          11.506959594751377,
          11.466141219930938,
          11.465743309202884,
          11.519522909693126,
          11.496878787098689,
          11.499550926037445,
          11.450520237459484,
          11.514468467657872,
          11.456764178961079,
          11.50740822627476,
          11.444312304882306,
          11.49598924107026,
          11.495191702948071,
          11.501990561580106,
          11.488310379950828,
          11.50262238121499,
          11.459761934762831,
          11.45203474154716,
          11.484729813956644,
          11.496980744321442
        ]
      },
      "tg_req_throughput": {
        "mean": 11.490508364775257,
        "std": 0.025740842038425554,
        "values": [
          11.549615860834129,
          11.543961853864987,
          11.51862727117766,
          11.496436667957914,
          11.503836328470777,
          11.458324394608127,
          11.48929459755027,
          11.475521626810323,
          11.47625951561922,
          11.497491163062096,
          11.506959594751377,
          11.466141219930938,
          11.465743309202884,
          11.519522909693126,
          11.496878787098689,
          11.499550926037445,
          11.450520237459484,
          11.514468467657872,
          11.456764178961079,
          11.50740822627476,
          11.444312304882306,
          11.49598924107026,
          11.495191702948071,
          11.501990561580106,
          11.488310379950828,
          11.50262238121499,
          11.459761934762831,
          11.45203474154716,
          11.484729813956644,
          11.496980744321442
        ]
      },
      "peak_throughput": {
        "mean": 12.0,
        "std": 0.0,
        "values": [
          12.0,
          12.0,
          12.0,
          12.0,
          12.0,
          12.0,
          12.0,
          12.0,
          12.0,
          12.0,
          12.0,
          12.0,
          12.0,
          12.0,
          12.0,
          12.0,
          12.0,
          12.0,
          12.0,
          12.0,
          12.0,
          12.0,
          12.0,
          12.0,
          12.0,
          12.0,
          12.0,
          12.0,
          12.0,
          12.0
        ]
      },
      "peak_req_throughput": {
        "mean": 12.0,
        "std": 0.0,
        "values": [
          12.0,
          12.0,
          12.0,
          12.0,
          12.0,
          12.0,
          12.0,
          12.0,
          12.0,
          12.0,
          12.0,
          12.0,
          12.0,
          12.0,
          12.0,
          12.0,
          12.0,
          12.0,
          12.0,
          12.0,
          12.0,
          12.0,
          12.0,
          12.0,
          12.0,
          12.0,
          12.0,
          12.0,
          12.0,
          12.0
        ]
      },
      "ttfr": {
        "mean": 658.4661452999474,
        "std": 1.4038439564808383,
        "values": [
          656.8554539990146,
          657.031022998126,
          654.3407099998149,
          658.2920780019776,
          657.316800999979,
          658.6448150010256,
          658.1048810003267,
          658.6501919991861,
          659.4299349999346,
          658.716481000738,
          658.1680199997209,
          659.383569000056,
          657.9812849995506,
          659.9280339978577,
          659.0306279977085,
          659.1104690014618,
          657.3475130026054,
          659.00901400164,
          656.3815490007983,
          661.456834001001,
          658.3688099999563,
          660.231717996794,
          658.1170829995244,
          658.7122029995953,
          658.7220430010348,
          661.38962200057,
          659.3707470019581,
          657.9344159981702,
          659.1066369983309,
          656.8517949999659
        ]
      },
      "est_ppt": {
        "mean": 657.0701002997033,
        "std": 1.4038439564808383,
        "values": [
          655.4594089987708,
          655.6349779978822,
          652.944664999571,
          656.8960330017338,
          655.9207559997352,
          657.2487700007817,
          656.7088360000829,
          657.2541469989422,
          658.0338899996908,
          657.3204360004942,
          656.771974999477,
          657.9875239998122,
          656.5852399993067,
          658.5319889976139,
          657.6345829974647,
          657.7144240012179,
          655.9514680023616,
          657.6129690013962,
          654.9855040005544,
          660.0607890007572,
          656.9727649997125,
          658.8356729965502,
          656.7210379992806,
          657.3161579993515,
          657.325998000791,
          659.9935770003261,
          657.9747020017143,
          656.5383709979263,
          657.7105919980871,
          655.4557499997221
        ]
      },
      "e2e_ttft": {
        "mean": 658.4661452999474,
        "std": 1.4038439564808383,