{
  "version": "0.3.7",
  "timestamp": "2026-05-09 21:08:47Z",
  "latency_mode": "api",
  "latency_ms": 0.9933593319146894,
  "model": "qwen35-27b-axionml-nvfp4",
  "prefix_caching_enabled": false,
  "max_concurrency": 1,
  "benchmarks": [
    {
      "concurrency": 1,
      "context_size": 0,
      "prompt_size": 2048,
      "response_size": 32,
      "is_context_prefill_phase": false,
      "pp_throughput": {
        "mean": 3264.5176009278753,
        "std": 8.64013349716023,
        "values": [
          3252.791139144101,
          3267.406704922942,
          3273.3549587165826
        ]
      },
      "pp_req_throughput": {
        "mean": 3264.5176009278753,
        "std": 8.64013349716023,
        "values": [
          3252.791139144101,
          3267.406704922942,
          3273.3549587165826
        ]
      },
      "tg_throughput": {
        "mean": 11.53084937244627,
        "std": 0.012477680159882973,
        "values": [
          11.531477689287208,
          11.545807498292374,
          11.515262929759226
        ]
      },
      "tg_req_throughput": {
        "mean": 11.53084937244627,
        "std": 0.012477680159882973,
        "values": [
          11.531477689287208,
          11.545807498292374,
          11.515262929759226
        ]
      },
      "peak_throughput": {
        "mean": 12.0,
        "std": 0.0,
        "values": [
          12.0,
          12.0,
          12.0
        ]
      },
      "peak_req_throughput": {
        "mean": 12.0,
        "std": 0.0,
        "values": [
          12.0,
          12.0,
          12.0
        ]
      },
      "ttfr": {
        "mean": 631.4125163286614,
        "std": 1.670575153373047,
        "values": [
          633.6807689949637,
          630.8506699933787,
          629.7061099976418
        ]
      },
      "est_ppt": {
        "mean": 630.4191569967467,
        "std": 1.670575153373047,
        "values": [
          632.687409663049,
          629.857310661464,
          628.7127506657271
        ]
      },
      "e2e_ttft": {
        "mean": 631.4125163286614,
        "std": 1.670575153373047,
        "values": [
          633.6807689949637,
          630.8506699933787,
          629.7061099976418
        ]
      },
      "throughput_over_time": null,
      "requests_throughput_over_time": null
    }
  ]
}