{
  "version": "0.3.7",
  "timestamp": "2026-05-08 17:27:03Z",
  "latency_mode": "api",
  "latency_ms": 1.8467076667244935,
  "model": "qwen35-27b-axionml-nvfp4",
  "prefix_caching_enabled": false,
  "max_concurrency": 1,
  "benchmarks": [
    {
      "concurrency": 1,
      "context_size": 0,
      "prompt_size": 2048,
      "response_size": 32,
      "is_context_prefill_phase": false,
      "pp_throughput": {
        "mean": 2606.3880372432322,
        "std": 135.07127151032097,
        "values": [
          2445.698187698667,
          2597.2877174737787,
          2776.178206557251
        ]
      },
      "pp_req_throughput": {
        "mean": 2606.3880372432322,
        "std": 135.07127151032097,
        "values": [
          2445.698187698667,
          2597.2877174737787,
          2776.178206557251
        ]
      },
      "tg_throughput": {
        "mean": 11.690856067162366,
        "std": 0.0923605595107727,
        "values": [
          11.561746293022706,
          11.772548897396966,
          11.738273011067427
        ]
      },
      "tg_req_throughput": {
        "mean": 11.690856067162366,
        "std": 0.0923605595107727,
        "values": [
          11.561746293022706,
          11.772548897396966,
          11.738273011067427
        ]
      },
      "peak_throughput": {
        "mean": 12.0,
        "std": 0.0,
        "values": [
          12.0,
          12.0,
          12.0
        ]
      },
      "peak_req_throughput": {
        "mean": 12.0,
        "std": 0.0,
        "values": [
          12.0,
          12.0,
          12.0
        ]
      },
      "ttfr": {
        "mean": 793.5631826667304,
        "std": 40.89705703068822,
        "values": [
          843.3242090000022,
          794.2117530001269,
          743.1535860000622
        ]
      },
      "est_ppt": {
        "mean": 791.716475000006,
        "std": 40.89705703068822,
        "values": [
          841.4775013332777,
          792.3650453334025,
          741.3068783333377
        ]
      },
      "e2e_ttft": {
        "mean": 793.5631826667304,
        "std": 40.89705703068822,
        "values": [
          843.3242090000022,
          794.2117530001269,
          743.1535860000622
        ]
      },
      "throughput_over_time": null,
      "requests_throughput_over_time": null
    }
  ]
}