{
  "version": "0.3.7",
  "timestamp": "2026-05-09 00:25:29Z",
  "latency_mode": "api",
  "latency_ms": 1.4430443322150193,
  "model": "qwen35-27b-axionml-nvfp4",
  "prefix_caching_enabled": false,
  "max_concurrency": 1,
  "benchmarks": [
    {
      "concurrency": 1,
      "context_size": 0,
      "prompt_size": 2048,
      "response_size": 32,
      "is_context_prefill_phase": false,
      "pp_throughput": {
        "mean": 2813.4581008025657,
        "std": 233.34920837988653,
        "values": [
          2458.272286216669,
          2682.7782188621036,
          3016.1471112916483,
          3109.719838592263,
          2800.373049050145
        ]
      },
      "pp_req_throughput": {
        "mean": 2813.4581008025657,
        "std": 233.34920837988653,
        "values": [
          2458.272286216669,
          2682.7782188621036,
          3016.1471112916483,
          3109.719838592263,
          2800.373049050145
        ]
      },
      "tg_throughput": {
        "mean": 11.58096507358894,
        "std": 0.011965929068930719,
        "values": [
          11.576887278426817,
          11.60212487063893,
          11.575827826682014,
          11.58376258709757,
          11.566222805099365
        ]
      },
      "tg_req_throughput": {
        "mean": 11.58096507358894,
        "std": 0.011965929068930719,
        "values": [
          11.576887278426817,
          11.60212487063893,
          11.575827826682014,
          11.58376258709757,
          11.566222805099365
        ]
      },
      "peak_throughput": {
        "mean": 12.0,
        "std": 0.0,
        "values": [
          12.0,
          12.0,
          12.0,
          12.0,
          12.0
        ]
      },
      "peak_req_throughput": {
        "mean": 12.0,
        "std": 0.0,
        "values": [
          12.0,
          12.0,
          12.0,
          12.0,
          12.0
        ]
      },
      "ttfr": {
        "mean": 738.172164199932,
        "std": 62.53678796519844,
        "values": [
          838.6163760005729,
          768.5582630001591,
          684.1020539977762,
          663.2389959995635,
          736.3451320015884
        ]
      },
      "est_ppt": {
        "mean": 736.729119867717,
        "std": 62.53678796519844,
        "values": [
          837.173331668358,
          767.1152186679441,
          682.6590096655613,
          661.7959516673485,
          734.9020876693734
        ]
      },
      "e2e_ttft": {
        "mean": 738.172164199932,
        "std": 62.53678796519844,
        "values": [
          838.6163760005729,
          768.5582630001591,
          684.1020539977762,
          663.2389959995635,
          736.3451320015884
        ]
      },
      "throughput_over_time": null,
      "requests_throughput_over_time": null
    }
  ]
}