{
  "version": "0.3.7",
  "timestamp": "2026-05-10 01:27:03Z",
  "latency_mode": "api",
  "latency_ms": 1.7183243326144293,
  "model": "qwen35-27b-axionml-nvfp4",
  "prefix_caching_enabled": false,
  "max_concurrency": 1,
  "benchmarks": [
    {
      "concurrency": 1,
      "context_size": 0,
      "prompt_size": 2048,
      "response_size": 32,
      "is_context_prefill_phase": false,
      "pp_throughput": {
        "mean": 2732.632697996565,
        "std": 108.24745499468757,
        "values": [
          2613.598268674425,
          2708.787026753867,
          2875.5127985614035
        ]
      },
      "pp_req_throughput": {
        "mean": 2732.632697996565,
        "std": 108.24745499468757,
        "values": [
          2613.598268674425,
          2708.787026753867,
          2875.5127985614035
        ]
      },
      "tg_throughput": {
        "mean": 11.56598290921069,
        "std": 0.015657384485958183,
        "values": [
          11.569162803762318,
          11.545415429524365,
          11.583370494345392
        ]
      },
      "tg_req_throughput": {
        "mean": 11.56598290921069,
        "std": 0.015657384485958183,
        "values": [
          11.569162803762318,
          11.545415429524365,
          11.583370494345392
        ]
      },
      "peak_throughput": {
        "mean": 12.0,
        "std": 0.0,
        "values": [
          12.0,
          12.0,
          12.0
        ]
      },
      "peak_req_throughput": {
        "mean": 12.0,
        "std": 0.0,
        "values": [
          12.0,
          12.0,
          12.0
        ]
      },
      "ttfr": {
        "mean": 756.1236643305165,
        "std": 29.38233481259706,
        "values": [
          789.1384969989303,
          761.4679759935825,
          717.7645199990366
        ]
      },
      "est_ppt": {
        "mean": 754.405339997902,
        "std": 29.38233481259706,
        "values": [
          787.4201726663159,
          759.7496516609681,
          716.0461956664221
        ]
      },
      "e2e_ttft": {
        "mean": 756.1236643305165,
        "std": 29.38233481259706,
        "values": [
          789.1384969989303,
          761.4679759935825,
          717.7645199990366
        ]
      },
      "throughput_over_time": null,
      "requests_throughput_over_time": null
    }
  ]
}