{
  "version": "0.3.7",
  "timestamp": "2026-05-09 19:30:43Z",
  "latency_mode": "api",
  "latency_ms": 1.5963793363577377,
  "model": "qwen35-27b-axionml-nvfp4",
  "prefix_caching_enabled": false,
  "max_concurrency": 1,
  "benchmarks": [
    {
      "concurrency": 1,
      "context_size": 0,
      "prompt_size": 2048,
      "response_size": 32,
      "is_context_prefill_phase": false,
      "pp_throughput": {
        "mean": 3309.495429724753,
        "std": 13.652610186182025,
        "values": [
          3290.443067605793,
          3321.732011236154,
          3316.311210332313
        ]
      },
      "pp_req_throughput": {
        "mean": 3309.495429724753,
        "std": 13.652610186182025,
        "values": [
          3290.443067605793,
          3321.732011236154,
          3316.311210332313
        ]
      },
      "tg_throughput": {
        "mean": 11.533971745075107,
        "std": 0.029005132749876643,
        "values": [
          11.57454688292153,
          11.518898601366125,
          11.508469750937666
        ]
      },
      "tg_req_throughput": {
        "mean": 11.533971745075107,
        "std": 0.029005132749876643,
        "values": [
          11.57454688292153,
          11.518898601366125,
          11.508469750937666
        ]
      },
      "peak_throughput": {
        "mean": 12.0,
        "std": 0.0,
        "values": [
          12.0,
          12.0,
          12.0
        ]
      },
      "peak_req_throughput": {
        "mean": 12.0,
        "std": 0.0,
        "values": [
          12.0,
          12.0,
          12.0
        ]
      },
      "ttfr": {
        "mean": 623.5553519994331,
        "std": 2.71347156103439,
        "values": [
          627.3479750016122,
          621.1526810002397,
          622.1653999964474
        ]
      },
      "est_ppt": {
        "mean": 621.9589726630753,
        "std": 2.71347156103439,
        "values": [
          625.7515956652545,
          619.556301663882,
          620.5690206600897
        ]
      },
      "e2e_ttft": {
        "mean": 623.5553519994331,
        "std": 2.71347156103439,
        "values": [
          627.3479750016122,
          621.1526810002397,
          622.1653999964474
        ]
      },
      "throughput_over_time": null,
      "requests_throughput_over_time": null
    }
  ]
}