{
  "version": "0.3.7",
  "timestamp": "2026-05-10 06:32:57Z",
  "latency_mode": "api",
  "latency_ms": 1.7070670000975952,
  "model": "qwen35-27b-axionml-nvfp4",
  "prefix_caching_enabled": false,
  "max_concurrency": 1,
  "benchmarks": [
    {
      "concurrency": 1,
      "context_size": 0,
      "prompt_size": 2048,
      "response_size": 32,
      "is_context_prefill_phase": false,
      "pp_throughput": {
        "mean": 3101.7531739122633,
        "std": 164.8260926611774,
        "values": [
          2522.525351643098,
          2705.2208766655226,
          3170.5753695736053,
          2812.5000666124606,
          3005.5326203630584,
          2862.5229855623134,
          3037.03861619056,
          3089.796550132951,
          3135.726822660803,
          3108.1725773010394,
          3065.561492324302,
          3157.8157017538624,
          3165.2034037161843,
          3165.8423223882724,
          3181.847438151368,
          3195.9147577713147,
          3164.912903278053,
          3232.04809687548,
          3158.7033057977774,
          3128.6702519467794,
          3287.8748213979097,
          3146.242930036988,
          3182.4247023664684,
          3220.8369734323423,
          3208.672288442003,
          3207.853023753024,
          3163.731080323187,
          3156.2310898242586,
          3220.4141886082916,
          3192.1826084746303
        ]
      },
      "pp_req_throughput": {
        "mean": 3101.7531739122633,
        "std": 164.8260926611774,
        "values": [
          2522.525351643098,
          2705.2208766655226,
          3170.5753695736053,
          2812.5000666124606,
          3005.5326203630584,
          2862.5229855623134,
          3037.03861619056,
          3089.796550132951,
          3135.726822660803,
          3108.1725773010394,
          3065.561492324302,
          3157.8157017538624,
          3165.2034037161843,
          3165.8423223882724,
          3181.847438151368,
          3195.9147577713147,
          3164.912903278053,
          3232.04809687548,
          3158.7033057977774,
          3128.6702519467794,
          3287.8748213979097,
          3146.242930036988,
          3182.4247023664684,
          3220.8369734323423,
          3208.672288442003,
          3207.853023753024,
          3163.731080323187,
          3156.2310898242586,
          3220.4141886082916,
          3192.1826084746303
        ]
      },
      "tg_throughput": {
        "mean": 11.51875957131089,
        "std": 0.0315040506172694,
        "values": [
          11.56515161827949,
          11.625869466753574,
          11.544624811215732,
          11.557721826557977,
          11.535057534400625,
          11.518172367876154,
          11.496027890935668,
          11.520879056101137,
          11.552072788247502,
          11.497558163571842,
          11.516003765204047,
          11.515125577896857,
          11.491714862070538,
          11.550360568071254,
          11.477635168637187,
          11.492927372937334,
          11.517115855964393,
          11.488430249994545,
          11.520987159789188,
          11.540311480462947,
          11.50499887092535,
          11.498869403143386,
          11.479461580902207,
          11.526291832193346,
          11.51222404008666,
          11.536536487022559,
          11.52073979763716,
          11.478748357484298,
          11.476832331462658,
          11.504336853501115
        ]
      },
      "tg_req_throughput": {
        "mean": 11.51875957131089,
        "std": 0.0315040506172694,
        "values": [
          11.56515161827949,
          11.625869466753574,
          11.544624811215732,
          11.557721826557977,
          11.535057534400625,
          11.518172367876154,
          11.496027890935668,
          11.520879056101137,
          11.552072788247502,
          11.497558163571842,
          11.516003765204047,
          11.515125577896857,
          11.491714862070538,
          11.550360568071254,
          11.477635168637187,
          11.492927372937334,
          11.517115855964393,
          11.488430249994545,
          11.520987159789188,
          11.540311480462947,
          11.50499887092535,
          11.498869403143386,
          11.479461580902207,
          11.526291832193346,
          11.51222404008666,
          11.536536487022559,
          11.52073979763716,
          11.478748357484298,
          11.476832331462658,
          11.504336853501115
        ]
      },
      "peak_throughput": {
        "mean": 12.0,
        "std": 0.0,
        "values": [
          12.0,
          12.0,
          12.0,
          12.0,
          12.0,
          12.0,
          12.0,
          12.0,
          12.0,
          12.0,
          12.0,
          12.0,
          12.0,
          12.0,
          12.0,
          12.0,
          12.0,
          12.0,
          12.0,
          12.0,
          12.0,
          12.0,
          12.0,
          12.0,
          12.0,
          12.0,
          12.0,
          12.0,
          12.0,
          12.0
        ]
      },
      "peak_req_throughput": {
        "mean": 12.0,
        "std": 0.0,
        "values": [
          12.0,
          12.0,
          12.0,
          12.0,
          12.0,
          12.0,
          12.0,
          12.0,
          12.0,
          12.0,
          12.0,
          12.0,
          12.0,
          12.0,
          12.0,
          12.0,
          12.0,
          12.0,
          12.0,
          12.0,
          12.0,
          12.0,
          12.0,
          12.0,
          12.0,
          12.0,
          12.0,
          12.0,
          12.0,
          12.0
        ]
      },
      "ttfr": {
        "mean": 667.2807659342652,
        "std": 40.015083260333945,
        "values": [
          817.5561519892653,
          762.088600997231,
          650.8006100048078,
          733.440383002744,
          686.4442700025393,
          720.6532590062125,
          679.3408609955804,
          667.7703390014358,
          658.0142379971221,
          663.5107309994055,
          673.0359590001171,
          653.4233780112118,
          651.9022480060812,
          651.7710280022584,
          648.1868370028678,
          645.3412549890345,
          651.9619280006737,
          638.4550170041621,
          653.2402439916041,
          659.8141330032377,
          627.6433059974806,
          655.8205750043271,
          648.3837970008608,
          640.6714160111733,
          643.0938510020496,
          643.257656993228,
          652.2048330079997,
          653.4337439952651,
          640.7553010067204,
          646.4070270012598
        ]
      },
      "est_ppt": {
        "mean": 665.5736989341676,
        "std": 40.015083260333945,
        "values": [
          815.8490849891677,
          760.3815339971334,
          649.0935430047102,
          731.7333160026465,
          684.7372030024417,
          718.9461920061149,
          677.6337939954828,
          666.0632720013382,
          656.3071709970245,
          661.8036639993079,
          671.3288920000196,
          651.7163110111142,
          650.1951810059836,
          650.0639610021608,
          646.4797700027702,
          643.6341879889369,
          650.254861000576,
          636.7479500040645,
          651.5331769915065,
          658.1070660031401,
          625.936238997383,
          654.1135080042295,
          646.6767300007632,
          638.9643490110757,
          641.386784001952,
          641.5505899931304,
          650.4977660079021,
          651.7266769951675,
          639.0482340066228,
          644.6999600011623
        ]
      },
      "e2e_ttft": {
        "mean": 667.2807659342652,
        "std": 40.015083260333945,