{
  "version": "0.3.7",
  "timestamp": "2026-05-10 03:21:44Z",
  "latency_mode": "api",
  "latency_ms": 1.6330753326959286,
  "model": "qwen35-27b-axionml-nvfp4",
  "prefix_caching_enabled": false,
  "max_concurrency": 1,
  "benchmarks": [
    {
      "concurrency": 1,
      "context_size": 0,
      "prompt_size": 2048,
      "response_size": 32,
      "is_context_prefill_phase": false,
      "pp_throughput": {
        "mean": 3320.87508731547,
        "std": 8.280533047308019,
        "values": [
          3320.273206651991,
          3311.0478912899357,
          3331.304164004484
        ]
      },
      "pp_req_throughput": {
        "mean": 3320.87508731547,
        "std": 8.280533047308019,
        "values": [
          3320.273206651991,
          3311.0478912899357,
          3331.304164004484
        ]
      },
      "tg_throughput": {
        "mean": 11.548308865025037,
        "std": 0.00804415826175729,
        "values": [
          11.548142057977246,
          11.558243250975417,
          11.538541286122449
        ]
      },
      "tg_req_throughput": {
        "mean": 11.548308865025037,
        "std": 0.00804415826175729,
        "values": [
          11.548142057977246,
          11.558243250975417,
          11.538541286122449
        ]
      },
      "peak_throughput": {
        "mean": 12.0,
        "std": 0.0,
        "values": [
          12.0,
          12.0,
          12.0
        ]
      },
      "peak_req_throughput": {
        "mean": 12.0,
        "std": 0.0,
        "values": [
          12.0,
          12.0,
          12.0
        ]
      },
      "ttfr": {
        "mean": 621.3531003353031,
        "std": 1.5448475393970522,
        "values": [
          621.4615869976114,
          623.1885669985786,
          619.4091470097192
        ]
      },
      "est_ppt": {
        "mean": 619.7200250026071,
        "std": 1.5448475393970522,
        "values": [
          619.8285116649155,
          621.5554916658826,
          617.7760716770232
        ]
      },
      "e2e_ttft": {
        "mean": 621.3531003353031,
        "std": 1.5448475393970522,
        "values": [
          621.4615869976114,
          623.1885669985786,
          619.4091470097192
        ]
      },
      "throughput_over_time": null,
      "requests_throughput_over_time": null
    }
  ]
}