{
  "version": "0.3.7",
  "timestamp": "2026-05-10 01:19:03Z",
  "latency_mode": "api",
  "latency_ms": 1.3153303346674268,
  "model": "qwen35-27b-axionml-nvfp4",
  "prefix_caching_enabled": false,
  "max_concurrency": 1,
  "benchmarks": [
    {
      "concurrency": 1,
      "context_size": 0,
      "prompt_size": 2048,
      "response_size": 32,
      "is_context_prefill_phase": false,
      "pp_throughput": {
        "mean": 3346.9146068803807,
        "std": 4.703358105799844,
        "values": [
          3353.558346105962,
          3343.3136082043425,
          3343.871866330839
        ]
      },
      "pp_req_throughput": {
        "mean": 3346.9146068803807,
        "std": 4.703358105799844,
        "values": [
          3353.558346105962,
          3343.3136082043425,
          3343.871866330839
        ]
      },
      "tg_throughput": {
        "mean": 11.570529468668846,
        "std": 0.02738700828259546,
        "values": [
          11.594234211116122,
          11.585203239704079,
          11.532150955186342
        ]
      },
      "tg_req_throughput": {
        "mean": 11.570529468668846,
        "std": 0.02738700828259546,
        "values": [
          11.594234211116122,
          11.585203239704079,
          11.532150955186342
        ]
      },
      "peak_throughput": {
        "mean": 12.0,
        "std": 0.0,
        "values": [
          12.0,
          12.0,
          12.0
        ]
      },
      "peak_req_throughput": {
        "mean": 12.0,
        "std": 0.0,
        "values": [
          12.0,
          12.0,
          12.0
        ]
      },
      "ttfr": {
        "mean": 616.1118306675538,
        "std": 1.0036788773792662,
        "values": [
          614.693654999428,
          616.872302001866,
          616.7695350013673
        ]
      },
      "est_ppt": {
        "mean": 614.7965003328864,
        "std": 1.0036788773792662,
        "values": [
          613.3783246647605,
          615.5569716671986,
          615.4542046666999
        ]
      },
      "e2e_ttft": {
        "mean": 616.1118306675538,
        "std": 1.0036788773792662,
        "values": [
          614.693654999428,
          616.872302001866,
          616.7695350013673
        ]
      },
      "throughput_over_time": null,
      "requests_throughput_over_time": null
    }
  ]
}