{
  "version": "0.3.7",
  "timestamp": "2026-05-09 21:49:52Z",
  "latency_mode": "api",
  "latency_ms": 1.4740493328038913,
  "model": "qwen35-27b-axionml-nvfp4",
  "prefix_caching_enabled": false,
  "max_concurrency": 1,
  "benchmarks": [
    {
      "concurrency": 1,
      "context_size": 0,
      "prompt_size": 2048,
      "response_size": 32,
      "is_context_prefill_phase": false,
      "pp_throughput": {
        "mean": 3304.1607809455422,
        "std": 6.237692597423617,
        "values": [
          3311.336583903371,
          3296.1294458457955,
          3305.0163130874603
        ]
      },
      "pp_req_throughput": {
        "mean": 3304.1607809455422,
        "std": 6.237692597423617,
        "values": [
          3311.336583903371,
          3296.1294458457955,
          3305.0163130874603
        ]
      },
      "tg_throughput": {
        "mean": 11.514324152663287,
        "std": 0.026620479169560504,
        "values": [
          11.547253086879088,
          11.48205655816287,
          11.513662812947906
        ]
      },
      "tg_req_throughput": {
        "mean": 11.514324152663287,
        "std": 0.026620479169560504,
        "values": [
          11.547253086879088,
          11.48205655816287,
          11.513662812947906
        ]
      },
      "peak_throughput": {
        "mean": 12.0,
        "std": 0.0,
        "values": [
          12.0,
          12.0,
          12.0
        ]
      },
      "peak_req_throughput": {
        "mean": 12.0,
        "std": 0.0,
        "values": [
          12.0,
          12.0,
          12.0
        ]
      },
      "ttfr": {
        "mean": 624.125795334597,
        "std": 1.3073386755276446,
        "values": [
          622.6733590010554,
          625.8427319990005,
          623.861295003735
        ]
      },
      "est_ppt": {
        "mean": 622.6517460017931,
        "std": 1.3073386755276446,
        "values": [
          621.1993096682514,
          624.3686826661966,
          622.3872456709311
        ]
      },
      "e2e_ttft": {
        "mean": 624.125795334597,
        "std": 1.3073386755276446,
        "values": [
          622.6733590010554,
          625.8427319990005,
          623.861295003735
        ]
      },
      "throughput_over_time": null,
      "requests_throughput_over_time": null
    }
  ]
}