{
  "version": "0.3.7",
  "timestamp": "2026-05-10 03:40:34Z",
  "latency_mode": "api",
  "latency_ms": 1.2656663360151772,
  "model": "qwen35-27b-axionml-nvfp4",
  "prefix_caching_enabled": false,
  "max_concurrency": 1,
  "benchmarks": [
    {
      "concurrency": 1,
      "context_size": 0,
      "prompt_size": 2048,
      "response_size": 32,
      "is_context_prefill_phase": false,
      "pp_throughput": {
        "mean": 2916.4683091963548,
        "std": 247.20296220018156,
        "values": [
          2724.356100565274,
          2759.5745543461258,
          3265.474272677665
        ]
      },
      "pp_req_throughput": {
        "mean": 2916.4683091963548,
        "std": 247.20296220018156,
        "values": [
          2724.356100565274,
          2759.5745543461258,
          3265.474272677665
        ]
      },
      "tg_throughput": {
        "mean": 11.588846057247578,
        "std": 0.032947539384513516,
        "values": [
          11.584737932579765,
          11.631095305997599,
          11.550704933165365
        ]
      },
      "tg_req_throughput": {
        "mean": 11.588846057247578,
        "std": 0.032947539384513516,
        "values": [
          11.584737932579765,
          11.631095305997599,
          11.550704933165365
        ]
      },
      "peak_throughput": {
        "mean": 12.0,
        "std": 0.0,
        "values": [
          12.0,
          12.0,
          12.0
        ]
      },
      "peak_req_throughput": {
        "mean": 12.0,
        "std": 0.0,
        "values": [
          12.0,
          12.0,
          12.0
        ]
      },
      "ttfr": {
        "mean": 711.7340106681999,
        "std": 56.87339342276016,
        "values": [
          756.6735220025294,
          747.0327979972353,
          631.4957120048348
        ]
      },
      "est_ppt": {
        "mean": 710.4683443321846,
        "std": 56.87339342276016,
        "values": [
          755.4078556665141,
          745.7671316612201,
          630.2300456688196
        ]
      },
      "e2e_ttft": {
        "mean": 711.7340106681999,
        "std": 56.87339342276016,
        "values": [
          756.6735220025294,
          747.0327979972353,
          631.4957120048348
        ]
      },
      "throughput_over_time": null,
      "requests_throughput_over_time": null
    }
  ]
}