{
  "version": "0.3.7",
  "timestamp": "2026-05-09 22:03:57Z",
  "latency_mode": "api",
  "latency_ms": 1.6733943314951223,
  "model": "qwen35-27b-axionml-nvfp4",
  "prefix_caching_enabled": false,
  "max_concurrency": 1,
  "benchmarks": [
    {
      "concurrency": 1,
      "context_size": 0,
      "prompt_size": 2048,
      "response_size": 32,
      "is_context_prefill_phase": false,
      "pp_throughput": {
        "mean": 3286.8000518682716,
        "std": 17.295362882066907,
        "values": [
          3295.995097194494,
          3301.8311491749932,
          3262.5739092353283
        ]
      },
      "pp_req_throughput": {
        "mean": 3286.8000518682716,
        "std": 17.295362882066907,
        "values": [
          3295.995097194494,
          3301.8311491749932,
          3262.5739092353283
        ]
      },
      "tg_throughput": {
        "mean": 11.527625426913351,
        "std": 0.014913869118585055,
        "values": [
          11.539397641317546,
          11.536895060014704,
          11.5065835794078
        ]
      },
      "tg_req_throughput": {
        "mean": 11.527625426913351,
        "std": 0.014913869118585055,
        "values": [
          11.539397641317546,
          11.536895060014704,
          11.5065835794078
        ]
      },
      "peak_throughput": {
        "mean": 12.0,
        "std": 0.0,
        "values": [
          12.0,
          12.0,
          12.0
        ]
      },
      "peak_req_throughput": {
        "mean": 12.0,
        "std": 0.0,
        "values": [
          12.0,
          12.0,
          12.0
        ]
      },
      "ttfr": {
        "mean": 627.8317090012328,
        "std": 3.3061577501653736,
        "values": [
          626.0675270023057,
          624.9638980007148,
          632.4637020006776
        ]
      },
      "est_ppt": {
        "mean": 626.1583146697376,
        "std": 3.3061577501653736,
        "values": [
          624.3941326708106,
          623.2905036692197,
          630.7903076691824
        ]
      },
      "e2e_ttft": {
        "mean": 627.8317090012328,
        "std": 3.3061577501653736,
        "values": [
          626.0675270023057,
          624.9638980007148,
          632.4637020006776
        ]
      },
      "throughput_over_time": null,
      "requests_throughput_over_time": null
    }
  ]
}