{
  "version": "0.3.7",
  "timestamp": "2026-05-10 04:30:51Z",
  "latency_mode": "api",
  "latency_ms": 2.2270483314059675,
  "model": "qwen35-27b-axionml-nvfp4",
  "prefix_caching_enabled": false,
  "max_concurrency": 1,
  "benchmarks": [
    {
      "concurrency": 1,
      "context_size": 0,
      "prompt_size": 2048,
      "response_size": 32,
      "is_context_prefill_phase": false,
      "pp_throughput": {
        "mean": 2932.3452577538724,
        "std": 150.58802717408804,
        "values": [
          2738.658408604253,
          2952.512843616965,
          3105.8645210403993
        ]
      },
      "pp_req_throughput": {
        "mean": 2932.3452577538724,
        "std": 150.58802717408804,
        "values": [
          2738.658408604253,
          2952.512843616965,
          3105.8645210403993
        ]
      },
      "tg_throughput": {
        "mean": 11.584146231377717,
        "std": 0.022827888045318816,
        "values": [
          11.574309527284292,
          11.615693480291334,
          11.562435686557526
        ]
      },
      "tg_req_throughput": {
        "mean": 11.584146231377717,
        "std": 0.022827888045318816,
        "values": [
          11.574309527284292,
          11.615693480291334,
          11.562435686557526
        ]
      },
      "peak_throughput": {
        "mean": 12.0,
        "std": 0.0,
        "values": [
          12.0,
          12.0,
          12.0
        ]
      },
      "peak_req_throughput": {
        "mean": 12.0,
        "std": 0.0,
        "values": [
          12.0,
          12.0,
          12.0
        ]
      },
      "ttfr": {
        "mean": 705.9315980053119,
        "std": 36.576442632811144,
        "values": [
          753.689879013109,
          699.260426001274,
          664.8444890015526
        ]
      },
      "est_ppt": {
        "mean": 703.704549673906,
        "std": 36.576442632811144,
        "values": [
          751.462830681703,
          697.0333776698681,
          662.6174406701466
        ]
      },
      "e2e_ttft": {
        "mean": 705.9315980053119,
        "std": 36.576442632811144,
        "values": [
          753.689879013109,
          699.260426001274,
          664.8444890015526
        ]
      },
      "throughput_over_time": null,
      "requests_throughput_over_time": null
    }
  ]
}