{
  "version": "0.3.7",
  "timestamp": "2026-05-08 20:02:42Z",
  "latency_mode": "api",
  "latency_ms": 1.5354470003027625,
  "model": "qwen35-27b-axionml-nvfp4",
  "prefix_caching_enabled": false,
  "max_concurrency": 1,
  "benchmarks": [
    {
      "concurrency": 1,
      "context_size": 0,
      "prompt_size": 2048,
      "response_size": 32,
      "is_context_prefill_phase": false,
      "pp_throughput": {
        "mean": 3091.6785541354257,
        "std": 9.687214459649985,
        "values": [
          3089.7492573453246,
          3104.3893315269866,
          3080.8970735339662
        ]
      },
      "pp_req_throughput": {
        "mean": 3091.6785541354257,
        "std": 9.687214459649985,
        "values": [
          3089.7492573453246,
          3104.3893315269866,
          3080.8970735339662
        ]
      },
      "tg_throughput": {
        "mean": 11.546701719988562,
        "std": 0.028543030047829987,
        "values": [
          11.582420811744491,
          11.545126114345248,
          11.512558233875948
        ]
      },
      "tg_req_throughput": {
        "mean": 11.546701719988562,
        "std": 0.028543030047829987,
        "values": [
          11.582420811744491,
          11.545126114345248,
          11.512558233875948
        ]
      },
      "peak_throughput": {
        "mean": 12.0,
        "std": 0.0,
        "values": [
          12.0,
          12.0,
          12.0
        ]
      },
      "peak_req_throughput": {
        "mean": 12.0,
        "std": 0.0,
        "values": [
          12.0,
          12.0,
          12.0
        ]
      },
      "ttfr": {
        "mean": 667.0916006666326,
        "std": 1.9655033567873266,
        "values": [
          667.608914000084,
          664.4677599997522,
          669.1981280000618
        ]
      },
      "est_ppt": {
        "mean": 665.5561536663299,
        "std": 1.9655033567873266,
        "values": [
          666.0734669997813,
          662.9323129994494,
          667.6626809997591
        ]
      },
      "e2e_ttft": {
        "mean": 667.0916006666326,
        "std": 1.9655033567873266,
        "values": [
          667.608914000084,
          664.4677599997522,
          669.1981280000618
        ]
      },
      "throughput_over_time": null,
      "requests_throughput_over_time": null
    }
  ]
}