{
  "version": "0.3.7",
  "timestamp": "2026-05-09 23:53:08Z",
  "latency_mode": "api",
  "latency_ms": 1.741919668954021,
  "model": "qwen35-27b-axionml-nvfp4",
  "prefix_caching_enabled": false,
  "max_concurrency": 1,
  "benchmarks": [
    {
      "concurrency": 1,
      "context_size": 0,
      "prompt_size": 2048,
      "response_size": 32,
      "is_context_prefill_phase": false,
      "pp_throughput": {
        "mean": 2892.1046432455064,
        "std": 38.86585835365456,
        "values": [
          2837.146913794108,
          2918.829585886613,
          2920.3374300558
        ]
      },
      "pp_req_throughput": {
        "mean": 2892.1046432455064,
        "std": 38.86585835365456,
        "values": [
          2837.146913794108,
          2918.829585886613,
          2920.3374300558
        ]
      },
      "tg_throughput": {
        "mean": 11.532813277386653,
        "std": 0.030498339920846527,
        "values": [
          11.574749345586186,
          11.520577238755536,
          11.503113247818243
        ]
      },
      "tg_req_throughput": {
        "mean": 11.532813277386653,
        "std": 0.030498339920846527,
        "values": [
          11.574749345586186,
          11.520577238755536,
          11.503113247818243
        ]
      },
      "peak_throughput": {
        "mean": 12.0,
        "std": 0.0,
        "values": [
          12.0,
          12.0,
          12.0
        ]
      },
      "peak_req_throughput": {
        "mean": 12.0,
        "std": 0.0,
        "values": [
          12.0,
          12.0,
          12.0
        ]
      },
      "ttfr": {
        "mean": 713.578336998277,
        "std": 9.574363533512448,
        "values": [
          727.1185260033235,
          706.8190539939678,
          706.7974309975398
        ]
      },
      "est_ppt": {
        "mean": 711.836417329323,
        "std": 9.574363533512448,
        "values": [
          725.3766063343695,
          705.0771343250138,
          705.0555113285858
        ]
      },
      "e2e_ttft": {
        "mean": 713.578336998277,
        "std": 9.574363533512448,
        "values": [
          727.1185260033235,
          706.8190539939678,
          706.7974309975398
        ]
      },
      "throughput_over_time": null,
      "requests_throughput_over_time": null
    }
  ]
}