{
  "version": "0.3.7",
  "timestamp": "2026-05-08 22:55:15Z",
  "latency_mode": "api",
  "latency_ms": 1.6291076669100828,
  "model": "qwen35-27b-axionml-nvfp4",
  "prefix_caching_enabled": false,
  "max_concurrency": 1,
  "benchmarks": [
    {
      "concurrency": 1,
      "context_size": 0,
      "prompt_size": 2048,
      "response_size": 32,
      "is_context_prefill_phase": false,
      "pp_throughput": {
        "mean": 2901.7828322206406,
        "std": 111.7824996742899,
        "values": [
          2748.3246306342576,
          2797.318401777653,
          2926.239341379113,
          3009.486408597264,
          3027.545378714916
        ]
      },
      "pp_req_throughput": {
        "mean": 2901.7828322206406,
        "std": 111.7824996742899,
        "values": [
          2748.3246306342576,
          2797.318401777653,
          2926.239341379113,
          3009.486408597264,
          3027.545378714916
        ]
      },
      "tg_throughput": {
        "mean": 11.550945804204176,
        "std": 0.04613204297875799,
        "values": [
          11.520159204262843,
          11.638976822447427,
          11.522141218818994,
          11.517891931035912,
          11.555559844455699
        ]
      },
      "tg_req_throughput": {
        "mean": 11.550945804204176,
        "std": 0.04613204297875799,
        "values": [
          11.520159204262843,
          11.638976822447427,
          11.522141218818994,
          11.517891931035912,
          11.555559844455699
        ]
      },
      "peak_throughput": {
        "mean": 12.0,
        "std": 0.0,
        "values": [
          12.0,
          12.0,
          12.0,
          12.0,
          12.0
        ]
      },
      "peak_req_throughput": {
        "mean": 12.0,
        "std": 0.0,
        "values": [
          12.0,
          12.0,
          12.0,
          12.0,
          12.0
        ]
      },
      "ttfr": {
        "mean": 711.9843581996975,
        "std": 27.710902476062422,
        "values": [
          750.8128019981086,
          737.3337019998871,
          704.9208620010177,
          685.4667199986579,
          681.3877050008159
        ]
      },
      "est_ppt": {
        "mean": 710.3552505327875,
        "std": 27.710902476062422,
        "values": [
          749.1836943311986,
          735.7045943329771,
          703.2917543341076,
          683.8376123317479,
          679.7585973339059
        ]
      },
      "e2e_ttft": {
        "mean": 711.9843581996975,
        "std": 27.710902476062422,
        "values": [
          750.8128019981086,
          737.3337019998871,
          704.9208620010177,
          685.4667199986579,
          681.3877050008159
        ]
      },
      "throughput_over_time": null,
      "requests_throughput_over_time": null
    }
  ]
}