{
  "version": "0.3.7",
  "timestamp": "2026-05-08 23:39:43Z",
  "latency_mode": "api",
  "latency_ms": 1.570582999799323,
  "model": "qwen35-27b-axionml-nvfp4",
  "prefix_caching_enabled": false,
  "max_concurrency": 1,
  "benchmarks": [
    {
      "concurrency": 1,
      "context_size": 0,
      "prompt_size": 2048,
      "response_size": 32,
      "is_context_prefill_phase": false,
      "pp_throughput": {
        "mean": 2801.218847914635,
        "std": 142.75363845344444,
        "values": [
          2595.305451847438,
          2751.4547839056922,
          2744.4530323546223,
          3007.3577154763248,
          2907.5232559890974
        ]
      },
      "pp_req_throughput": {
        "mean": 2801.218847914635,
        "std": 142.75363845344444,
        "values": [
          2595.305451847438,
          2751.4547839056922,
          2744.4530323546223,
          3007.3577154763248,
          2907.5232559890974
        ]
      },
      "tg_throughput": {
        "mean": 11.572017631712235,
        "std": 0.025808404163132265,
        "values": [
          11.58991318072418,
          11.607528054228963,
          11.575654736120825,
          11.5361156106696,
          11.550876576817606
        ]
      },
      "tg_req_throughput": {
        "mean": 11.572017631712235,
        "std": 0.025808404163132265,
        "values": [
          11.58991318072418,
          11.607528054228963,
          11.575654736120825,
          11.5361156106696,
          11.550876576817606
        ]
      },
      "peak_throughput": {
        "mean": 12.0,
        "std": 0.0,
        "values": [
          12.0,
          12.0,
          12.0,
          12.0,
          12.0
        ]
      },
      "peak_req_throughput": {
        "mean": 12.0,
        "std": 0.0,
        "values": [
          12.0,
          12.0,
          12.0,
          12.0,
          12.0
        ]
      },
      "ttfr": {
        "mean": 738.0888891981158,
        "std": 37.51347328299992,
        "values": [
          794.5408279992989,
          749.1750909975963,
          751.4467789987975,
          685.8922349965724,
          709.3895129983139
        ]
      },
      "est_ppt": {
        "mean": 736.5183061983165,
        "std": 37.51347328299992,
        "values": [
          792.9702449994996,
          747.604507997797,
          749.8761959989982,
          684.3216519967731,
          707.8189299985146
        ]
      },
      "e2e_ttft": {
        "mean": 738.0888891981158,
        "std": 37.51347328299992,
        "values": [
          794.5408279992989,
          749.1750909975963,
          751.4467789987975,
          685.8922349965724,
          709.3895129983139
        ]
      },
      "throughput_over_time": null,
      "requests_throughput_over_time": null
    }
  ]
}