{
  "version": "0.3.7",
  "timestamp": "2026-05-09 19:09:00Z",
  "latency_mode": "api",
  "latency_ms": 1.89152266587674,
  "model": "qwen35-27b-axionml-nvfp4",
  "prefix_caching_enabled": false,
  "max_concurrency": 1,
  "benchmarks": [
    {
      "concurrency": 1,
      "context_size": 0,
      "prompt_size": 2048,
      "response_size": 32,
      "is_context_prefill_phase": false,
      "pp_throughput": {
        "mean": 3317.9037704389825,
        "std": 17.418737357152498,
        "values": [
          3306.5319566605067,
          3342.5140004394166,
          3304.665354217025
        ]
      },
      "pp_req_throughput": {
        "mean": 3317.9037704389825,
        "std": 17.418737357152498,
        "values": [
          3306.5319566605067,
          3342.5140004394166,
          3304.665354217025
        ]
      },
      "tg_throughput": {
        "mean": 11.538809437573915,
        "std": 0.017681706740637567,
        "values": [
          11.558557970118505,
          11.542219023402735,
          11.515651319200504
        ]
      },
      "tg_req_throughput": {
        "mean": 11.538809437573915,
        "std": 0.017681706740637567,
        "values": [
          11.558557970118505,
          11.542219023402735,
          11.515651319200504
        ]
      },
      "peak_throughput": {
        "mean": 12.0,
        "std": 0.0,
        "values": [
          12.0,
          12.0,
          12.0
        ]
      },
      "peak_req_throughput": {
        "mean": 12.0,
        "std": 0.0,
        "values": [
          12.0,
          12.0,
          12.0
        ]
      },
      "ttfr": {
        "mean": 622.1797100030623,
        "std": 3.244525155534358,
        "values": [
          624.2959110022639,
          617.595750001783,
          624.64746900514
        ]
      },
      "est_ppt": {
        "mean": 620.2881873371856,
        "std": 3.244525155534358,
        "values": [
          622.4043883363871,
          615.7042273359062,
          622.7559463392632
        ]
      },
      "e2e_ttft": {
        "mean": 622.1797100030623,
        "std": 3.244525155534358,
        "values": [
          624.2959110022639,
          617.595750001783,
          624.64746900514
        ]
      },
      "throughput_over_time": null,
      "requests_throughput_over_time": null
    }
  ]
}