{
  "version": "0.3.7",
  "timestamp": "2026-05-08 23:30:39Z",
  "latency_mode": "api",
  "latency_ms": 1.830903999992491,
  "model": "qwen35-27b-axionml-nvfp4",
  "prefix_caching_enabled": false,
  "max_concurrency": 1,
  "benchmarks": [
    {
      "concurrency": 1,
      "context_size": 0,
      "prompt_size": 2048,
      "response_size": 32,
      "is_context_prefill_phase": false,
      "pp_throughput": {
        "mean": 2037.4899932722587,
        "std": 5.484095281419277,
        "values": [
          2046.1879747703679,
          2038.2298552472082,
          2036.1504865381676,
          2037.8898933522066,
          2028.9917564533425
        ]
      },
      "pp_req_throughput": {
        "mean": 2037.4899932722587,
        "std": 5.484095281419277,
        "values": [
          2046.1879747703679,
          2038.2298552472082,
          2036.1504865381676,
          2037.8898933522066,
          2028.9917564533425
        ]
      },
      "tg_throughput": {
        "mean": 11.252404276496904,
        "std": 0.033182191921373505,
        "values": [
          11.304071362108408,
          11.275935989987564,
          11.21653794432565,
          11.222198954662737,
          11.243277131400163
        ]
      },
      "tg_req_throughput": {
        "mean": 11.252404276496904,
        "std": 0.033182191921373505,
        "values": [
          11.304071362108408,
          11.275935989987564,
          11.21653794432565,
          11.222198954662737,
          11.243277131400163
        ]
      },
      "peak_throughput": {
        "mean": 12.0,
        "std": 0.0,
        "values": [
          12.0,
          12.0,
          12.0,
          12.0,
          12.0
        ]
      },
      "peak_req_throughput": {
        "mean": 12.0,
        "std": 0.0,
        "values": [
          12.0,
          12.0,
          12.0,
          12.0,
          12.0
        ]
      },
      "ttfr": {
        "mean": 1011.8063904003066,
        "std": 2.732841598949287,
        "values": [
          1007.6036020000174,
          1011.5305680010351,
          1012.5616990007984,
          1011.2083029998757,
          1016.1277799998061
        ]
      },
      "est_ppt": {
        "mean": 1009.9754864003141,
        "std": 2.732841598949287,
        "values": [
          1005.772698000025,
          1009.6996640010427,
          1010.730795000806,
          1009.3773989998833,
          1014.2968759998137
        ]
      },
      "e2e_ttft": {
        "mean": 1011.8063904003066,
        "std": 2.732841598949287,
        "values": [
          1007.6036020000174,
          1011.5305680010351,
          1012.5616990007984,
          1011.2083029998757,
          1016.1277799998061
        ]
      },
      "throughput_over_time": null,
      "requests_throughput_over_time": null
    }
  ]
}