{
  "version": "0.3.7",
  "timestamp": "2026-05-08 20:16:09Z",
  "latency_mode": "api",
  "latency_ms": 1.4110653325284754,
  "model": "qwen35-27b-axionml-nvfp4",
  "prefix_caching_enabled": false,
  "max_concurrency": 1,
  "benchmarks": [
    {
      "concurrency": 1,
      "context_size": 0,
      "prompt_size": 2048,
      "response_size": 32,
      "is_context_prefill_phase": false,
      "pp_throughput": {
        "mean": 3132.9980884204597,
        "std": 8.415501860049885,
        "values": [
          3137.540147736818,
          3120.1285548758096,
          3127.6739167709798,
          3135.0115501949517,
          3144.6362725237404
        ]
      },
      "pp_req_throughput": {
        "mean": 3132.9980884204597,
        "std": 8.415501860049885,
        "values": [
          3137.540147736818,
          3120.1285548758096,
          3127.6739167709798,
          3135.0115501949517,
          3144.6362725237404
        ]
      },
      "tg_throughput": {
        "mean": 11.54459051704389,
        "std": 0.03135938636541357,
        "values": [
          11.56779154187913,
          11.581153417307016,
          11.500537292485996,
          11.558846506481315,
          11.514623827065991
        ]
      },
      "tg_req_throughput": {
        "mean": 11.54459051704389,
        "std": 0.03135938636541357,
        "values": [
          11.56779154187913,
          11.581153417307016,
          11.500537292485996,
          11.558846506481315,
          11.514623827065991
        ]
      },
      "peak_throughput": {
        "mean": 12.0,
        "std": 0.0,
        "values": [
          12.0,
          12.0,
          12.0,
          12.0,
          12.0
        ]
      },
      "peak_req_throughput": {
        "mean": 12.0,
        "std": 0.0,
        "values": [
          12.0,
          12.0,
          12.0,
          12.0,
          12.0
        ]
      },
      "ttfr": {
        "mean": 658.294295199812,
        "std": 1.6602528951759339,
        "values": [
          657.3389269997278,
          660.678772999745,
          659.4080479990225,
          658.1869550009287,
          655.8587729996361
        ]
      },
      "est_ppt": {
        "mean": 656.8832298672836,
        "std": 1.6602528951759339,
        "values": [
          655.9278616671994,
          659.2677076672165,
          657.9969826664941,
          656.7758896684003,
          654.4477076671077
        ]
      },
      "e2e_ttft": {
        "mean": 658.294295199812,
        "std": 1.6602528951759339,
        "values": [
          657.3389269997278,
          660.678772999745,
          659.4080479990225,
          658.1869550009287,
          655.8587729996361
        ]
      },
      "throughput_over_time": null,
      "requests_throughput_over_time": null
    }
  ]
}