{
  "version": "0.3.7",
  "timestamp": "2026-05-10 00:47:39Z",
  "latency_mode": "api",
  "latency_ms": 1.7099990000133403,
  "model": "qwen35-27b-axionml-nvfp4",
  "prefix_caching_enabled": false,
  "max_concurrency": 1,
  "benchmarks": [
    {
      "concurrency": 1,
      "context_size": 0,
      "prompt_size": 2048,
      "response_size": 32,
      "is_context_prefill_phase": false,
      "pp_throughput": {
        "mean": 2951.4515240064234,
        "std": 128.79183881224677,
        "values": [
          2993.5825710131026,
          2776.926762346659,
          3083.845238659509
        ]
      },
      "pp_req_throughput": {
        "mean": 2951.4515240064234,
        "std": 128.79183881224677,
        "values": [
          2993.5825710131026,
          2776.926762346659,
          3083.845238659509
        ]
      },
      "tg_throughput": {
        "mean": 11.551093506143104,
        "std": 0.030921400474842462,
        "values": [
          11.570472427579876,
          11.575353162702621,
          11.507454928146812
        ]
      },
      "tg_req_throughput": {
        "mean": 11.551093506143104,
        "std": 0.030921400474842462,
        "values": [
          11.570472427579876,
          11.575353162702621,
          11.507454928146812
        ]
      },
      "peak_throughput": {
        "mean": 12.0,
        "std": 0.0,
        "values": [
          12.0,
          12.0,
          12.0
        ]
      },
      "peak_req_throughput": {
        "mean": 12.0,
        "std": 0.0,
        "values": [
          12.0,
          12.0,
          12.0
        ]
      },
      "ttfr": {
        "mean": 700.3607903340404,
        "std": 31.334977020639915,
        "values": [
          688.8465490046656,
          743.1771589981508,
          669.0586629993049
        ]
      },
      "est_ppt": {
        "mean": 698.6507913340271,
        "std": 31.334977020639915,
        "values": [
          687.1365500046522,
          741.4671599981375,
          667.3486639992916
        ]
      },
      "e2e_ttft": {
        "mean": 700.3607903340404,
        "std": 31.334977020639915,
        "values": [
          688.8465490046656,
          743.1771589981508,
          669.0586629993049
        ]
      },
      "throughput_over_time": null,
      "requests_throughput_over_time": null
    }
  ]
}