{
  "version": "0.3.7",
  "timestamp": "2026-05-09 19:51:58Z",
  "latency_mode": "api",
  "latency_ms": 1.9417503353906795,
  "model": "qwen35-27b-axionml-nvfp4",
  "prefix_caching_enabled": false,
  "max_concurrency": 1,
  "benchmarks": [
    {
      "concurrency": 1,
      "context_size": 0,
      "prompt_size": 2048,
      "response_size": 32,
      "is_context_prefill_phase": false,
      "pp_throughput": {
        "mean": 3294.9602255245754,
        "std": 6.121230128059821,
        "values": [
          3298.7834618766497,
          3286.322439400283,
          3299.7747752967935
        ]
      },
      "pp_req_throughput": {
        "mean": 3294.9602255245754,
        "std": 6.121230128059821,
        "values": [
          3298.7834618766497,
          3286.322439400283,
          3299.7747752967935
        ]
      },
      "tg_throughput": {
        "mean": 11.511151252390789,
        "std": 0.02318634924861377,
        "values": [
          11.526321377529639,
          11.528741786431413,
          11.47839059321132
        ]
      },
      "tg_req_throughput": {
        "mean": 11.511151252390789,
        "std": 0.02318634924861377,
        "values": [
          11.526321377529639,
          11.528741786431413,
          11.47839059321132
        ]
      },
      "peak_throughput": {
        "mean": 12.0,
        "std": 0.0,
        "values": [
          12.0,
          12.0,
          12.0
        ]
      },
      "peak_req_throughput": {
        "mean": 12.0,
        "std": 0.0,
        "values": [
          12.0,
          12.0,
          12.0
        ]
      },
      "ttfr": {
        "mean": 626.5341493344749,
        "std": 1.1618362726764808,
        "values": [
          625.8081010018941,
          628.1736669989186,
          625.6206800026121
        ]
      },
      "est_ppt": {
        "mean": 624.5923989990843,
        "std": 1.1618362726764808,
        "values": [
          623.8663506665034,
          626.231916663528,
          623.6789296672214
        ]
      },
      "e2e_ttft": {
        "mean": 626.5341493344749,
        "std": 1.1618362726764808,
        "values": [
          625.8081010018941,
          628.1736669989186,
          625.6206800026121
        ]
      },
      "throughput_over_time": null,
      "requests_throughput_over_time": null
    }
  ]
}