{
  "version": "0.3.7",
  "timestamp": "2026-05-08 20:28:53Z",
  "latency_mode": "api",
  "latency_ms": 1.5655766668108602,
  "model": "qwen35-27b-axionml-nvfp4",
  "prefix_caching_enabled": false,
  "max_concurrency": 1,
  "benchmarks": [
    {
      "concurrency": 1,
      "context_size": 0,
      "prompt_size": 2048,
      "response_size": 32,
      "is_context_prefill_phase": false,
      "pp_throughput": {
        "mean": 3116.0541301080475,
        "std": 6.532921648336267,
        "values": [
          3108.319462756907,
          3116.503315143224,
          3109.6408111949618,
          3125.937442640411,
          3119.869618804736
        ]
      },
      "pp_req_throughput": {
        "mean": 3116.0541301080475,
        "std": 6.532921648336267,
        "values": [
          3108.319462756907,
          3116.503315143224,
          3109.6408111949618,
          3125.937442640411,
          3119.869618804736
        ]
      },
      "tg_throughput": {
        "mean": 11.52946588012108,
        "std": 0.020535601946667734,
        "values": [
          11.562960167232944,
          11.530344776573662,
          11.537353551720411,
          11.51225397940574,
          11.504416925672642
        ]
      },
      "tg_req_throughput": {
        "mean": 11.52946588012108,
        "std": 0.020535601946667734,
        "values": [
          11.562960167232944,
          11.530344776573662,
          11.537353551720411,
          11.51225397940574,
          11.504416925672642
        ]
      },
      "peak_throughput": {
        "mean": 12.0,
        "std": 0.0,
        "values": [
          12.0,
          12.0,
          12.0,
          12.0,
          12.0
        ]
      },
      "peak_req_throughput": {
        "mean": 12.0,
        "std": 0.0,
        "values": [
          12.0,
          12.0,
          12.0,
          12.0,
          12.0
        ]
      },
      "ttfr": {
        "mean": 662.0191361998877,
        "std": 1.384057561521075,
        "values": [
          663.6596839998674,
          661.921042999893,
          663.3783470006165,
          659.9280800000997,
          661.208526998962
        ]
      },
      "est_ppt": {
        "mean": 660.4535595330768,
        "std": 1.384057561521075,
        "values": [
          662.0941073330565,
          660.3554663330821,
          661.8127703338056,
          658.3625033332888,
          659.6429503321511
        ]
      },
      "e2e_ttft": {
        "mean": 662.0191361998877,
        "std": 1.384057561521075,
        "values": [
          663.6596839998674,
          661.921042999893,
          663.3783470006165,
          659.9280800000997,
          661.208526998962
        ]
      },
      "throughput_over_time": null,
      "requests_throughput_over_time": null
    }
  ]
}