{
  "version": "0.3.7",
  "timestamp": "2026-05-09 03:34:27Z",
  "latency_mode": "api",
  "latency_ms": 1.0583103357930668,
  "model": "qwen35-27b-axionml-nvfp4",
  "prefix_caching_enabled": false,
  "max_concurrency": 1,
  "benchmarks": [
    {
      "concurrency": 1,
      "context_size": 0,
      "prompt_size": 2048,
      "response_size": 32,
      "is_context_prefill_phase": false,
      "pp_throughput": {
        "mean": 3002.885151361747,
        "std": 121.90605583651165,
        "values": [
          2817.085737441213,
          3188.0559392355212,
          2950.6245089898907,
          3003.1957344593525,
          3055.463836682756
        ]
      },
      "pp_req_throughput": {
        "mean": 3002.885151361747,
        "std": 121.90605583651165,
        "values": [
          2817.085737441213,
          3188.0559392355212,
          2950.6245089898907,
          3003.1957344593525,
          3055.463836682756
        ]
      },
      "tg_throughput": {
        "mean": 11.557790267148786,
        "std": 0.030761994719156308,
        "values": [
          11.575424185850947,
          11.604161884317264,
          11.518488118510401,
          11.559937402277171,
          11.530939744788142
        ]
      },
      "tg_req_throughput": {
        "mean": 11.557790267148786,
        "std": 0.030761994719156308,
        "values": [
          11.575424185850947,
          11.604161884317264,
          11.518488118510401,
          11.559937402277171,
          11.530939744788142
        ]
      },
      "peak_throughput": {
        "mean": 12.0,
        "std": 0.0,
        "values": [
          12.0,
          12.0,
          12.0,
          12.0,
          12.0
        ]
      },
      "peak_req_throughput": {
        "mean": 12.0,
        "std": 0.0,
        "values": [
          12.0,
          12.0,
          12.0,
          12.0,
          12.0
        ]
      },
      "ttfr": {
        "mean": 687.5330381983076,
        "std": 27.9560921914146,
        "values": [
          731.6005059983581,
          646.5927800018108,
          698.537773998396,
          686.3283299971954,
          674.6058009957778
        ]
      },
      "est_ppt": {
        "mean": 686.4747278625146,
        "std": 27.9560921914146,
        "values": [
          730.5421956625651,
          645.5344696660177,
          697.4794636626029,
          685.2700196614023,
          673.5474906599848
        ]
      },
      "e2e_ttft": {
        "mean": 687.5330381983076,
        "std": 27.9560921914146,
        "values": [
          731.6005059983581,
          646.5927800018108,
          698.537773998396,
          686.3283299971954,
          674.6058009957778
        ]
      },
      "throughput_over_time": null,
      "requests_throughput_over_time": null
    }
  ]
}