{
  "version": "0.3.7",
  "timestamp": "2026-05-08 21:39:02Z",
  "latency_mode": "api",
  "latency_ms": 1.5045416657812893,
  "model": "qwen35-27b-axionml-nvfp4",
  "prefix_caching_enabled": false,
  "max_concurrency": 1,
  "benchmarks": [
    {
      "concurrency": 1,
      "context_size": 0,
      "prompt_size": 3072,
      "response_size": 32,
      "is_context_prefill_phase": false,
      "pp_throughput": {
        "mean": 2848.694466524043,
        "std": 90.14889358992309,
        "values": [
          2723.2908398985783,
          2822.515471376821,
          2799.528451733373,
          2920.298998846497,
          2977.838570764947
        ]
      },
      "pp_req_throughput": {
        "mean": 2848.694466524043,
        "std": 90.14889358992309,
        "values": [
          2723.2908398985783,
          2822.515471376821,
          2799.528451733373,
          2920.298998846497,
          2977.838570764947
        ]
      },
      "tg_throughput": {
        "mean": 11.515581219339177,
        "std": 0.023709783239817626,
        "values": [
          11.52859218961126,
          11.540165028612059,
          11.519305654899679,
          11.470738871123949,
          11.519104352448945
        ]
      },
      "tg_req_throughput": {
        "mean": 11.515581219339177,
        "std": 0.023709783239817626,
        "values": [
          11.52859218961126,
          11.540165028612059,
          11.519305654899679,
          11.470738871123949,
          11.519104352448945
        ]
      },
      "peak_throughput": {
        "mean": 12.0,
        "std": 0.0,
        "values": [
          12.0,
          12.0,
          12.0,
          12.0,
          12.0
        ]
      },
      "peak_req_throughput": {
        "mean": 12.0,
        "std": 0.0,
        "values": [
          12.0,
          12.0,
          12.0,
          12.0,
          12.0
        ]
      },
      "ttfr": {
        "mean": 1084.4116477994248,
        "std": 34.08059339476777,
        "values": [
          1132.8563440001744,
          1093.4383259991591,
          1102.4042300014116,
          1056.875926999055,
          1036.4834119973239
        ]
      },
      "est_ppt": {
        "mean": 1082.9071061336435,
        "std": 34.08059339476777,
        "values": [
          1131.3518023343931,
          1091.9337843333778,
          1100.8996883356303,
          1055.3713853332738,
          1034.9788703315426
        ]
      },
      "e2e_ttft": {
        "mean": 1084.4116477994248,
        "std": 34.08059339476777,
        "values": [
          1132.8563440001744,
          1093.4383259991591,
          1102.4042300014116,
          1056.875926999055,
          1036.4834119973239
        ]
      },
      "throughput_over_time": null,
      "requests_throughput_over_time": null
    }
  ]
}