{
  "version": "0.3.7",
  "timestamp": "2026-05-08 19:30:11Z",
  "latency_mode": "api",
  "latency_ms": 1.2519706663927839,
  "model": "qwen35-27b-axionml-nvfp4",
  "prefix_caching_enabled": false,
  "max_concurrency": 1,
  "benchmarks": [
    {
      "concurrency": 1,
      "context_size": 0,
      "prompt_size": 2048,
      "response_size": 32,
      "is_context_prefill_phase": false,
      "pp_throughput": {
        "mean": 3130.770654112745,
        "std": 4.433177331200381,
        "values": [
          3136.9682305184942,
          3128.4916993661163,
          3126.852032453625
        ]
      },
      "pp_req_throughput": {
        "mean": 3130.770654112745,
        "std": 4.433177331200381,
        "values": [
          3136.9682305184942,
          3128.4916993661163,
          3126.852032453625
        ]
      },
      "tg_throughput": {
        "mean": 12.032767850311187,
        "std": 0.026202571993864183,
        "values": [
          12.069162337898973,
          12.020607420541042,
          12.008533792493546
        ]
      },
      "tg_req_throughput": {
        "mean": 12.032767850311187,
        "std": 0.026202571993864183,
        "values": [
          12.069162337898973,
          12.020607420541042,
          12.008533792493546
        ]
      },
      "peak_throughput": {
        "mean": 13.0,
        "std": 0.0,
        "values": [
          13.0,
          13.0,
          13.0
        ]
      },
      "peak_req_throughput": {
        "mean": 13.0,
        "std": 0.0,
        "values": [
          13.0,
          13.0,
          13.0
        ]
      },
      "ttfr": {
        "mean": 658.5994260009708,
        "std": 0.9299690214509624,
        "values": [
          657.299418000548,
          659.0769540016481,
          659.4219060007163
        ]
      },
      "est_ppt": {
        "mean": 657.3474553345781,
        "std": 0.9299690214509623,
        "values": [
          656.0474473341552,
          657.8249833352553,
          658.1699353343234
        ]
      },
      "e2e_ttft": {
        "mean": 658.5994260009708,
        "std": 0.9299690214509624,
        "values": [
          657.299418000548,
          659.0769540016481,
          659.4219060007163
        ]
      },
      "throughput_over_time": null,
      "requests_throughput_over_time": null
    }
  ]
}