{
  "version": "0.3.7",
  "timestamp": "2026-05-08 19:38:35Z",
  "latency_mode": "api",
  "latency_ms": 1.292233333515469,
  "model": "qwen35-27b-axionml-nvfp4",
  "prefix_caching_enabled": false,
  "max_concurrency": 1,
  "benchmarks": [
    {
      "concurrency": 1,
      "context_size": 0,
      "prompt_size": 2048,
      "response_size": 32,
      "is_context_prefill_phase": false,
      "pp_throughput": {
        "mean": 3106.1450446208232,
        "std": 6.11446515780173,
        "values": [
          3100.4926214799007,
          3114.638496324359,
          3103.3040160582104
        ]
      },
      "pp_req_throughput": {
        "mean": 3106.1450446208232,
        "std": 6.11446515780173,
        "values": [
          3100.4926214799007,
          3114.638496324359,
          3103.3040160582104
        ]
      },
      "tg_throughput": {
        "mean": 11.547068309301997,
        "std": 0.00658882698271926,
        "values": [
          11.555422593479577,
          11.539317175967765,
          11.546465158458648
        ]
      },
      "tg_req_throughput": {
        "mean": 11.547068309301997,
        "std": 0.00658882698271926,
        "values": [
          11.555422593479577,
          11.539317175967765,
          11.546465158458648
        ]
      },
      "peak_throughput": {
        "mean": 12.0,
        "std": 0.0,
        "values": [
          12.0,
          12.0,
          12.0
        ]
      },
      "peak_req_throughput": {
        "mean": 12.0,
        "std": 0.0,
        "values": [
          12.0,
          12.0,
          12.0
        ]
      },
      "ttfr": {
        "mean": 663.9594173332929,
        "std": 1.1544374231549588,
        "values": [
          665.0577219988918,
          662.3641370006226,
          664.4563930003642
        ]
      },
      "est_ppt": {
        "mean": 662.6671839997774,
        "std": 1.1544374231549588,
        "values": [
          663.7654886653763,
          661.0719036671071,
          663.1641596668487
        ]
      },
      "e2e_ttft": {
        "mean": 663.9594173332929,
        "std": 1.1544374231549588,
        "values": [
          665.0577219988918,
          662.3641370006226,
          664.4563930003642
        ]
      },
      "throughput_over_time": null,
      "requests_throughput_over_time": null
    }
  ]
}