{
  "version": "0.3.7",
  "timestamp": "2026-05-08 23:02:54Z",
  "latency_mode": "api",
  "latency_ms": 1.8638663350429852,
  "model": "qwen35-27b-axionml-nvfp4",
  "prefix_caching_enabled": false,
  "max_concurrency": 1,
  "benchmarks": [
    {
      "concurrency": 1,
      "context_size": 0,
      "prompt_size": 2048,
      "response_size": 32,
      "is_context_prefill_phase": false,
      "pp_throughput": {
        "mean": 3143.4896754016713,
        "std": 34.6181200797825,
        "values": [
          3206.8496656056445,
          3105.089628062543,
          3121.2644988185552,
          3143.753434121252,
          3140.4911504003626
        ]
      },
      "pp_req_throughput": {
        "mean": 3143.4896754016713,
        "std": 34.6181200797825,
        "values": [
          3206.8496656056445,
          3105.089628062543,
          3121.2644988185552,
          3143.753434121252,
          3140.4911504003626
        ]
      },
      "tg_throughput": {
        "mean": 11.525768318087184,
        "std": 0.011486117900215139,
        "values": [
          11.542909446807084,
          11.518049903490684,
          11.513456730276202,
          11.518537666620368,
          11.535887843241582
        ]
      },
      "tg_req_throughput": {
        "mean": 11.525768318087184,
        "std": 0.011486117900215139,
        "values": [
          11.542909446807084,
          11.518049903490684,
          11.513456730276202,
          11.518537666620368,
          11.535887843241582
        ]
      },
      "peak_throughput": {
        "mean": 12.0,
        "std": 0.0,
        "values": [
          12.0,
          12.0,
          12.0,
          12.0,
          12.0
        ]
      },
      "peak_req_throughput": {
        "mean": 12.0,
        "std": 0.0,
        "values": [
          12.0,
          12.0,
          12.0,
          12.0,
          12.0
        ]
      },
      "ttfr": {
        "mean": 656.691288798902,
        "std": 7.02743855160256,
        "values": [
          643.9270169976226,
          664.6466669990332,
          661.2120249992586,
          656.4953579982102,
          657.1753770003852
        ]
      },
      "est_ppt": {
        "mean": 654.827422463859,
        "std": 7.02743855160256,
        "values": [
          642.0631506625796,
          662.7828006639902,
          659.3481586642156,
          654.6314916631673,
          655.3115106653422
        ]
      },
      "e2e_ttft": {
        "mean": 656.691288798902,
        "std": 7.02743855160256,
        "values": [
          643.9270169976226,
          664.6466669990332,
          661.2120249992586,
          656.4953579982102,
          657.1753770003852
        ]
      },
      "throughput_over_time": null,
      "requests_throughput_over_time": null
    }
  ]
}