{
  "version": "0.3.7",
  "timestamp": "2026-05-10 02:29:12Z",
  "latency_mode": "api",
  "latency_ms": 1.5738533353821065,
  "model": "qwen35-27b-axionml-nvfp4",
  "prefix_caching_enabled": false,
  "max_concurrency": 1,
  "benchmarks": [
    {
      "concurrency": 1,
      "context_size": 0,
      "prompt_size": 2048,
      "response_size": 32,
      "is_context_prefill_phase": false,
      "pp_throughput": {
        "mean": 2854.3225155313316,
        "std": 28.019769554351765,
        "values": [
          2829.3445958879097,
          2840.1705505092323,
          2893.4524001968525
        ]
      },
      "pp_req_throughput": {
        "mean": 2854.3225155313316,
        "std": 28.019769554351765,
        "values": [
          2829.3445958879097,
          2840.1705505092323,
          2893.4524001968525
        ]
      },
      "tg_throughput": {
        "mean": 11.579901099972995,
        "std": 0.040454774935629705,
        "values": [
          11.567266812703256,
          11.634541781470151,
          11.537894705745575
        ]
      },
      "tg_req_throughput": {
        "mean": 11.579901099972995,
        "std": 0.040454774935629705,
        "values": [
          11.567266812703256,
          11.634541781470151,
          11.537894705745575
        ]
      },
      "peak_throughput": {
        "mean": 12.0,
        "std": 0.0,
        "values": [
          12.0,
          12.0,
          12.0
        ]
      },
      "peak_req_throughput": {
        "mean": 12.0,
        "std": 0.0,
        "values": [
          12.0,
          12.0,
          12.0
        ]
      },
      "ttfr": {
        "mean": 722.7724529996825,
        "std": 7.141853207087148,
        "values": [
          729.3042270030128,
          726.1782259956817,
          712.8349060003529
        ]
      },
      "est_ppt": {
        "mean": 721.1985996643003,
        "std": 7.141853207087148,
        "values": [
          727.7303736676307,
          724.6043726602996,
          711.2610526649709
        ]
      },
      "e2e_ttft": {
        "mean": 722.7724529996825,
        "std": 7.141853207087148,
        "values": [
          729.3042270030128,
          726.1782259956817,
          712.8349060003529
        ]
      },
      "throughput_over_time": null,
      "requests_throughput_over_time": null
    }
  ]
}