{
  "version": "0.3.7",
  "timestamp": "2026-05-09 04:46:11Z",
  "latency_mode": "generation",
  "latency_ms": 113.8825136658852,
  "model": "qwen35-27b-axionml-nvfp4",
  "prefix_caching_enabled": false,
  "max_concurrency": 1,
  "benchmarks": [
    {
      "concurrency": 1,
      "context_size": 0,
      "prompt_size": 2048,
      "response_size": 32,
      "is_context_prefill_phase": false,
      "pp_throughput": {
        "mean": 4047.520674707703,
        "std": 22.055347776416454,
        "values": [
          4070.977920673205,
          4060.8417302852463,
          4066.21700168093,
          4064.4348590025643,
          4064.940772133684,
          4052.0534115268374,
          4069.194436370365,
          4046.417995755985,
          4024.5067167267534,
          4092.352168408667,
          4071.750622004858,
          4042.3924689448736,
          4040.466696660616,
          4064.541471573909,
          4058.373057281689,
          4039.2177953169544,
          4063.949974470802,
          4032.856008379549,
          4044.2827713376555,
          4065.9139468737085,
          4038.2507559226237,
          4059.5594390326264,
          4027.067928570104,
          4039.2291636956807,
          4060.948870720448,
          4027.0185524043195,
          4024.522338963603,
          4012.20604055961,
          3986.107348043313,
          4015.027977909908
        ]
      },
      "pp_req_throughput": {
        "mean": 4047.520674707703,
        "std": 22.055347776416454,
        "values": [
          4070.977920673205,
          4060.8417302852463,
          4066.21700168093,
          4064.4348590025643,
          4064.940772133684,
          4052.0534115268374,
          4069.194436370365,
          4046.417995755985,
          4024.5067167267534,
          4092.352168408667,
          4071.750622004858,
          4042.3924689448736,
          4040.466696660616,
          4064.541471573909,
          4058.373057281689,
          4039.2177953169544,
          4063.949974470802,
          4032.856008379549,
          4044.2827713376555,
          4065.9139468737085,
          4038.2507559226237,
          4059.5594390326264,
          4027.067928570104,
          4039.2291636956807,
          4060.948870720448,
          4027.0185524043195,
          4024.522338963603,
          4012.20604055961,
          3986.107348043313,
          4015.027977909908
        ]
      },
      "tg_throughput": {
        "mean": 11.538487667380187,
        "std": 0.0241349641002187,
        "values": [
          11.589689276460645,
          11.605845287852734,
          11.553266655492422,
          11.552294311567664,
          11.519135389101274,
          11.557745448906832,
          11.546381381961812,
          11.517116519183043,
          11.544568563653767,
          11.54071486731764,
          11.539344339825071,
          11.540592627749799,
          11.541113650580323,
          11.525841148528627,
          11.512125159744956,
          11.567530485684559,
          11.543592645341798,
          11.541710345207425,
          11.50551417820161,
          11.554780282999642,
          11.549389001474482,
          11.546071978534039,
          11.50258481374772,
          11.559877720751343,
          11.524749561585812,
          11.51485470337797,
          11.523201021627148,
          11.52595613773523,
          11.51267373208544,
          11.496368785124778
        ]
      },
      "tg_req_throughput": {
        "mean": 11.538487667380187,
        "std": 0.0241349641002187,
        "values": [
          11.589689276460645,
          11.605845287852734,
          11.553266655492422,
          11.552294311567664,
          11.519135389101274,
          11.557745448906832,
          11.546381381961812,
          11.517116519183043,
          11.544568563653767,
          11.54071486731764,
          11.539344339825071,
          11.540592627749799,
          11.541113650580323,
          11.525841148528627,
          11.512125159744956,
          11.567530485684559,
          11.543592645341798,
          11.541710345207425,
          11.50551417820161,
          11.554780282999642,
          11.549389001474482,
          11.546071978534039,
          11.50258481374772,
          11.559877720751343,
          11.524749561585812,
          11.51485470337797,
          11.523201021627148,
          11.52595613773523,
          11.51267373208544,
          11.496368785124778
        ]
      },
      "peak_throughput": {
        "mean": 12.0,
        "std": 0.0,
        "values": [
          12.0,
          12.0,
          12.0,
          12.0,
          12.0,
          12.0,
          12.0,
          12.0,
          12.0,
          12.0,
          12.0,
          12.0,
          12.0,
          12.0,
          12.0,
          12.0,
          12.0,
          12.0,
          12.0,
          12.0,
          12.0,
          12.0,
          12.0,
          12.0,
          12.0,
          12.0,
          12.0,
          12.0,
          12.0,
          12.0
        ]
      },
      "peak_req_throughput": {
        "mean": 12.0,
        "std": 0.0,
        "values": [
          12.0,
          12.0,
          12.0,
          12.0,
          12.0,
          12.0,
          12.0,
          12.0,
          12.0,
          12.0,
          12.0,
          12.0,
          12.0,
          12.0,
          12.0,
          12.0,
          12.0,
          12.0,
          12.0,
          12.0,
          12.0,
          12.0,
          12.0,
          12.0,
          12.0,
          12.0,
          12.0,
          12.0,
          12.0,
          12.0
        ]
      },
      "ttfr": {
        "mean": 622.4145182672752,
        "std": 2.74492875234757,
        "values": [
          619.4121530061238,
          620.6739959961851,
          620.0040509938844,
          620.4720080058905,
          620.1629530041828,
          622.0199419985875,
          620.1252190003288,
          622.4804890007363,
          625.2495320004527,
          616.7717849966721,
          619.3162179988576,
          622.9869650051114,
          623.229615004675,
          620.2126899952418,
          621.2286770023638,
          623.3871020012884,
          620.2863850048743,
          624.190840004303,
          622.7490090022911,
          620.0417750005727,
          623.509113000182,
          620.8340759985731,
          624.924303003354,
          623.3856680046301,
          621.1531209992245,
          624.9305689998437,
          625.2475469955243,
          626.8172880008933,
          630.1756839966401,
          626.4567749967682
        ]
      },
      "est_ppt": {
        "mean": 508.53200460139004,
        "std": 2.74492875234757,
        "values": [
          505.52963934023865,
          506.7914823302999,
          506.12153732799925,
          506.58949434000533,
          506.2804393382976,
          508.13742833270226,
          506.2427053344436,
          508.59797533485107,
          511.36701833456755,
          502.88927133078687,
          505.4337043329724,
          509.1044513392262,
          509.3471013387898,
          506.3301763293566,
          507.34616333647864,
          509.50458833540324,
          506.4038713389891,
          510.3083263384178,
          508.86649533640593,
          506.15926133468747,
          509.62659933429677,
          506.9515623326879,
          511.0417893374688,
          509.50315433874493,
          507.2706073333393,
          511.0480553339585,
          511.3650333296391,
          512.9347743350081,
          516.293170330755,
          512.574261330883
        ]
      },
      "e2e_ttft": {
        "mean": 622.4145182672752,
        "std": 2.74492875234757,