{
  "version": "0.3.7",
  "timestamp": "2026-05-10 06:52:57Z",
  "latency_mode": "api",
  "latency_ms": 1.7681693328389276,
  "model": "qwen35-27b-axionml-nvfp4",
  "prefix_caching_enabled": false,
  "max_concurrency": 1,
  "benchmarks": [
    {
      "concurrency": 1,
      "context_size": 0,
      "prompt_size": 2048,
      "response_size": 32,
      "is_context_prefill_phase": false,
      "pp_throughput": {
        "mean": 3108.018021670389,
        "std": 180.76372496548066,
        "values": [
          2540.8912127697904,
          2630.15203671852,
          2678.4449398504134,
          2878.40999651611,
          2989.583629693962,
          3117.128740341806,
          3133.5663581440517,
          3161.056134121236,
          3119.580805786479,
          3159.244696252037,
          3125.0082527520394,
          3176.3828708558194,
          3132.926158228672,
          3154.388817086168,
          3207.024690931994,
          3176.869286142363,
          3148.995754724263,
          3205.925660863277,
          3194.1185919417235,
          3147.5500642319803,
          3217.2341465300265,
          3267.8240901550103,
          3190.8563680465804,
          3174.2754121421144,
          3197.3916459812867,
          3197.302788159117,
          3267.0429643081793,
          3194.276622836652,
          3271.633683442767,
          3185.4542305572404
        ]
      },
      "pp_req_throughput": {
        "mean": 3108.018021670389,
        "std": 180.76372496548066,
        "values": [
          2540.8912127697904,
          2630.15203671852,
          2678.4449398504134,
          2878.40999651611,
          2989.583629693962,
          3117.128740341806,
          3133.5663581440517,
          3161.056134121236,
          3119.580805786479,
          3159.244696252037,
          3125.0082527520394,
          3176.3828708558194,
          3132.926158228672,
          3154.388817086168,
          3207.024690931994,
          3176.869286142363,
          3148.995754724263,
          3205.925660863277,
          3194.1185919417235,
          3147.5500642319803,
          3217.2341465300265,
          3267.8240901550103,
          3190.8563680465804,
          3174.2754121421144,
          3197.3916459812867,
          3197.302788159117,
          3267.0429643081793,
          3194.276622836652,
          3271.633683442767,
          3185.4542305572404
        ]
      },
      "tg_throughput": {
        "mean": 11.530916172748041,
        "std": 0.032108633186774205,
        "values": [
          11.615632020325348,
          11.635856571253765,
          11.562400987590394,
          11.54026212721424,
          11.567975728719023,
          11.550918992452464,
          11.52833638087593,
          11.562501147491261,
          11.506646790761478,
          11.51989141493059,
          11.489678665059222,
          11.512363934944402,
          11.536451364795917,
          11.532977932225565,
          11.49721475136367,
          11.50276304584552,
          11.53364987141704,
          11.530201172155657,
          11.515918586324911,
          11.517544859661884,
          11.510364729603449,
          11.516849774060221,
          11.49964099469252,
          11.542588732792101,
          11.522616462614387,
          11.526518003611088,
          11.49984715056529,
          11.511737897306286,
          11.531643005296898,
          11.5064920864907
        ]
      },
      "tg_req_throughput": {
        "mean": 11.530916172748041,
        "std": 0.032108633186774205,
        "values": [
          11.615632020325348,
          11.635856571253765,
          11.562400987590394,
          11.54026212721424,
          11.567975728719023,
          11.550918992452464,
          11.52833638087593,
          11.562501147491261,
          11.506646790761478,
          11.51989141493059,
          11.489678665059222,
          11.512363934944402,
          11.536451364795917,
          11.532977932225565,
          11.49721475136367,
          11.50276304584552,
          11.53364987141704,
          11.530201172155657,
          11.515918586324911,
          11.517544859661884,
          11.510364729603449,
          11.516849774060221,
          11.49964099469252,
          11.542588732792101,
          11.522616462614387,
          11.526518003611088,
          11.49984715056529,
          11.511737897306286,
          11.531643005296898,
          11.5064920864907
        ]
      },
      "peak_throughput": {
        "mean": 12.0,
        "std": 0.0,
        "values": [
          12.0,
          12.0,
          12.0,
          12.0,
          12.0,
          12.0,
          12.0,
          12.0,
          12.0,
          12.0,
          12.0,
          12.0,
          12.0,
          12.0,
          12.0,
          12.0,
          12.0,
          12.0,
          12.0,
          12.0,
          12.0,
          12.0,
          12.0,
          12.0,
          12.0,
          12.0,
          12.0,
          12.0,
          12.0,
          12.0
        ]
      },
      "peak_req_throughput": {
        "mean": 12.0,
        "std": 0.0,
        "values": [
          12.0,
          12.0,
          12.0,
          12.0,
          12.0,
          12.0,
          12.0,
          12.0,
          12.0,
          12.0,
          12.0,
          12.0,
          12.0,
          12.0,
          12.0,
          12.0,
          12.0,
          12.0,
          12.0,
          12.0,
          12.0,
          12.0,
          12.0,
          12.0,
          12.0,
          12.0,
          12.0,
          12.0,
          12.0,
          12.0
        ]
      },
      "ttfr": {
        "mean": 666.5114860326867,
        "std": 44.15224897161023,
        "values": [
          811.7202009889297,
          784.6126479998929,
          770.1244530035183,
          716.7462310026167,
          690.1583449944155,
          661.9911409943597,
          658.5278370039305,
          652.8163990005851,
          661.1516339908121,
          653.1896950036753,
          660.0064310041489,
          649.6749499929138,
          658.6620430025505,
          654.192495989264,
          643.7962790078018,
          649.5757480006432,
          655.3098570002476,
          644.0163740044227,
          646.0773709986825,
          655.6100330053596,
          641.4480640087277,
          631.5450310066808,
          646.73609098827,
          650.1051069935784,
          645.417815001565,
          645.4357029870152,
          631.6956060036318,
          646.0454949992709,
          630.8116989966948,
          648.1438040063949
        ]
      },
      "est_ppt": {
        "mean": 664.743316699848,
        "std": 44.15224897161023,
        "values": [
          809.9520316560908,
          782.844478667054,
          768.3562836706793,
          714.9780616697777,
          688.3901756615766,
          660.2229716615208,
          656.7596676710915,
          651.0482296677461,
          659.3834646579731,
          651.4215256708363,
          658.2382616713099,
          647.9067806600748,
          656.8938736697115,
          652.424326656425,
          642.0281096749628,
          647.8075786678043,
          653.5416876674086,
          642.2482046715837,
          644.3092016658435,
          653.8418636725206,
          639.6798946758887,
          629.7768616738418,
          644.967921655431,
          648.3369376607394,
          643.6496456687261,
          643.6675336541763,
          629.9274366707929,
          644.2773256664319,
          629.0435296638558,
          646.375634673556
        ]
      },
      "e2e_ttft": {
        "mean": 666.5114860326867,
        "std": 44.15224897161023,