{
  "version": "0.3.7",
  "timestamp": "2026-05-08 20:44:28Z",
  "latency_mode": "api",
  "latency_ms": 1.1908873329957714,
  "model": "qwen35-27b-axionml-nvfp4",
  "prefix_caching_enabled": false,
  "max_concurrency": 1,
  "benchmarks": [
    {
      "concurrency": 1,
      "context_size": 0,
      "prompt_size": 2048,
      "response_size": 32,
      "is_context_prefill_phase": false,
      "pp_throughput": {
        "mean": 3207.131034974449,
        "std": 156.75228977244072,
        "values": [
          2972.849560109425,
          3315.316683174404,
          3301.95078513748,
          3301.592983800368,
          3321.042899812354,
          3307.279091574994,
          2966.542513337917,
          2945.3267345929544,
          3298.8293486941384,
          3296.6613680284263,
          3312.845115868966,
          2946.2207613486635,
          2960.5613963576693,
          3302.4067876436347,
          3305.061324503007,
          3312.382126524454,
          3299.1576157275713,
          3295.6605612953335,
          3303.677961404503,
          2949.973956063602,
          3307.4807760058166,
          2951.0459007317327,
          3305.366577115641,
          3298.8421346279874,
          3300.2009108801694
        ]
      },
      "pp_req_throughput": {
        "mean": 3207.131034974449,
        "std": 156.75228977244072,
        "values": [
          2972.849560109425,
          3315.316683174404,
          3301.95078513748,
          3301.592983800368,
          3321.042899812354,
          3307.279091574994,
          2966.542513337917,
          2945.3267345929544,
          3298.8293486941384,
          3296.6613680284263,
          3312.845115868966,
          2946.2207613486635,
          2960.5613963576693,
          3302.4067876436347,
          3305.061324503007,
          3312.382126524454,
          3299.1576157275713,
          3295.6605612953335,
          3303.677961404503,
          2949.973956063602,
          3307.4807760058166,
          2951.0459007317327,
          3305.366577115641,
          3298.8421346279874,
          3300.2009108801694
        ]
      },
      "tg_throughput": {
        "mean": 11.349521635246655,
        "std": 0.431127240630672,
        "values": [
          11.589451386029118,
          11.546079654708512,
          11.49795875050612,
          11.53399479004646,
          11.521411155049933,
          9.60004275016525,
          10.603545672622529,
          11.494645123536092,
          11.54130074426239,
          11.520411387916361,
          11.067980925880113,
          11.51714069039966,
          11.511126571768433,
          11.504369458605483,
          11.519034425365154,
          11.518317718520738,
          11.50175796040686,
          10.877689189686958,
          11.51233220373795,
          11.47432046431578,
          11.48976538103689,
          11.484825467067353,
          11.48432606822669,
          11.4766913060589
        ]
      },
      "tg_req_throughput": {
        "mean": 11.349521635246655,
        "std": 0.431127240630672,
        "values": [
          11.589451386029118,
          11.546079654708512,
          11.49795875050612,
          11.53399479004646,
          11.521411155049933,
          9.60004275016525,
          10.603545672622529,
          11.494645123536092,
          11.54130074426239,
          11.520411387916361,
          11.067980925880113,
          11.51714069039966,
          11.511126571768433,
          11.504369458605483,
          11.519034425365154,
          11.518317718520738,
          11.50175796040686,
          10.877689189686958,
          11.51233220373795,
          11.47432046431578,
          11.48976538103689,
          11.484825467067353,
          11.48432606822669,
          11.4766913060589
        ]
      },
      "peak_throughput": {
        "mean": 11.634955078745488,
        "std": 2.201635483273705,
        "values": [
          12.0,
          12.0,
          12.0,
          12.0,
          12.0,
          13.873876968637171,
          12.0,
          12.0,
          12.0,
          12.0,
          1.0,
          12.0,
          12.0,
          12.0,
          12.0,
          12.0,
          12.0,
          12.0,
          12.0,
          12.0,
          12.0,
          12.0,
          12.0,
          12.0,
          12.0
        ]
      },
      "peak_req_throughput": {
        "mean": 11.634955078745488,
        "std": 2.201635483273705,
        "values": [
          12.0,
          12.0,
          12.0,
          12.0,
          12.0,
          13.873876968637171,
          12.0,
          12.0,
          12.0,
          12.0,
          1.0,
          12.0,
          12.0,
          12.0,
          12.0,
          12.0,
          12.0,
          12.0,
          12.0,
          12.0,
          12.0,
          12.0,
          12.0,
          12.0,
          12.0
        ]
      },
      "ttfr": {
        "mean": 647.8309913666939,
        "std": 34.458065955421965,
        "values": [
          619.1572930001712,
          693.0147710008896,
          693.4559880010056,
          621.9460659995093,
          624.4588080007816,
          624.5263529999647,
          620.8757460008201,
          623.7570340017555,
          694.9277849998907,
          694.403264000357,
          699.5853900007205,
          625.0485599994136,
          625.4588270003296,
          622.4091839994799,
          699.7128809998685,
          696.3293170010729,
          624.3727460005175,
          623.8722229991254,
          622.4960149993422,
          624.9864860001253,
          625.6484010009444,
          624.132960998395,
          695.5953469987435,
          698.824164999678,
          623.7190709998686,
          619.6552960009285,
          698.9096180004708,
          623.8147179992666,
          625.0461419986095,
          624.7892849987693
        ]
      },
      "est_ppt": {
        "mean": 643.3332634669932,
        "std": 33.008686397193536,
        "values": [
          692.2651006680098,
          620.7551786665135,
          623.2679206677858,
          623.335465666969,
          619.6848586678243,
          622.5661466687598,
          693.736897666895,
          698.3945026677247,
          623.8576726664178,
          624.2679396673338,
          621.2182966664841,
          698.5219936668727,
          695.1384296680772,
          623.1818586675217,
          622.6813356661296,
          621.3051276663464,
          623.7955986671295,
          624.4575136679487,
          622.9420736653992,
          697.6332776666823,
          622.5281836668728,
          697.718730667475,
          622.6238306662708,
          623.8552546656138,
          623.5983976657735
        ]
      },
      "e2e_ttft": {
        "mean": 644.524150799989,
        "std": 33.008686397193536,
        "values": [
          693.4559880010056,
          621.9460659995093,
          624.4588080007816,
          624.5263529999647,
          620.8757460008201,
          623.7570340017555,
          694.9277849998907,
          699.5853900007205,
          625.0485599994136,
          625.4588270003296,
          622.4091839994799,
          699.7128809998685,
          696.3293170010729,
          624.3727460005175,
          623.8722229991254,
          622.4960149993422,
          624.9864860001253,
          625.6484010009444,
          624.132960998395,
          698.824164999678,
          623.7190709998686,
          698.9096180004708,
          623.8147179992666,
          625.0461419986095,
          624.7892849987693
        ]
      },
      "throughput_over_time": null,
      "requests_throughput_over_time": null
    }
  ]
}