{
  "version": "0.3.7",
  "timestamp": "2026-05-09 20:05:06Z",
  "latency_mode": "api",
  "latency_ms": 1.6237253342599918,
  "model": "qwen35-27b-axionml-nvfp4",
  "prefix_caching_enabled": false,
  "max_concurrency": 1,
  "benchmarks": [
    {
      "concurrency": 1,
      "context_size": 0,
      "prompt_size": 2048,
      "response_size": 32,
      "is_context_prefill_phase": false,
      "pp_throughput": {
        "mean": 3321.042876179647,
        "std": 9.453341361650823,
        "values": [
          3307.7139069029677,
          3328.6031441990845,
          3326.811577436889
        ]
      },
      "pp_req_throughput": {
        "mean": 3321.042876179647,
        "std": 9.453341361650823,
        "values": [
          3307.7139069029677,
          3328.6031441990845,
          3326.811577436889
        ]
      },
      "tg_throughput": {
        "mean": 11.547594462269904,
        "std": 0.02037175396515737,
        "values": [
          11.575840050938208,
          11.528557140490408,
          11.53838619538109
        ]
      },
      "tg_req_throughput": {
        "mean": 11.547594462269904,
        "std": 0.02037175396515737,
        "values": [
          11.575840050938208,
          11.528557140490408,
          11.53838619538109
        ]
      },
      "peak_throughput": {
        "mean": 12.0,
        "std": 0.0,
        "values": [
          12.0,
          12.0,
          12.0
        ]
      },
      "peak_req_throughput": {
        "mean": 12.0,
        "std": 0.0,
        "values": [
          12.0,
          12.0,
          12.0
        ]
      },
      "ttfr": {
        "mean": 621.3136193352208,
        "std": 1.7674083225815573,
        "values": [
          623.8057090013172,
          619.9010960044689,
          620.2340529998764
        ]
      },
      "est_ppt": {
        "mean": 619.6898940009609,
        "std": 1.7674083225815571,
        "values": [
          622.1819836670571,
          618.2773706702088,
          618.6103276656164
        ]
      },
      "e2e_ttft": {
        "mean": 621.3136193352208,
        "std": 1.7674083225815573,
        "values": [
          623.8057090013172,
          619.9010960044689,
          620.2340529998764
        ]
      },
      "throughput_over_time": null,
      "requests_throughput_over_time": null
    }
  ]
}