{
  "version": "0.3.7",
  "timestamp": "2026-05-10 04:22:48Z",
  "latency_mode": "api",
  "latency_ms": 1.9378003295666228,
  "model": "qwen35-27b-axionml-nvfp4",
  "prefix_caching_enabled": false,
  "max_concurrency": 1,
  "benchmarks": [
    {
      "concurrency": 1,
      "context_size": 0,
      "prompt_size": 2048,
      "response_size": 32,
      "is_context_prefill_phase": false,
      "pp_throughput": {
        "mean": 2787.798582475396,
        "std": 34.642958854848494,
        "values": [
          2739.240647279453,
          2817.7164413170453,
          2806.4386588296898
        ]
      },
      "pp_req_throughput": {
        "mean": 2787.798582475396,
        "std": 34.642958854848494,
        "values": [
          2739.240647279453,
          2817.7164413170453,
          2806.4386588296898
        ]
      },
      "tg_throughput": {
        "mean": 11.609134009520375,
        "std": 0.024890352276895546,
        "values": [
          11.63292165177,
          11.619710291017823,
          11.574770085773304
        ]
      },
      "tg_req_throughput": {
        "mean": 11.609134009520375,
        "std": 0.024890352276895546,
        "values": [
          11.63292165177,
          11.619710291017823,
          11.574770085773304
        ]
      },
      "peak_throughput": {
        "mean": 12.0,
        "std": 0.0,
        "values": [
          12.0,
          12.0,
          12.0
        ]
      },
      "peak_req_throughput": {
        "mean": 12.0,
        "std": 0.0,
        "values": [
          12.0,
          12.0,
          12.0
        ]
      },
      "ttfr": {
        "mean": 740.2696363327171,
        "std": 9.250008130842758,
        "values": [
          753.24090399954,
          732.3164749977877,
          735.2515300008235
        ]
      },
      "est_ppt": {
        "mean": 738.3318360031504,
        "std": 9.250008130842758,
        "values": [
          751.3031036699734,
          730.3786746682212,
          733.313729671257
        ]
      },
      "e2e_ttft": {
        "mean": 740.2696363327171,
        "std": 9.250008130842758,
        "values": [
          753.24090399954,
          732.3164749977877,
          735.2515300008235
        ]
      },
      "throughput_over_time": null,
      "requests_throughput_over_time": null
    }
  ]
}