{
  "version": "0.3.7",
  "timestamp": "2026-05-10 05:08:46Z",
  "latency_mode": "api",
  "latency_ms": 1.1793346736036863,
  "model": "qwen35-27b-axionml-nvfp4",
  "prefix_caching_enabled": false,
  "max_concurrency": 1,
  "benchmarks": [
    {
      "concurrency": 1,
      "context_size": 0,
      "prompt_size": 2048,
      "response_size": 32,
      "is_context_prefill_phase": false,
      "pp_throughput": {
        "mean": 3108.6133118011303,
        "std": 132.61288748938892,
        "values": [
          2678.8000905098934,
          2798.4522186526187,
          2871.089791348891,
          3088.0673812721784,
          2963.739091474551,
          2986.778076259723,
          3012.267960393,
          3059.1520433570313,
          3047.5418693612723,
          3143.2451341500655,
          3126.009633673218,
          3165.497812151438,
          3181.7661296866318,
          3214.534547908832,
          3193.0922642795476,
          3132.0160358678545,
          3135.8880717537645,
          3179.1300900362376,
          3149.3418100789117,
          3130.8278660742503,
          3210.1419655643735,
          3168.3943673203994,
          3169.0779381413554,
          3157.3717752520324,
          3248.4662356330086,
          3183.0827328403925,
          3218.844494124899,
          3164.844270985443,
          3183.243282054036,
          3297.694373828034
        ]
      },
      "pp_req_throughput": {
        "mean": 3108.6133118011303,
        "std": 132.61288748938892,
        "values": [
          2678.8000905098934,
          2798.4522186526187,
          2871.089791348891,
          3088.0673812721784,
          2963.739091474551,
          2986.778076259723,
          3012.267960393,
          3059.1520433570313,
          3047.5418693612723,
          3143.2451341500655,
          3126.009633673218,
          3165.497812151438,
          3181.7661296866318,
          3214.534547908832,
          3193.0922642795476,
          3132.0160358678545,
          3135.8880717537645,
          3179.1300900362376,
          3149.3418100789117,
          3130.8278660742503,
          3210.1419655643735,
          3168.3943673203994,
          3169.0779381413554,
          3157.3717752520324,
          3248.4662356330086,
          3183.0827328403925,
          3218.844494124899,
          3164.844270985443,
          3183.243282054036,
          3297.694373828034
        ]
      },
      "tg_throughput": {
        "mean": 11.513117249690014,
        "std": 0.025107072284333568,
        "values": [
          11.583441373579467,
          11.552703767534716,
          11.54582828109942,
          11.539778875793067,
          11.561759164540733,
          11.529532349110333,
          11.503768644260791,
          11.520845997704802,
          11.510521974228189,
          11.51843899449914,
          11.521896907517785,
          11.518603461850386,
          11.494915951655871,
          11.482314297967438,
          11.484528084320544,
          11.501311203094856,
          11.501018555598273,
          11.512539332186002,
          11.511497489452669,
          11.520509926832975,
          11.488389381939724,
          11.530687893454974,
          11.487023395919557,
          11.504169352364704,
          11.511867105913936,
          11.500761421837494,
          11.503972130493093,
          11.50384785466502,
          11.466059932380167,
          11.480984388904218
        ]
      },
      "tg_req_throughput": {
        "mean": 11.513117249690014,
        "std": 0.025107072284333568,
        "values": [
          11.583441373579467,
          11.552703767534716,
          11.54582828109942,
          11.539778875793067,
          11.561759164540733,
          11.529532349110333,
          11.503768644260791,
          11.520845997704802,
          11.510521974228189,
          11.51843899449914,
          11.521896907517785,
          11.518603461850386,
          11.494915951655871,
          11.482314297967438,
          11.484528084320544,
          11.501311203094856,
          11.501018555598273,
          11.512539332186002,
          11.511497489452669,
          11.520509926832975,
          11.488389381939724,
          11.530687893454974,
          11.487023395919557,
          11.504169352364704,
          11.511867105913936,
          11.500761421837494,
          11.503972130493093,
          11.50384785466502,
          11.466059932380167,
          11.480984388904218
        ]
      },
      "peak_throughput": {
        "mean": 12.0,
        "std": 0.0,
        "values": [
          12.0,
          12.0,
          12.0,
          12.0,
          12.0,
          12.0,
          12.0,
          12.0,
          12.0,
          12.0,
          12.0,
          12.0,
          12.0,
          12.0,
          12.0,
          12.0,
          12.0,
          12.0,
          12.0,
          12.0,
          12.0,
          12.0,
          12.0,
          12.0,
          12.0,
          12.0,
          12.0,
          12.0,
          12.0,
          12.0
        ]
      },
      "peak_req_throughput": {
        "mean": 12.0,
        "std": 0.0,
        "values": [
          12.0,
          12.0,
          12.0,
          12.0,
          12.0,
          12.0,
          12.0,
          12.0,
          12.0,
          12.0,
          12.0,
          12.0,
          12.0,
          12.0,
          12.0,
          12.0,
          12.0,
          12.0,
          12.0,
          12.0,
          12.0,
          12.0,
          12.0,
          12.0,
          12.0,
          12.0,
          12.0,
          12.0,
          12.0,
          12.0
        ]
      },
      "ttfr": {
        "mean": 664.521545334234,
        "std": 30.52832659119652,
        "values": [
          769.4337510038167,
          736.5858519915491,
          717.9803229955724,
          667.6155699969968,
          695.5724430008559,
          690.2161320031155,
          684.3854860053398,
          673.9147760090418,
          676.4776860072743,
          655.9166880033445,
          659.5266340009402,
          651.3140440074494,
          647.9899160040077,
          641.3964389939792,
          645.6956309993984,
          658.2640929991612,
          657.4527579941787,
          648.526232005679,
          654.6492100023897,
          658.5134609922534,
          642.2724769945489,
          650.7196890015621,
          650.5795830016723,
          652.9872770042857,
          634.7090840135934,
          647.4082180066034,
          640.8498759992654,
          651.4482969942037,
          647.689769990393,
          625.5549640045501
        ]
      },
      "est_ppt": {
        "mean": 663.3422106606301,
        "std": 30.528326591196524,
        "values": [
          768.2544163302131,
          735.4065173179455,
          716.8009883219687,
          666.4362353233931,
          694.3931083272522,
          689.0367973295118,
          683.2061513317361,
          672.7354413354382,
          675.2983513336707,
          654.7373533297408,
          658.3472993273366,
          650.1347093338458,
          646.810581330404,
          640.2171043203756,
          644.5162963257948,
          657.0847583255576,
          656.273423320575,
          647.3468973320754,
          653.4698753287861,
          657.3341263186497,
          641.0931423209453,
          649.5403543279584,
          649.4002483280686,
          651.8079423306821,
          633.5297493399897,
          646.2288833329998,
          639.6705413256617,
          650.2689623206,
          646.5104353167893,
          624.3756293309465
        ]
      },
      "e2e_ttft": {
        "mean": 664.521545334234,
        "std": 30.52832659119652,