{
  "version": "0.3.7",
  "timestamp": "2026-05-09 10:25:33Z",
  "latency_mode": "api",
  "latency_ms": 3.034821999790438,
  "model": "qwen35-27b-axionml-nvfp4",
  "prefix_caching_enabled": false,
  "max_concurrency": 1,
  "benchmarks": [
    {
      "concurrency": 1,
      "context_size": 0,
      "prompt_size": 2048,
      "response_size": 32,
      "is_context_prefill_phase": false,
      "pp_throughput": {
        "mean": 2848.995514190594,
        "std": 128.78419246477716,
        "values": [
          2668.3025444390664,
          2919.578640166935,
          2959.1053579657796
        ]
      },
      "pp_req_throughput": {
        "mean": 2848.995514190594,
        "std": 128.78419246477716,
        "values": [
          2668.3025444390664,
          2919.578640166935,
          2959.1053579657796
        ]
      },
      "tg_throughput": {
        "mean": 11.594887974365852,
        "std": 0.008965702882073144,
        "values": [
          11.604706838995892,
          11.59692607148849,
          11.583031012613173
        ]
      },
      "tg_req_throughput": {
        "mean": 11.594887974365852,
        "std": 0.008965702882073144,
        "values": [
          11.604706838995892,
          11.59692607148849,
          11.583031012613173
        ]
      },
      "peak_throughput": {
        "mean": 12.0,
        "std": 0.0,
        "values": [
          12.0,
          12.0,
          12.0
        ]
      },
      "peak_req_throughput": {
        "mean": 12.0,
        "std": 0.0,
        "values": [
          12.0,
          12.0,
          12.0
        ]
      },
      "ttfr": {
        "mean": 727.0319920001688,
        "std": 33.6365705712112,
        "values": [
          774.3116789997657,
          707.9310600001918,
          698.8532370005487
        ]
      },
      "est_ppt": {
        "mean": 723.9971700003783,
        "std": 33.6365705712112,
        "values": [
          771.2768569999753,
          704.8962380004014,
          695.8184150007583
        ]
      },
      "e2e_ttft": {
        "mean": 727.0319920001688,
        "std": 33.6365705712112,
        "values": [
          774.3116789997657,
          707.9310600001918,
          698.8532370005487
        ]
      },
      "throughput_over_time": null,
      "requests_throughput_over_time": null
    }
  ]
}