{
  "version": "0.3.7",
  "timestamp": "2026-05-09 02:28:11Z",
  "latency_mode": "api",
  "latency_ms": 1.152179667163485,
  "model": "qwen35-27b-axionml-nvfp4",
  "prefix_caching_enabled": false,
  "max_concurrency": 1,
  "benchmarks": [
    {
      "concurrency": 1,
      "context_size": 0,
      "prompt_size": 2048,
      "response_size": 32,
      "is_context_prefill_phase": false,
      "pp_throughput": {
        "mean": 3318.3182562658526,
        "std": 7.479085098367267,
        "values": [
          3313.2250553105623,
          3328.8929043819153,
          3312.83680910508
        ]
      },
      "pp_req_throughput": {
        "mean": 3318.3182562658526,
        "std": 7.479085098367267,
        "values": [
          3313.2250553105623,
          3328.8929043819153,
          3312.83680910508
        ]
      },
      "tg_throughput": {
        "mean": 11.572892621998426,
        "std": 0.0267330918501785,
        "values": [
          11.610693357318215,
          11.554554043237957,
          11.553430465439105
        ]
      },
      "tg_req_throughput": {
        "mean": 11.572892621998426,
        "std": 0.0267330918501785,
        "values": [
          11.610693357318215,
          11.554554043237957,
          11.553430465439105
        ]
      },
      "peak_throughput": {
        "mean": 12.0,
        "std": 0.0,
        "values": [
          12.0,
          12.0,
          12.0
        ]
      },
      "peak_req_throughput": {
        "mean": 12.0,
        "std": 0.0,
        "values": [
          12.0,
          12.0,
          12.0
        ]
      },
      "ttfr": {
        "mean": 621.3490019993818,
        "std": 1.3956283403297676,
        "values": [
          622.2992389957653,
          619.3757329965592,
          622.3720340058208
        ]
      },
      "est_ppt": {
        "mean": 620.1968223322183,
        "std": 1.3956283403297676,
        "values": [
          621.1470593286018,
          618.2235533293957,
          621.2198543386572
        ]
      },
      "e2e_ttft": {
        "mean": 621.3490019993818,
        "std": 1.3956283403297676,
        "values": [
          622.2992389957653,
          619.3757329965592,
          622.3720340058208
        ]
      },
      "throughput_over_time": null,
      "requests_throughput_over_time": null
    }
  ]
}