{
  "version": "0.3.7",
  "timestamp": "2026-05-09 01:16:11Z",
  "latency_mode": "api",
  "latency_ms": 2.367218998794366,
  "model": "qwen35-27b-axionml-nvfp4",
  "prefix_caching_enabled": false,
  "max_concurrency": 1,
  "benchmarks": [
    {
      "concurrency": 1,
      "context_size": 0,
      "prompt_size": 2048,
      "response_size": 32,
      "is_context_prefill_phase": false,
      "pp_throughput": {
        "mean": 1914.015485315123,
        "std": 1149.1455401996263,
        "values": [
          3101.11194958346,
          2720.2490090046954,
          2714.498099917808,
          517.0491431468953,
          517.1692249227575
        ]
      },
      "pp_req_throughput": {
        "mean": 1914.015485315123,
        "std": 1149.1455401996263,
        "values": [
          3101.11194958346,
          2720.2490090046954,
          2714.498099917808,
          517.0491431468953,
          517.1692249227575
        ]
      },
      "tg_throughput": {
        "mean": 11.522429257419066,
        "std": 0.04977340186293722,
        "values": [
          11.44385941643331,
          11.594660930470031,
          11.506981152032118,
          11.517192323588654,
          11.549452464571225
        ]
      },
      "tg_req_throughput": {
        "mean": 11.522429257419066,
        "std": 0.04977340186293722,
        "values": [
          11.44385941643331,
          11.594660930470031,
          11.506981152032118,
          11.517192323588654,
          11.549452464571225
        ]
      },
      "peak_throughput": {
        "mean": 12.0,
        "std": 0.0,
        "values": [
          12.0,
          12.0,
          12.0,
          12.0,
          12.0
        ]
      },
      "peak_req_throughput": {
        "mean": 12.0,
        "std": 0.0,
        "values": [
          12.0,
          12.0,
          12.0,
          12.0,
          12.0
        ]
      },
      "ttfr": {
        "mean": 2029.896111600101,
        "std": 1594.4066502171231,
        "values": [
          665.677681001398,
          758.9156059984816,
          760.5184220010415,
          3982.6465160003863,
          3981.7223329991975
        ]
      },
      "est_ppt": {
        "mean": 2027.5288926013068,
        "std": 1594.4066502171231,
        "values": [
          663.3104620026037,
          756.5483869996873,
          758.1512030022471,
          3980.279297001592,
          3979.3551140004033
        ]
      },
      "e2e_ttft": {
        "mean": 2029.896111600101,
        "std": 1594.4066502171231,
        "values": [
          665.677681001398,
          758.9156059984816,
          760.5184220010415,
          3982.6465160003863,
          3981.7223329991975
        ]
      },
      "throughput_over_time": null,
      "requests_throughput_over_time": null
    }
  ]
}