{
  "version": "0.3.7",
  "timestamp": "2026-05-10 02:01:56Z",
  "latency_mode": "api",
  "latency_ms": 1.8692883313633502,
  "model": "qwen35-27b-axionml-nvfp4",
  "prefix_caching_enabled": false,
  "max_concurrency": 1,
  "benchmarks": [
    {
      "concurrency": 1,
      "context_size": 0,
      "prompt_size": 2048,
      "response_size": 32,
      "is_context_prefill_phase": false,
      "pp_throughput": {
        "mean": 2840.535347722551,
        "std": 99.52638292555874,
        "values": [
          2719.846193124697,
          2838.1595350417506,
          2963.600315001204
        ]
      },
      "pp_req_throughput": {
        "mean": 2840.535347722551,
        "std": 99.52638292555874,
        "values": [
          2719.846193124697,
          2838.1595350417506,
          2963.600315001204
        ]
      },
      "tg_throughput": {
        "mean": 11.573071361494533,
        "std": 0.027847683375259467,
        "values": [
          11.603932329801808,
          11.578829097662716,
          11.536452657019073
        ]
      },
      "tg_req_throughput": {
        "mean": 11.573071361494533,
        "std": 0.027847683375259467,
        "values": [
          11.603932329801808,
          11.578829097662716,
          11.536452657019073
        ]
      },
      "peak_throughput": {
        "mean": 12.0,
        "std": 0.0,
        "values": [
          12.0,
          12.0,
          12.0
        ]
      },
      "peak_req_throughput": {
        "mean": 12.0,
        "std": 0.0,
        "values": [
          12.0,
          12.0,
          12.0
        ]
      },
      "ttfr": {
        "mean": 727.2705746654538,
        "std": 25.40804513041031,
        "values": [
          758.5297219993663,
          726.9870890013408,
          696.2949129956542
        ]
      },
      "est_ppt": {
        "mean": 725.4012863340904,
        "std": 25.40804513041031,
        "values": [
          756.660433668003,
          725.1178006699774,
          694.4256246642908
        ]
      },
      "e2e_ttft": {
        "mean": 727.2705746654538,
        "std": 25.40804513041031,
        "values": [
          758.5297219993663,
          726.9870890013408,
          696.2949129956542
        ]
      },
      "throughput_over_time": null,
      "requests_throughput_over_time": null
    }
  ]
}