{
  "version": "0.3.7",
  "timestamp": "2026-05-08 19:00:47Z",
  "latency_mode": "api",
  "latency_ms": 1.8308016666802966,
  "model": "qwen35-27b-axionml-nvfp4",
  "prefix_caching_enabled": false,
  "max_concurrency": 1,
  "benchmarks": [
    {
      "concurrency": 1,
      "context_size": 0,
      "prompt_size": 2048,
      "response_size": 32,
      "is_context_prefill_phase": false,
      "pp_throughput": {
        "mean": 3128.5960868889647,
        "std": 6.595656240046393,
        "values": [
          3132.3635998220366,
          3138.8822504277273,
          3120.1612989285654,
          3123.4863719808654,
          3128.086913285629
        ]
      },
      "pp_req_throughput": {
        "mean": 3128.5960868889647,
        "std": 6.595656240046393,
        "values": [
          3132.3635998220366,
          3138.8822504277273,
          3120.1612989285654,
          3123.4863719808654,
          3128.086913285629
        ]
      },
      "tg_throughput": {
        "mean": 11.595449031702804,
        "std": 0.011221746253545696,
        "values": [
          11.613829482005077,
          11.59676274378007,
          11.597304695561036,
          11.579457311209444,
          11.589890925958393
        ]
      },
      "tg_req_throughput": {
        "mean": 11.595449031702804,
        "std": 0.011221746253545696,
        "values": [
          11.613829482005077,
          11.59676274378007,
          11.597304695561036,
          11.579457311209444,
          11.589890925958393
        ]
      },
      "peak_throughput": {
        "mean": 12.0,
        "std": 0.0,
        "values": [
          12.0,
          12.0,
          12.0,
          12.0,
          12.0
        ]
      },
      "peak_req_throughput": {
        "mean": 12.0,
        "std": 0.0,
        "values": [
          12.0,
          12.0,
          12.0,
          12.0,
          12.0
        ]
      },
      "ttfr": {
        "mean": 659.7644572007994,
        "std": 1.33539359557391,
        "values": [
          659.4811459999619,
          657.4782059997233,
          661.4120870017359,
          660.7099370012293,
          659.7409100013465
        ]
      },
      "est_ppt": {
        "mean": 657.9336555341191,
        "std": 1.33539359557391,
        "values": [
          657.6503443332816,
          655.647404333043,
          659.5812853350557,
          658.879135334549,
          657.9101083346662
        ]
      },
      "e2e_ttft": {
        "mean": 659.7644572007994,
        "std": 1.33539359557391,
        "values": [
          659.4811459999619,
          657.4782059997233,
          661.4120870017359,
          660.7099370012293,
          659.7409100013465
        ]
      },
      "throughput_over_time": null,
      "requests_throughput_over_time": null
    }
  ]
}