{
  "version": "0.3.7",
  "timestamp": "2026-05-09 19:22:36Z",
  "latency_mode": "api",
  "latency_ms": 2.118064333141471,
  "model": "qwen35-27b-axionml-nvfp4",
  "prefix_caching_enabled": false,
  "max_concurrency": 1,
  "benchmarks": [
    {
      "concurrency": 1,
      "context_size": 0,
      "prompt_size": 2048,
      "response_size": 32,
      "is_context_prefill_phase": false,
      "pp_throughput": {
        "mean": 3297.642786282646,
        "std": 0.9017789186856437,
        "values": [
          3297.5329481627236,
          3296.5973601613855,
          3298.798050523829
        ]
      },
      "pp_req_throughput": {
        "mean": 3297.642786282646,
        "std": 0.9017789186856437,
        "values": [
          3297.5329481627236,
          3296.5973601613855,
          3298.798050523829
        ]
      },
      "tg_throughput": {
        "mean": 11.504283040462637,
        "std": 0.03414961825655839,
        "values": [
          11.550456017804487,
          11.468935362487867,
          11.493457741095554
        ]
      },
      "tg_req_throughput": {
        "mean": 11.504283040462637,
        "std": 0.03414961825655839,
        "values": [
          11.550456017804487,
          11.468935362487867,
          11.493457741095554
        ]
      },
      "peak_throughput": {
        "mean": 12.0,
        "std": 0.0,
        "values": [
          12.0,
          12.0,
          12.0
        ]
      },
      "peak_req_throughput": {
        "mean": 12.0,
        "std": 0.0,
        "values": [
          12.0,
          12.0,
          12.0
        ]
      },
      "ttfr": {
        "mean": 626.2002610019408,
        "std": 0.17065412964502125,
        "values": [
          626.2210019995109,
          626.3981250012876,
          625.981656005024
        ]
      },
      "est_ppt": {
        "mean": 624.0821966687994,
        "std": 0.17065412964502125,
        "values": [
          624.1029376663695,
          624.2800606681461,
          623.8635916718825
        ]
      },
      "e2e_ttft": {
        "mean": 626.2002610019408,
        "std": 0.17065412964502125,
        "values": [
          626.2210019995109,
          626.3981250012876,
          625.981656005024
        ]
      },
      "throughput_over_time": null,
      "requests_throughput_over_time": null
    }
  ]
}