{
  "version": "0.3.7",
  "timestamp": "2026-05-08 20:55:43Z",
  "latency_mode": "api",
  "latency_ms": 1.8427976659343888,
  "model": "qwen35-27b-axionml-nvfp4",
  "prefix_caching_enabled": false,
  "max_concurrency": 1,
  "benchmarks": [
    {
      "concurrency": 1,
      "context_size": 0,
      "prompt_size": 2048,
      "response_size": 32,
      "is_context_prefill_phase": false,
      "pp_throughput": {
        "mean": 3218.9564213654608,
        "std": 161.3643193724033,
        "values": [
          3347.08534178244,
          2987.7392226815628,
          3344.3859311625965,
          3321.096778973416,
          3318.6403015486358,
          2994.790952044114
        ]
      },
      "pp_req_throughput": {
        "mean": 3218.9564213654608,
        "std": 161.3643193724033,
        "values": [
          3347.08534178244,
          2987.7392226815628,
          3344.3859311625965,
          3321.096778973416,
          3318.6403015486358,
          2994.790952044114
        ]
      },
      "tg_throughput": {
        "mean": 11.527508018767742,
        "std": 0.02173325262142181,
        "values": [
          11.558942256042773,
          11.529689080112561,
          11.520154554982,
          11.549674730759257,
          11.511137172265512,
          11.495450318444359
        ]
      },
      "tg_req_throughput": {
        "mean": 11.527508018767742,
        "std": 0.02173325262142181,
        "values": [
          11.558942256042773,
          11.529689080112561,
          11.520154554982,
          11.549674730759257,
          11.511137172265512,
          11.495450318444359
        ]
      },
      "peak_throughput": {
        "mean": 12.0,
        "std": 0.0,
        "values": [
          12.0,
          12.0,
          12.0,
          12.0,
          12.0,
          12.0
        ]
      },
      "peak_req_throughput": {
        "mean": 12.0,
        "std": 0.0,
        "values": [
          12.0,
          12.0,
          12.0,
          12.0,
          12.0,
          12.0
        ]
      },
      "ttfr": {
        "mean": 647.243939400505,
        "std": 34.8601947545355,
        "values": [
          616.7061160012963,
          616.777474002447,
          689.6122190009919,
          690.5646550003439,
          690.6579339993186,
          617.2024010011228,
          621.5176029982104,
          621.9762900000205,
          618.7226100009866,
          688.7020920003124
        ]
      },
      "est_ppt": {
        "mean": 640.9509416674457,
        "std": 33.21665957132243,
        "values": [
          614.8633183353619,
          688.8151363333842,
          615.3596033351884,
          619.6748053322759,
          620.1334923340861,
          686.859294334378
        ]
      },
      "e2e_ttft": {
        "mean": 642.7937393333801,
        "std": 33.21665957132243,
        "values": [
          616.7061160012963,
          690.6579339993186,
          617.2024010011228,
          621.5176029982104,
          621.9762900000205,
          688.7020920003124
        ]
      },
      "throughput_over_time": null,
      "requests_throughput_over_time": null
    }
  ]
}