{
  "version": "0.3.7",
  "timestamp": "2026-05-06 16:39:04Z",
  "latency_mode": "api",
  "latency_ms": 1.4674153333468591,
  "model": "qwen35-27b-axionml-nvfp4",
  "prefix_caching_enabled": false,
  "max_concurrency": 1,
  "benchmarks": [
    {
      "concurrency": 1,
      "context_size": 0,
      "prompt_size": 2048,
      "response_size": 32,
      "is_context_prefill_phase": false,
      "pp_throughput": {
        "mean": 3030.6261149502925,
        "std": 12.611451086592032,
        "values": [
          3028.2554702135894,
          3065.9758685018846,
          3047.309075078518,
          3050.153022926153,
          3047.2556420383667,
          3039.3499513548995,
          3051.565511182711,
          3027.1300188322875,
          3026.768775405864,
          3023.522717317109,
          3024.4129259357414,
          3027.0109601417016,
          3028.4888905117105,
          3022.623869674347,
          3039.43033179172,
          3031.611694915523,
          3004.0037645488146,
          3015.4547609739857,
          3037.024862994387,
          3026.617803518728,
          3013.3378077024636,
          3032.3552183926968,
          3016.8099391028063,
          3025.252551858841,
          3034.5694314002926,
          3035.19214292991,
          3027.836994670065,
          3022.6104405935143,
          3028.881899677125,
          3017.971104323009
        ]
      },
      "pp_req_throughput": {
        "mean": 3030.6261149502925,
        "std": 12.611451086592032,
        "values": [
          3028.2554702135894,
          3065.9758685018846,
          3047.309075078518,
          3050.153022926153,
          3047.2556420383667,
          3039.3499513548995,
          3051.565511182711,
          3027.1300188322875,
          3026.768775405864,
          3023.522717317109,
          3024.4129259357414,
          3027.0109601417016,
          3028.4888905117105,
          3022.623869674347,
          3039.43033179172,
          3031.611694915523,
          3004.0037645488146,
          3015.4547609739857,
          3037.024862994387,
          3026.617803518728,
          3013.3378077024636,
          3032.3552183926968,
          3016.8099391028063,
          3025.252551858841,
          3034.5694314002926,
          3035.19214292991,
          3027.836994670065,
          3022.6104405935143,
          3028.881899677125,
          3017.971104323009
        ]
      },
      "tg_throughput": {
        "mean": 11.788580236323105,
        "std": 0.06586942478752433,
        "values": [
          11.914197990749082,
          11.924794547551295,
          11.90363870228174,
          11.88959885825867,
          11.869329440303558,
          11.835932877915607,
          11.848805402522304,
          11.868846519948688,
          11.860750726271021,
          11.78124579464136,
          11.800623397242159,
          11.782775481780908,
          11.80363565243861,
          11.788772982281472,
          11.732358523202286,
          11.739191095776649,
          11.742809820253253,
          11.75931703140015,
          11.739988719506718,
          11.697465079698825,
          11.742522403684044,
          11.743612971854368,
          11.728339497377332,
          11.768870628852405,
          11.713688297721342,
          11.728375607617794,
          11.753894627770892,
          11.743995317639959,
          11.723439154074104,
          11.726589939076566
        ]
      },
      "tg_req_throughput": {
        "mean": 11.788580236323105,
        "std": 0.06586942478752433,
        "values": [
          11.914197990749082,
          11.924794547551295,
          11.90363870228174,
          11.88959885825867,
          11.869329440303558,
          11.835932877915607,
          11.848805402522304,
          11.868846519948688,
          11.860750726271021,
          11.78124579464136,
          11.800623397242159,
          11.782775481780908,
          11.80363565243861,
          11.788772982281472,
          11.732358523202286,
          11.739191095776649,
          11.742809820253253,
          11.75931703140015,
          11.739988719506718,
          11.697465079698825,
          11.742522403684044,
          11.743612971854368,
          11.728339497377332,
          11.768870628852405,
          11.713688297721342,
          11.728375607617794,
          11.753894627770892,
          11.743995317639959,
          11.723439154074104,
          11.726589939076566
        ]
      },
      "peak_throughput": {
        "mean": 12.0,
        "std": 0.0,
        "values": [
          12.0,
          12.0,
          12.0,
          12.0,
          12.0,
          12.0,
          12.0,
          12.0,
          12.0,
          12.0,
          12.0,
          12.0,
          12.0,
          12.0,
          12.0,
          12.0,
          12.0,
          12.0,
          12.0,
          12.0,
          12.0,
          12.0,
          12.0,
          12.0,
          12.0,
          12.0,
          12.0,
          12.0,
          12.0,
          12.0
        ]
      },
      "peak_req_throughput": {
        "mean": 12.0,
        "std": 0.0,
        "values": [
          12.0,
          12.0,
          12.0,
          12.0,
          12.0,
          12.0,
          12.0,
          12.0,
          12.0,
          12.0,
          12.0,
          12.0,
          12.0,
          12.0,
          12.0,
          12.0,
          12.0,
          12.0,
          12.0,
          12.0,
          12.0,
          12.0,
          12.0,
          12.0,
          12.0,
          12.0,
          12.0,
          12.0,
          12.0,
          12.0
        ]
      },
      "ttfr": {
        "mean": 680.5464734999948,
        "std": 2.758428220861647,
        "values": [
          681.0666170000559,
          673.3578959999704,
          676.8173550000256,
          676.1876620000749,
          676.5010329999086,
          678.585888999919,
          675.8753520000482,
          681.3192839999829,
          681.4004240000031,
          682.1304009999949,
          681.9300540000768,
          681.3460240000495,
          681.0142369999994,
          682.3328120000269,
          678.5679820000041,
          680.3142489999345,
          686.2202190000062,
          683.951539000077,
          679.1042779999543,
          681.4343400000098,
          684.431002999986,
          680.1477980000072,
          683.6449610000273,
          681.74119899993,
          679.3230539999513,
          679.5134509999343,
          681.1605440000221,
          682.3358369999823,
          681.2562179999304,
          683.3824929999537
        ]
      },
      "est_ppt": {
        "mean": 679.0790581666478,
        "std": 2.758428220861647,
        "values": [
          679.5992016667091,
          671.8904806666236,
          675.3499396666788,
          674.720246666728,
          675.0336176665618,
          677.1184736665722,
          674.4079366667014,
          679.851868666636,
          679.9330086666563,
          680.6629856666481,
          680.46263866673,
          679.8786086667027,
          679.5468216666526,
          680.8653966666801,
          677.1005666666573,
          678.8468336665877,
          684.7528036666594,
          682.4841236667302,
          677.6368626666075,
          679.966924666663,
          682.9635876666392,
          678.6803826666604,
          682.1775456666804,
          680.2737836665832,
          677.8556386666045,
          678.0460356665875,
          679.6931286666753,
          680.8684216666355,
          679.7888026665836,
          681.9150776666069
        ]
      },
      "e2e_ttft": {
        "mean": 680.5464734999948,
        "std": 2.758428220861647,