{
  "version": "0.3.7",
  "timestamp": "2026-05-09 23:29:56Z",
  "latency_mode": "api",
  "latency_ms": 2.0153686661312045,
  "model": "qwen35-27b-axionml-nvfp4",
  "prefix_caching_enabled": false,
  "max_concurrency": 1,
  "benchmarks": [
    {
      "concurrency": 1,
      "context_size": 0,
      "prompt_size": 2048,
      "response_size": 32,
      "is_context_prefill_phase": false,
      "pp_throughput": {
        "mean": 3345.5564878925347,
        "std": 14.821328003400037,
        "values": [
          3355.934922704207,
          3356.1382474323873,
          3324.5962935410093
        ]
      },
      "pp_req_throughput": {
        "mean": 3345.5564878925347,
        "std": 14.821328003400037,
        "values": [
          3355.934922704207,
          3356.1382474323873,
          3324.5962935410093
        ]
      },
      "tg_throughput": {
        "mean": 11.52699805530177,
        "std": 0.00326499924617983,
        "values": [
          11.528379874431034,
          11.530122674800955,
          11.522491616673321
        ]
      },
      "tg_req_throughput": {
        "mean": 11.52699805530177,
        "std": 0.00326499924617983,
        "values": [
          11.528379874431034,
          11.530122674800955,
          11.522491616673321
        ]
      },
      "peak_throughput": {
        "mean": 12.0,
        "std": 0.0,
        "values": [
          12.0,
          12.0,
          12.0
        ]
      },
      "peak_req_throughput": {
        "mean": 12.0,
        "std": 0.0,
        "values": [
          12.0,
          12.0,
          12.0
        ]
      },
      "ttfr": {
        "mean": 617.1717786661853,
        "std": 2.7337998597624473,
        "values": [
          615.2572959981626,
          615.2201439981582,
          621.0378960022354
        ]
      },
      "est_ppt": {
        "mean": 615.1564100000542,
        "std": 2.7337998597624473,
        "values": [
          613.2419273320314,
          613.204775332027,
          619.0225273361042
        ]
      },
      "e2e_ttft": {
        "mean": 617.1717786661853,
        "std": 2.7337998597624473,
        "values": [
          615.2572959981626,
          615.2201439981582,
          621.0378960022354
        ]
      },
      "throughput_over_time": null,
      "requests_throughput_over_time": null
    }
  ]
}