{
  "version": "0.3.7",
  "timestamp": "2026-05-09 04:55:10Z",
  "latency_mode": "generation",
  "latency_ms": 119.83692066617853,
  "model": "qwen35-27b-axionml-nvfp4",
  "prefix_caching_enabled": false,
  "max_concurrency": 1,
  "benchmarks": [
    {
      "concurrency": 1,
      "context_size": 0,
      "prompt_size": 2048,
      "response_size": 32,
      "is_context_prefill_phase": false,
      "pp_throughput": {
        "mean": 3793.9857232864,
        "std": 159.59714887515514,
        "values": [
          3300.877964864306,
          3472.2954150773903,
          3603.4180153073107,
          3485.4585936330977,
          3630.0630583029993,
          3634.001202769788,
          3666.884873820352,
          3821.4130318510283,
          3750.8937337708667,
          3831.3587399491666,
          3791.7537215042194,
          3828.4437070245353,
          3808.65128426342,
          3892.4084489187703,
          3839.5139487631445,
          3920.6961637915147,
          3813.383756278998,
          3865.3483598160137,
          3906.142959117866,
          3857.3268850142294,
          3822.580939845393,
          3881.2056028595416,
          4010.5103719528033,
          3878.029355805748,
          3889.7217955648657,
          3904.181155294601,
          3995.384858105167,
          3907.1006933900812,
          3893.3797587294703,
          3917.1433032053174
        ]
      },
      "pp_req_throughput": {
        "mean": 3793.9857232864,
        "std": 159.59714887515514,
        "values": [
          3300.877964864306,
          3472.2954150773903,
          3603.4180153073107,
          3485.4585936330977,
          3630.0630583029993,
          3634.001202769788,
          3666.884873820352,
          3821.4130318510283,
          3750.8937337708667,
          3831.3587399491666,
          3791.7537215042194,
          3828.4437070245353,
          3808.65128426342,
          3892.4084489187703,
          3839.5139487631445,
          3920.6961637915147,
          3813.383756278998,
          3865.3483598160137,
          3906.142959117866,
          3857.3268850142294,
          3822.580939845393,
          3881.2056028595416,
          4010.5103719528033,
          3878.029355805748,
          3889.7217955648657,
          3904.181155294601,
          3995.384858105167,
          3907.1006933900812,
          3893.3797587294703,
          3917.1433032053174
        ]
      },
      "tg_throughput": {
        "mean": 11.543555698681036,
        "std": 0.026904028117451153,
        "values": [
          11.589157299138845,
          11.59160132919285,
          11.582790751194395,
          11.593427328074197,
          11.53622358406282,
          11.538942143985834,
          11.541112125282456,
          11.521255261302286,
          11.534690517561868,
          11.509030340503314,
          11.558807635627673,
          11.568897851821736,
          11.524990583261518,
          11.52738356982655,
          11.577501021279252,
          11.576817759113219,
          11.512827042050883,
          11.542307883668967,
          11.53300136774789,
          11.532570538334312,
          11.560699052284535,
          11.520696691330176,
          11.547421195443903,
          11.527285963424795,
          11.476525985559803,
          11.518517773700408,
          11.554928570375038,
          11.53741594225796,
          11.533979306738248,
          11.53586454628534
        ]
      },
      "tg_req_throughput": {
        "mean": 11.543555698681036,
        "std": 0.026904028117451153,
        "values": [
          11.589157299138845,
          11.59160132919285,
          11.582790751194395,
          11.593427328074197,
          11.53622358406282,
          11.538942143985834,
          11.541112125282456,
          11.521255261302286,
          11.534690517561868,
          11.509030340503314,
          11.558807635627673,
          11.568897851821736,
          11.524990583261518,
          11.52738356982655,
          11.577501021279252,
          11.576817759113219,
          11.512827042050883,
          11.542307883668967,
          11.53300136774789,
          11.532570538334312,
          11.560699052284535,
          11.520696691330176,
          11.547421195443903,
          11.527285963424795,
          11.476525985559803,
          11.518517773700408,
          11.554928570375038,
          11.53741594225796,
          11.533979306738248,
          11.53586454628534
        ]
      },
      "peak_throughput": {
        "mean": 12.0,
        "std": 0.0,
        "values": [
          12.0,
          12.0,
          12.0,
          12.0,
          12.0,
          12.0,
          12.0,
          12.0,
          12.0,
          12.0,
          12.0,
          12.0,
          12.0,
          12.0,
          12.0,
          12.0,
          12.0,
          12.0,
          12.0,
          12.0,
          12.0,
          12.0,
          12.0,
          12.0,
          12.0,
          12.0,
          12.0,
          12.0,
          12.0,
          12.0
        ]
      },
      "peak_req_throughput": {
        "mean": 12.0,
        "std": 0.0,
        "values": [
          12.0,
          12.0,
          12.0,
          12.0,
          12.0,
          12.0,
          12.0,
          12.0,
          12.0,
          12.0,
          12.0,
          12.0,
          12.0,
          12.0,
          12.0,
          12.0,
          12.0,
          12.0,
          12.0,
          12.0,
          12.0,
          12.0,
          12.0,
          12.0,
          12.0,
          12.0,
          12.0,
          12.0,
          12.0,
          12.0
        ]
      },
      "ttfr": {
        "mean": 663.3161058666398,
        "std": 24.38293940126952,
        "values": [
          743.3074100044905,
          712.5284270005068,
          690.9613340030774,
          710.2900690006209,
          686.7692209998495,
          686.1548399974708,
          681.0762480017729,
          658.6428500013426,
          668.7727600001381,
          656.9831759989029,
          662.5936900018132,
          657.3921669987612,
          660.1856810011668,
          648.5584120018757,
          655.8422659945791,
          644.7437009992427,
          659.2528649998712,
          652.2598250012379,
          646.6993579961127,
          653.3670210046694,
          658.2166259977384,
          650.0845319969812,
          632.9885669983923,
          650.7766869981424,
          648.9236029956373,
          646.9641000003321,
          634.9312289967202,
          646.5702100031194,
          648.4265079998295,
          645.2197930047987
        ]
      },
      "est_ppt": {
        "mean": 543.4791852004611,
        "std": 24.382939401269525,
        "values": [
          623.470489338312,
          592.6915063343282,
          571.1244133368988,
          590.4531483344423,
          566.9323003336709,
          566.3179193312923,
          561.2393273355943,
          538.805929335164,
          548.9358393339595,
          537.1462553327243,
          542.7567693356347,
          537.5552463325827,
          540.3487603349882,
          528.7214913356971,
          536.0053453284005,
          524.9067803330641,
          539.4159443336927,
          532.4229043350593,
          526.8624373299341,
          533.5301003384908,
          538.3797053315599,
          530.2476113308027,
          513.1516463322138,
          530.9397663319638,
          529.0866823294588,
          527.1271793341535,
          515.0943083305416,
          526.7332893369409,
          528.5895873336509,
          525.3828723386201
        ]
      },
      "e2e_ttft": {
        "mean": 663.3161058666398,
        "std": 24.38293940126952,