{
  "version": "0.3.7",
  "timestamp": "2026-05-10 01:53:08Z",
  "latency_mode": "api",
  "latency_ms": 1.9175669998124552,
  "model": "qwen35-27b-axionml-nvfp4",
  "prefix_caching_enabled": false,
  "max_concurrency": 1,
  "benchmarks": [
    {
      "concurrency": 1,
      "context_size": 0,
      "prompt_size": 2048,
      "response_size": 32,
      "is_context_prefill_phase": false,
      "pp_throughput": {
        "mean": 2715.4837878675453,
        "std": 151.5343543890041,
        "values": [
          2511.2731975153697,
          2761.3083853653848,
          2873.8697807218814
        ]
      },
      "pp_req_throughput": {
        "mean": 2715.4837878675453,
        "std": 151.5343543890041,
        "values": [
          2511.2731975153697,
          2761.3083853653848,
          2873.8697807218814
        ]
      },
      "tg_throughput": {
        "mean": 11.541840861405161,
        "std": 0.02344346847360092,
        "values": [
          11.570750995350432,
          11.513330637458697,
          11.541440951406349
        ]
      },
      "tg_req_throughput": {
        "mean": 11.541840861405161,
        "std": 0.02344346847360092,
        "values": [
          11.570750995350432,
          11.513330637458697,
          11.541440951406349
        ]
      },
      "peak_throughput": {
        "mean": 12.0,
        "std": 0.0,
        "values": [
          12.0,
          12.0,
          12.0
        ]
      },
      "peak_req_throughput": {
        "mean": 12.0,
        "std": 0.0,
        "values": [
          12.0,
          12.0,
          12.0
        ]
      },
      "ttfr": {
        "mean": 762.2212639980717,
        "std": 43.524665973986174,
        "values": [
          821.4221919988631,
          747.216429997934,
          718.0251699974178
        ]
      },
      "est_ppt": {
        "mean": 760.3036969982592,
        "std": 43.524665973986174,
        "values": [
          819.5046249990506,
          745.2988629981215,
          716.1076029976053
        ]
      },
      "e2e_ttft": {
        "mean": 762.2212639980717,
        "std": 43.524665973986174,
        "values": [
          821.4221919988631,
          747.216429997934,
          718.0251699974178
        ]
      },
      "throughput_over_time": null,
      "requests_throughput_over_time": null
    }
  ]
}