{
  "version": "0.3.7",
  "timestamp": "2026-05-08 20:47:45Z",
  "latency_mode": "api",
  "latency_ms": 1.620067667317926,
  "model": "qwen35-27b-axionml-nvfp4",
  "prefix_caching_enabled": false,
  "max_concurrency": 1,
  "benchmarks": [
    {
      "concurrency": 1,
      "context_size": 0,
      "prompt_size": 2048,
      "response_size": 32,
      "is_context_prefill_phase": false,
      "pp_throughput": {
        "mean": 3175.78579248771,
        "std": 169.37566467295636,
        "values": [
          3314.0621113889774,
          3329.741090727483,
          3322.96477722527,
          2973.5200644192128,
          2974.9868899117923,
          3323.848379720346,
          3302.7720127095313,
          3307.5716130670144,
          3320.7294314577503,
          2952.68505417071,
          3290.56238950461,
          3318.334497219554,
          3307.1867739873505,
          2975.8356534531363,
          3307.5683336477337,
          2957.5186023093565,
          2962.4105028574327,
          3312.794963239108,
          3295.5209446508675,
          3289.970849661922,
          3303.9071529028606,
          2943.3805005369545,
          3302.8903122922616,
          2965.4596772821837,
          2963.853408375326,
          2950.3546179617088
        ]
      },
      "pp_req_throughput": {
        "mean": 3175.78579248771,
        "std": 169.37566467295636,
        "values": [
          3314.0621113889774,
          3329.741090727483,
          3322.96477722527,
          2973.5200644192128,
          2974.9868899117923,
          3323.848379720346,
          3302.7720127095313,
          3307.5716130670144,
          3320.7294314577503,
          2952.68505417071,
          3290.56238950461,
          3318.334497219554,
          3307.1867739873505,
          2975.8356534531363,
          3307.5683336477337,
          2957.5186023093565,
          2962.4105028574327,
          3312.794963239108,
          3295.5209446508675,
          3289.970849661922,
          3303.9071529028606,
          2943.3805005369545,
          3302.8903122922616,
          2965.4596772821837,
          2963.853408375326,
          2950.3546179617088
        ]
      },
      "tg_throughput": {
        "mean": 10.986500854042397,
        "std": 1.1502079001191663,
        "values": [
          11.516335987979634,
          11.518981371751622,
          8.554497290418535,
          11.48500339605553,
          11.503050442370794,
          11.498252457756506,
          11.477787789086854,
          11.542962613619187,
          11.12875019295652,
          11.496603897086988,
          11.486722924198185,
          11.503046071538108,
          10.685202659223643,
          11.484581671994741,
          11.493665938022328,
          7.586376663965045,
          11.506806714357088,
          11.498206534219767,
          11.483959468986578,
          11.486387389856226,
          11.458729194308814,
          11.511531272248538,
          10.734920007813331,
          10.927321613290458,
          7.558017648667551,
          11.521320993329683
        ]
      },
      "tg_req_throughput": {
        "mean": 10.986500854042397,
        "std": 1.1502079001191663,
        "values": [
          11.516335987979634,
          11.518981371751622,
          8.554497290418535,
          11.48500339605553,
          11.503050442370794,
          11.498252457756506,
          11.477787789086854,
          11.542962613619187,
          11.12875019295652,
          11.496603897086988,
          11.486722924198185,
          11.503046071538108,
          10.685202659223643,
          11.484581671994741,
          11.493665938022328,
          7.586376663965045,
          11.506806714357088,
          11.498206534219767,
          11.483959468986578,
          11.486387389856226,
          11.458729194308814,
          11.511531272248538,
          10.734920007813331,
          10.927321613290458,
          7.558017648667551,
          11.521320993329683
        ]
      },
      "peak_throughput": {
        "mean": 12.515080750978269,
        "std": 1.4575169155446663,
        "values": [
          12.0,
          12.0,
          15.213212912764313,
          12.0,
          12.0,
          12.0,
          12.0,
          12.0,
          12.0,
          12.0,
          12.0,
          12.0,
          12.0,
          12.0,
          12.0,
          17.06068867412013,
          12.0,
          12.0,
          12.0,
          12.0,
          12.0,
          12.0,
          12.0,
          12.0,
          17.118197938550594,
          12.0
        ]
      },
      "peak_req_throughput": {
        "mean": 12.515080750978269,
        "std": 1.4575169155446663,
        "values": [
          12.0,
          12.0,
          15.213212912764313,
          12.0,
          12.0,
          12.0,
          12.0,
          12.0,
          12.0,
          12.0,
          12.0,
          12.0,
          12.0,
          12.0,
          12.0,
          17.06068867412013,
          12.0,
          12.0,
          12.0,
          12.0,
          12.0,
          12.0,
          12.0,
          12.0,
          17.118197938550594,
          12.0
        ]
      },
      "ttfr": {
        "mean": 649.91547453313,
        "std": 35.2826048653826,
        "values": [
          622.3084949997428,
          619.3858170008752,
          620.9465240008285,
          694.0653700003168,
          621.4390639997873,
          693.3878219988401,
          620.7818839993706,
          625.0357899989467,
          623.8288179993106,
          621.3634229989111,
          693.436429999565,
          698.6127919990395,
          627.0450729989534,
          622.1120650006924,
          623.9012209989596,
          693.1905170004029,
          623.527097999613,
          621.4092569989589,
          697.4736789998133,
          696.3245989991265,
          622.8477690001455,
          626.4074789996812,
          627.1575250011665,
          624.2162559992721,
          620.9726510005567,
          700.8161110006768,
          624.7106959999655,
          695.6102830008604,
          695.9863930005667,
          699.163334998957
        ]
      },
      "est_ppt": {
        "mean": 649.9263490247988,
        "std": 35.5838316289903,
        "values": [
          620.6884273324249,
          617.7657493335573,
          619.3264563335106,
          692.4453023329988,
          691.7677543315222,
          619.1618163320527,
          623.4157223316288,
          622.2087503319926,
          619.7433553315932,
          696.9927243317215,
          625.4250053316355,
          620.4919973333745,
          622.2811533316417,
          691.570449333085,
          621.9070303322951,
          695.8536113324953,
          694.7045313318085,
          621.2277013328276,
          624.7874113323633,
          625.5374573338486,
          622.5961883319542,
          699.1960433333588,
          623.0906283326476,
          693.9902153335424,
          694.3663253332488,
          697.5432673316391
        ]
      },
      "e2e_ttft": {
        "mean": 651.5464166921167,
        "std": 35.5838316289903,
        "values": [
          622.3084949997428,
          619.3858170008752,
          620.9465240008285,
          694.0653700003168,
          693.3878219988401,
          620.7818839993706,
          625.0357899989467,
          623.8288179993106,
          621.3634229989111,
          698.6127919990395,
          627.0450729989534,
          622.1120650006924,
          623.9012209989596,
          693.1905170004029,
          623.527097999613,
          697.4736789998133,
          696.3245989991265,
          622.8477690001455,
          626.4074789996812,
          627.1575250011665,
          624.2162559992721,
          700.8161110006768,
          624.7106959999655,
          695.6102830008604,
          695.9863930005667,
          699.163334998957
        ]
      },
      "throughput_over_time": null,