{
  "version": "0.3.7",
  "timestamp": "2026-05-09 01:47:10Z",
  "latency_mode": "api",
  "latency_ms": 1.970885665893244,
  "model": "qwen35-27b-axionml-nvfp4",
  "prefix_caching_enabled": false,
  "max_concurrency": 1,
  "benchmarks": [
    {
      "concurrency": 1,
      "context_size": 0,
      "prompt_size": 2048,
      "response_size": 32,
      "is_context_prefill_phase": false,
      "pp_throughput": {
        "mean": 2621.112329224524,
        "std": 117.35143373009682,
        "values": [
          2479.7654502948626,
          2767.1039826909937,
          2616.467554687715
        ]
      },
      "pp_req_throughput": {
        "mean": 2621.112329224524,
        "std": 117.35143373009682,
        "values": [
          2479.7654502948626,
          2767.1039826909937,
          2616.467554687715
        ]
      },
      "tg_throughput": {
        "mean": 11.591973651758321,
        "std": 0.025845963698898414,
        "values": [
          11.62279536202928,
          11.593578594907584,
          11.559546998338101
        ]
      },
      "tg_req_throughput": {
        "mean": 11.591973651758321,
        "std": 0.025845963698898414,
        "values": [
          11.62279536202928,
          11.593578594907584,
          11.559546998338101
        ]
      },
      "peak_throughput": {
        "mean": 12.0,
        "std": 0.0,
        "values": [
          12.0,
          12.0,
          12.0
        ]
      },
      "peak_req_throughput": {
        "mean": 12.0,
        "std": 0.0,
        "values": [
          12.0,
          12.0,
          12.0
        ]
      },
      "ttfr": {
        "mean": 788.5876660002396,
        "std": 35.33012942454035,
        "values": [
          831.8880860024365,
          745.3473589994246,
          788.5275529988576
        ]
      },
      "est_ppt": {
        "mean": 786.6167803343463,
        "std": 35.33012942454035,
        "values": [
          829.9172003365433,
          743.3764733335314,
          786.5566673329644
        ]
      },
      "e2e_ttft": {
        "mean": 788.5876660002396,
        "std": 35.33012942454035,
        "values": [
          831.8880860024365,
          745.3473589994246,
          788.5275529988576
        ]
      },
      "throughput_over_time": null,
      "requests_throughput_over_time": null
    }
  ]
}