{
  "version": "0.3.7",
  "timestamp": "2026-05-09 23:38:12Z",
  "latency_mode": "api",
  "latency_ms": 1.9225990035920404,
  "model": "qwen35-27b-axionml-nvfp4",
  "prefix_caching_enabled": false,
  "max_concurrency": 1,
  "benchmarks": [
    {
      "concurrency": 1,
      "context_size": 0,
      "prompt_size": 2048,
      "response_size": 32,
      "is_context_prefill_phase": false,
      "pp_throughput": {
        "mean": 3327.549585748551,
        "std": 8.21587430797214,
        "values": [
          3322.460036653107,
          3321.0487396171598,
          3339.1399809753857
        ]
      },
      "pp_req_throughput": {
        "mean": 3327.549585748551,
        "std": 8.21587430797214,
        "values": [
          3322.460036653107,
          3321.0487396171598,
          3339.1399809753857
        ]
      },
      "tg_throughput": {
        "mean": 11.530936879867005,
        "std": 0.013360071227356704,
        "values": [
          11.549826209221967,
          11.52112864650292,
          11.521855783876127
        ]
      },
      "tg_req_throughput": {
        "mean": 11.530936879867005,
        "std": 0.013360071227356704,
        "values": [
          11.549826209221967,
          11.52112864650292,
          11.521855783876127
        ]
      },
      "peak_throughput": {
        "mean": 12.0,
        "std": 0.0,
        "values": [
          12.0,
          12.0,
          12.0
        ]
      },
      "peak_req_throughput": {
        "mean": 12.0,
        "std": 0.0,
        "values": [
          12.0,
          12.0,
          12.0
        ]
      },
      "ttfr": {
        "mean": 620.3994906682055,
        "std": 1.524445725825349,
        "values": [
          621.3431420037523,
          621.6063680039952,
          618.2489619968692
        ]
      },
      "est_ppt": {
        "mean": 618.4768916646135,
        "std": 1.524445725825349,
        "values": [
          619.4205430001603,
          619.6837690004031,
          616.3263629932771
        ]
      },
      "e2e_ttft": {
        "mean": 620.3994906682055,
        "std": 1.524445725825349,
        "values": [
          621.3431420037523,
          621.6063680039952,
          618.2489619968692
        ]
      },
      "throughput_over_time": null,
      "requests_throughput_over_time": null
    }
  ]
}