{
  "version": "0.3.7",
  "timestamp": "2026-05-09 02:20:37Z",
  "latency_mode": "api",
  "latency_ms": 1.7363233346259221,
  "model": "qwen35-27b-axionml-nvfp4",
  "prefix_caching_enabled": false,
  "max_concurrency": 1,
  "benchmarks": [
    {
      "concurrency": 1,
      "context_size": 0,
      "prompt_size": 2048,
      "response_size": 32,
      "is_context_prefill_phase": false,
      "pp_throughput": {
        "mean": 3166.9443018154234,
        "std": 31.145725023381214,
        "values": [
          3198.2406696819676,
          3144.01470233155,
          3134.720429039392,
          3147.0758960575463,
          3210.6698119666607
        ]
      },
      "pp_req_throughput": {
        "mean": 3166.9443018154234,
        "std": 31.145725023381214,
        "values": [
          3198.2406696819676,
          3144.01470233155,
          3134.720429039392,
          3147.0758960575463,
          3210.6698119666607
        ]
      },
      "tg_throughput": {
        "mean": 11.555538349497747,
        "std": 0.011058558729731494,
        "values": [
          11.55866453670374,
          11.563970616024848,
          11.566157919043212,
          11.535179094467367,
          11.553719581249567
        ]
      },
      "tg_req_throughput": {
        "mean": 11.555538349497747,
        "std": 0.011058558729731494,
        "values": [
          11.55866453670374,
          11.563970616024848,
          11.566157919043212,
          11.535179094467367,
          11.553719581249567
        ]
      },
      "peak_throughput": {
        "mean": 12.0,
        "std": 0.0,
        "values": [
          12.0,
          12.0,
          12.0,
          12.0,
          12.0
        ]
      },
      "peak_req_throughput": {
        "mean": 12.0,
        "std": 0.0,
        "values": [
          12.0,
          12.0,
          12.0,
          12.0,
          12.0
        ]
      },
      "ttfr": {
        "mean": 651.574404798157,
        "std": 6.454238994065183,
        "values": [
          645.215101998474,
          656.3134149982943,
          658.2541999960085,
          655.6767009969917,
          642.4126060010167
        ]
      },
      "est_ppt": {
        "mean": 649.8380814635311,
        "std": 6.454238994065183,
        "values": [
          643.4787786638481,
          654.5770916636684,
          656.5178766613826,
          653.9403776623658,
          640.6762826663908
        ]
      },
      "e2e_ttft": {
        "mean": 651.574404798157,
        "std": 6.454238994065183,
        "values": [
          645.215101998474,
          656.3134149982943,
          658.2541999960085,
          655.6767009969917,
          642.4126060010167
        ]
      },
      "throughput_over_time": null,
      "requests_throughput_over_time": null
    }
  ]
}