{
  "version": "0.3.7",
  "timestamp": "2026-05-09 02:12:44Z",
  "latency_mode": "api",
  "latency_ms": 1.3196339956872787,
  "model": "qwen35-27b-axionml-nvfp4",
  "prefix_caching_enabled": false,
  "max_concurrency": 1,
  "benchmarks": [
    {
      "concurrency": 1,
      "context_size": 0,
      "prompt_size": 2048,
      "response_size": 32,
      "is_context_prefill_phase": false,
      "pp_throughput": {
        "mean": 3110.205760668551,
        "std": 188.32187276423898,
        "values": [
          2432.965413074335,
          2662.4395612861686,
          2767.7236502962846,
          2892.471710598013,
          2978.06238989145,
          2961.240133603344,
          3088.355796435619,
          3221.4830002372114,
          3216.497892143721,
          3083.3426437825074,
          3143.756083365933,
          3207.8724344147527,
          3151.01686043717,
          3224.707565211527,
          3166.288705650793,
          3183.50434152534,
          3198.714209536159,
          3236.047508707515,
          3196.4697802082187,
          3162.3946832650104,
          3215.315880348387,
          3191.0708960977863,
          3211.0235831064815,
          3205.3548580076003,
          3217.139760060666,
          3217.2819856775345,
          3224.2261370917277,
          3197.4724393666297,
          3207.877639650373,
          3244.0552769782885
        ]
      },
      "pp_req_throughput": {
        "mean": 3110.205760668551,
        "std": 188.32187276423898,
        "values": [
          2432.965413074335,
          2662.4395612861686,
          2767.7236502962846,
          2892.471710598013,
          2978.06238989145,
          2961.240133603344,
          3088.355796435619,
          3221.4830002372114,
          3216.497892143721,
          3083.3426437825074,
          3143.756083365933,
          3207.8724344147527,
          3151.01686043717,
          3224.707565211527,
          3166.288705650793,
          3183.50434152534,
          3198.714209536159,
          3236.047508707515,
          3196.4697802082187,
          3162.3946832650104,
          3215.315880348387,
          3191.0708960977863,
          3211.0235831064815,
          3205.3548580076003,
          3217.139760060666,
          3217.2819856775345,
          3224.2261370917277,
          3197.4724393666297,
          3207.877639650373,
          3244.0552769782885
        ]
      },
      "tg_throughput": {
        "mean": 11.552419840217278,
        "std": 0.028071926573675708,
        "values": [
          11.627497079107682,
          11.643291275857406,
          11.589533106665321,
          11.547379781896188,
          11.534029447410296,
          11.535443555880729,
          11.565560558027595,
          11.54703659562356,
          11.566847040336363,
          11.543981241532691,
          11.52583667466145,
          11.539212855748278,
          11.560372912946681,
          11.583235784773237,
          11.555980602931394,
          11.5197271034404,
          11.550441729695441,
          11.561130994258871,
          11.53298087993516,
          11.52537514276782,
          11.533175480615071,
          11.561984418718849,
          11.559151931395235,
          11.542103855557572,
          11.529866309243731,
          11.541412922603053,
          11.547145005803849,
          11.514675116887808,
          11.533195999152493,
          11.554989803044043
        ]
      },
      "tg_req_throughput": {
        "mean": 11.552419840217278,
        "std": 0.028071926573675708,
        "values": [
          11.627497079107682,
          11.643291275857406,
          11.589533106665321,
          11.547379781896188,
          11.534029447410296,
          11.535443555880729,
          11.565560558027595,
          11.54703659562356,
          11.566847040336363,
          11.543981241532691,
          11.52583667466145,
          11.539212855748278,
          11.560372912946681,
          11.583235784773237,
          11.555980602931394,
          11.5197271034404,
          11.550441729695441,
          11.561130994258871,
          11.53298087993516,
          11.52537514276782,
          11.533175480615071,
          11.561984418718849,
          11.559151931395235,
          11.542103855557572,
          11.529866309243731,
          11.541412922603053,
          11.547145005803849,
          11.514675116887808,
          11.533195999152493,
          11.554989803044043
        ]
      },
      "peak_throughput": {
        "mean": 12.0,
        "std": 0.0,
        "values": [
          12.0,
          12.0,
          12.0,
          12.0,
          12.0,
          12.0,
          12.0,
          12.0,
          12.0,
          12.0,
          12.0,
          12.0,
          12.0,
          12.0,
          12.0,
          12.0,
          12.0,
          12.0,
          12.0,
          12.0,
          12.0,
          12.0,
          12.0,
          12.0,
          12.0,
          12.0,
          12.0,
          12.0,
          12.0,
          12.0
        ]
      },
      "peak_req_throughput": {
        "mean": 12.0,
        "std": 0.0,
        "values": [
          12.0,
          12.0,
          12.0,
          12.0,
          12.0,
          12.0,
          12.0,
          12.0,
          12.0,
          12.0,
          12.0,
          12.0,
          12.0,
          12.0,
          12.0,
          12.0,
          12.0,
          12.0,
          12.0,
          12.0,
          12.0,
          12.0,
          12.0,
          12.0,
          12.0,
          12.0,
          12.0,
          12.0,
          12.0,
          12.0
        ]
      },
      "ttfr": {
        "mean": 665.8377835333037,
        "std": 46.817669406536574,
        "values": [
          847.200955999142,
          774.2949270032113,
          744.8909799932153,
          712.8218389989343,
          692.3729870031821,
          696.2987330043688,
          668.3412259953911,
          640.4662630011444,
          641.1459510054556,
          668.7770779972197,
          655.9505740005989,
          642.8663420010707,
          654.4421310027246,
          639.517038995109,
          651.291949005099,
          647.7770529963891,
          644.3905260020983,
          637.2806310027954,
          645.154909005214,
          652.0922939962475,
          641.0701519998838,
          646.2441960029537,
          642.2367580016726,
          643.0582530010724,
          641.018296002585,
          640.9900169965113,
          639.6123319937033,
          644.9530159952701,
          642.865301000711,
          635.7107969961362
        ]
      },
      "est_ppt": {
        "mean": 664.5181495376161,
        "std": 46.81766940653658,
        "values": [
          845.8813220034548,
          772.9752930075241,
          743.571345997528,
          711.502205003247,
          691.0533530074948,
          694.9790990086816,
          667.0215919997039,
          639.1466290054572,
          639.8263170097683,
          667.4574440015325,
          654.6309400049116,
          641.5467080053835,
          653.1224970070374,
          638.1974049994218,
          649.9723150094118,
          646.4574190007019,
          643.0708920064111,
          635.9609970071082,
          643.8352750095268,
          650.7726600005602,
          639.7505180041966,
          644.9245620072664,
          640.9171240059853,
          641.7386190053852,
          639.6986620068977,
          639.670383000824,
          638.292697998016,
          643.6333819995829,
          641.5456670050238,
          634.391163000449
        ]
      },
      "e2e_ttft": {
        "mean": 665.8377835333037,
        "std": 46.817669406536574,