{
  "version": "0.3.7",
  "timestamp": "2026-05-10 03:15:00Z",
  "latency_mode": "api",
  "latency_ms": 1.225172001189397,
  "model": "qwen35-27b-axionml-nvfp4",
  "prefix_caching_enabled": false,
  "max_concurrency": 1,
  "benchmarks": [
    {
      "concurrency": 1,
      "context_size": 0,
      "prompt_size": 2048,
      "response_size": 32,
      "is_context_prefill_phase": false,
      "pp_throughput": {
        "mean": 3108.4516776757173,
        "std": 2.407435353908051,
        "values": [
          3105.4211908385955,
          3108.6231467001217,
          3111.3106954884356
        ]
      },
      "pp_req_throughput": {
        "mean": 3108.4516776757173,
        "std": 2.407435353908051,
        "values": [
          3105.4211908385955,
          3108.6231467001217,
          3111.3106954884356
        ]
      },
      "tg_throughput": {
        "mean": 11.523292806254053,
        "std": 0.02252438187122393,
        "values": [
          11.554945122125366,
          11.510568235494013,
          11.504365061142774
        ]
      },
      "tg_req_throughput": {
        "mean": 11.523292806254053,
        "std": 0.02252438187122393,
        "values": [
          11.554945122125366,
          11.510568235494013,
          11.504365061142774
        ]
      },
      "peak_throughput": {
        "mean": 12.0,
        "std": 0.0,
        "values": [
          12.0,
          12.0,
          12.0
        ]
      },
      "peak_req_throughput": {
        "mean": 12.0,
        "std": 0.0,
        "values": [
          12.0,
          12.0,
          12.0
        ]
      },
      "ttfr": {
        "mean": 663.3985583296939,
        "std": 0.4132387015448092,
        "values": [
          663.9372079953318,
          662.9329129937105,
          663.3255540000391
        ]
      },
      "est_ppt": {
        "mean": 662.1733863285044,
        "std": 0.4132387015448092,
        "values": [
          662.7120359941424,
          661.707740992521,
          662.1003819988497
        ]
      },
      "e2e_ttft": {
        "mean": 663.3985583296939,
        "std": 0.4132387015448092,
        "values": [
          663.9372079953318,
          662.9329129937105,
          663.3255540000391
        ]
      },
      "throughput_over_time": null,
      "requests_throughput_over_time": null
    }
  ]
}