{
  "version": "0.3.7",
  "timestamp": "2026-05-09 00:34:55Z",
  "latency_mode": "api",
  "latency_ms": 1.6173456679098308,
  "model": "qwen35-27b-axionml-nvfp4",
  "prefix_caching_enabled": false,
  "max_concurrency": 1,
  "benchmarks": [
    {
      "concurrency": 1,
      "context_size": 0,
      "prompt_size": 2048,
      "response_size": 32,
      "is_context_prefill_phase": false,
      "pp_throughput": {
        "mean": 2909.40404724013,
        "std": 163.8751662585437,
        "values": [
          3144.967120363786,
          2645.470820797695,
          2869.0926246128647,
          2893.0444855590235,
          2994.4451848672825
        ]
      },
      "pp_req_throughput": {
        "mean": 2909.40404724013,
        "std": 163.8751662585437,
        "values": [
          3144.967120363786,
          2645.470820797695,
          2869.0926246128647,
          2893.0444855590235,
          2994.4451848672825
        ]
      },
      "tg_throughput": {
        "mean": 11.583317583591676,
        "std": 0.026432401681711952,
        "values": [
          11.630422245329934,
          11.579794035790151,
          11.586873351239825,
          11.568071055451707,
          11.55142723014677
        ]
      },
      "tg_req_throughput": {
        "mean": 11.583317583591676,
        "std": 0.026432401681711952,
        "values": [
          11.630422245329934,
          11.579794035790151,
          11.586873351239825,
          11.568071055451707,
          11.55142723014677
        ]
      },
      "peak_throughput": {
        "mean": 12.0,
        "std": 0.0,
        "values": [
          12.0,
          12.0,
          12.0,
          12.0,
          12.0
        ]
      },
      "peak_req_throughput": {
        "mean": 12.0,
        "std": 0.0,
        "values": [
          12.0,
          12.0,
          12.0,
          12.0,
          12.0
        ]
      },
      "ttfr": {
        "mean": 711.2665590007964,
        "std": 40.69328269072797,
        "values": [
          655.9962059982354,
          779.5507040027587,
          718.9172969992796,
          712.9786850018718,
          688.8899030018365
        ]
      },
      "est_ppt": {
        "mean": 709.6492133328866,
        "std": 40.69328269072797,
        "values": [
          654.3788603303256,
          777.9333583348489,
          717.2999513313698,
          711.361339333962,
          687.2725573339267
        ]
      },
      "e2e_ttft": {
        "mean": 711.2665590007964,
        "std": 40.69328269072797,
        "values": [
          655.9962059982354,
          779.5507040027587,
          718.9172969992796,
          712.9786850018718,
          688.8899030018365
        ]
      },
      "throughput_over_time": null,
      "requests_throughput_over_time": null
    }
  ]
}