{
  "version": "0.3.7",
  "timestamp": "2026-05-09 02:04:44Z",
  "latency_mode": "api",
  "latency_ms": 1.9963313340364643,
  "model": "qwen35-27b-axionml-nvfp4",
  "prefix_caching_enabled": false,
  "max_concurrency": 1,
  "benchmarks": [
    {
      "concurrency": 1,
      "context_size": 0,
      "prompt_size": 2048,
      "response_size": 32,
      "is_context_prefill_phase": false,
      "pp_throughput": {
        "mean": 3309.202403894231,
        "std": 6.926509124971274,
        "values": [
          3299.847647434273,
          3316.3959680610237,
          3311.3635961873965
        ]
      },
      "pp_req_throughput": {
        "mean": 3309.202403894231,
        "std": 6.926509124971274,
        "values": [
          3299.847647434273,
          3316.3959680610237,
          3311.3635961873965
        ]
      },
      "tg_throughput": {
        "mean": 11.59959078041311,
        "std": 0.02927177053691236,
        "values": [
          11.640630994189753,
          11.574377011263387,
          11.583764335786192
        ]
      },
      "tg_req_throughput": {
        "mean": 11.59959078041311,
        "std": 0.02927177053691236,
        "values": [
          11.640630994189753,
          11.574377011263387,
          11.583764335786192
        ]
      },
      "peak_throughput": {
        "mean": 12.0,
        "std": 0.0,
        "values": [
          12.0,
          12.0,
          12.0
        ]
      },
      "peak_req_throughput": {
        "mean": 12.0,
        "std": 0.0,
        "values": [
          12.0,
          12.0,
          12.0
        ]
      },
      "ttfr": {
        "mean": 623.9011813304387,
        "std": 1.3029085069552553,
        "values": [
          625.6614879966946,
          622.5494919999619,
          623.4925639946596
        ]
      },
      "est_ppt": {
        "mean": 621.9048499964023,
        "std": 1.3029085069552553,
        "values": [
          623.6651566626582,
          620.5531606659255,
          621.4962326606231
        ]
      },
      "e2e_ttft": {
        "mean": 623.9011813304387,
        "std": 1.3029085069552553,
        "values": [
          625.6614879966946,
          622.5494919999619,
          623.4925639946596
        ]
      },
      "throughput_over_time": null,
      "requests_throughput_over_time": null
    }
  ]
}