{
  "version": "0.3.7",
  "timestamp": "2026-05-08 19:24:01Z",
  "latency_mode": "api",
  "latency_ms": 1.4136870007253795,
  "model": "qwen35-27b-axionml-nvfp4",
  "prefix_caching_enabled": false,
  "max_concurrency": 1,
  "benchmarks": [
    {
      "concurrency": 1,
      "context_size": 0,
      "prompt_size": 2048,
      "response_size": 32,
      "is_context_prefill_phase": false,
      "pp_throughput": {
        "mean": 2745.420566600962,
        "std": 110.17144839826173,
        "values": [
          2590.9531330534924,
          2805.005457827374,
          2840.3031089220194
        ]
      },
      "pp_req_throughput": {
        "mean": 2745.420566600962,
        "std": 110.17144839826173,
        "values": [
          2590.9531330534924,
          2805.005457827374,
          2840.3031089220194
        ]
      },
      "tg_throughput": {
        "mean": 12.080136005872097,
        "std": 0.033567116682235,
        "values": [
          12.119518805262953,
          12.083398327392256,
          12.037490884961082
        ]
      },
      "tg_req_throughput": {
        "mean": 12.080136005872097,
        "std": 0.033567116682235,
        "values": [
          12.119518805262953,
          12.083398327392256,
          12.037490884961082
        ]
      },
      "peak_throughput": {
        "mean": 13.0,
        "std": 0.0,
        "values": [
          13.0,
          13.0,
          13.0
        ]
      },
      "peak_req_throughput": {
        "mean": 13.0,
        "std": 0.0,
        "values": [
          13.0,
          13.0,
          13.0
        ]
      },
      "ttfr": {
        "mean": 752.1387856662235,
        "std": 30.766817756519067,
        "values": [
          795.330015998843,
          735.1020989990502,
          725.9842420007772
        ]
      },
      "est_ppt": {
        "mean": 750.7250986654981,
        "std": 30.766817756519067,
        "values": [
          793.9163289981176,
          733.6884119983248,
          724.5705550000517
        ]
      },
      "e2e_ttft": {
        "mean": 752.1387856662235,
        "std": 30.766817756519067,
        "values": [
          795.330015998843,
          735.1020989990502,
          725.9842420007772
        ]
      },
      "throughput_over_time": null,
      "requests_throughput_over_time": null
    }
  ]
}