{
  "version": "0.3.7",
  "timestamp": "2026-05-08 21:46:05Z",
  "latency_mode": "api",
  "latency_ms": 1.7374380004184786,
  "model": "qwen35-27b-axionml-nvfp4",
  "prefix_caching_enabled": false,
  "max_concurrency": 1,
  "benchmarks": [
    {
      "concurrency": 1,
      "context_size": 0,
      "prompt_size": 2048,
      "response_size": 32,
      "is_context_prefill_phase": false,
      "pp_throughput": {
        "mean": 2873.0251166379394,
        "std": 199.41151726948164,
        "values": [
          2494.6714702278755,
          2847.903539271596,
          3025.427781124404,
          2986.3773177243143,
          3010.7454748415075
        ]
      },
      "pp_req_throughput": {
        "mean": 2873.0251166379394,
        "std": 199.41151726948164,
        "values": [
          2494.6714702278755,
          2847.903539271596,
          3025.427781124404,
          2986.3773177243143,
          3010.7454748415075
        ]
      },
      "tg_throughput": {
        "mean": 10.097763200784188,
        "std": 2.3347867653255454,
        "values": [
          6.1113427241376455,
          11.03593858920537,
          11.181830848806506,
          12.06194064098723
        ]
      },
      "tg_req_throughput": {
        "mean": 10.097763200784188,
        "std": 2.3347867653255454,
        "values": [
          6.1113427241376455,
          11.03593858920537,
          11.181830848806506,
          12.06194064098723
        ]
      },
      "peak_throughput": {
        "mean": 13.10326366259888,
        "std": 7.58735619416934,
        "values": [
          24.988427546954895,
          13.389359949645863,
          13.138530816393649,
          1.0,
          13.0
        ]
      },
      "peak_req_throughput": {
        "mean": 13.10326366259888,
        "std": 7.58735619416934,
        "values": [
          24.988427546954895,
          13.389359949645863,
          13.138530816393649,
          1.0,
          13.0
        ]
      },
      "ttfr": {
        "mean": 705.6864336991566,
        "std": 45.72258903824095,
        "values": [
          826.6957640007604,
          724.3742729988298,
          714.9656989968207,
          718.3755689984537,
          681.9718209990242,
          690.8667009993223,
          684.0475989993138,
          685.9533629976795,
          646.3134580008045,
          683.3000900005572
        ]
      },
      "est_ppt": {
        "mean": 720.2349463987048,
        "std": 54.47519402231744,
        "values": [
          824.9583260003419,
          722.6368349984114,
          680.2343829986057,
          689.1292629989039,
          684.215924997261
        ]
      },
      "e2e_ttft": {
        "mean": 721.9723843991233,
        "std": 54.47519402231744,
        "values": [
          826.6957640007604,
          724.3742729988298,
          681.9718209990242,
          690.8667009993223,
          685.9533629976795
        ]
      },
      "throughput_over_time": null,
      "requests_throughput_over_time": null
    }
  ]
}