{
  "version": "0.3.7",
  "timestamp": "2026-05-10 05:25:26Z",
  "latency_mode": "api",
  "latency_ms": 1.474785332296354,
  "model": "qwen35-27b-axionml-nvfp4",
  "prefix_caching_enabled": false,
  "max_concurrency": 1,
  "benchmarks": [
    {
      "concurrency": 1,
      "context_size": 0,
      "prompt_size": 2048,
      "response_size": 32,
      "is_context_prefill_phase": false,
      "pp_throughput": {
        "mean": 3278.1028942372063,
        "std": 11.119667797546358,
        "values": [
          3281.365037817582,
          3291.1137930416467,
          3290.6147334895345,
          3287.8237200611475,
          3287.069997125237,
          3276.6876021536245,
          3306.485332927873,
          3271.3622987110793,
          3267.5256438539477,
          3273.1485624328,
          3267.1938015841074,
          3275.280672159778,
          3280.9305033294654,
          3288.9090434391005,
          3264.776283655831,
          3270.878199278736,
          3273.5614070723695,
          3271.343287352677,
          3265.3410488303603,
          3285.4019913775255,
          3283.9969144052384,
          3297.4707700683934,
          3275.0574175102574,
          3268.357410396585,
          3267.9570238165848,
          3272.1915300312894,
          3282.2425766072274,
          3293.0961591205933,
          3256.184576064613,
          3269.7194894009713
        ]
      },
      "pp_req_throughput": {
        "mean": 3278.1028942372063,
        "std": 11.119667797546358,
        "values": [
          3281.365037817582,
          3291.1137930416467,
          3290.6147334895345,
          3287.8237200611475,
          3287.069997125237,
          3276.6876021536245,
          3306.485332927873,
          3271.3622987110793,
          3267.5256438539477,
          3273.1485624328,
          3267.1938015841074,
          3275.280672159778,
          3280.9305033294654,
          3288.9090434391005,
          3264.776283655831,
          3270.878199278736,
          3273.5614070723695,
          3271.343287352677,
          3265.3410488303603,
          3285.4019913775255,
          3283.9969144052384,
          3297.4707700683934,
          3275.0574175102574,
          3268.357410396585,
          3267.9570238165848,
          3272.1915300312894,
          3282.2425766072274,
          3293.0961591205933,
          3256.184576064613,
          3269.7194894009713
        ]
      },
      "tg_throughput": {
        "mean": 11.520919565099462,
        "std": 0.023880917814588284,
        "values": [
          11.57398401532726,
          11.574265902456096,
          11.537810083072616,
          11.540273949964828,
          11.483752389281987,
          11.56442099916588,
          11.533470633669832,
          11.515506382314424,
          11.530665882678994,
          11.526526138079916,
          11.528318434756958,
          11.484336427975126,
          11.539475620686774,
          11.536143429162541,
          11.532698013946469,
          11.482454619506516,
          11.499296600642785,
          11.507100796928924,
          11.495686062045488,
          11.518355346024837,
          11.501224167623993,
          11.510003026000902,
          11.501792424287308,
          11.513568543326656,
          11.500879682964763,
          11.542281814681738,
          11.527019981510128,
          11.51412100805922,
          11.505034071622491,
          11.50712050521841
        ]
      },
      "tg_req_throughput": {
        "mean": 11.520919565099462,
        "std": 0.023880917814588284,
        "values": [
          11.57398401532726,
          11.574265902456096,
          11.537810083072616,
          11.540273949964828,
          11.483752389281987,
          11.56442099916588,
          11.533470633669832,
          11.515506382314424,
          11.530665882678994,
          11.526526138079916,
          11.528318434756958,
          11.484336427975126,
          11.539475620686774,
          11.536143429162541,
          11.532698013946469,
          11.482454619506516,
          11.499296600642785,
          11.507100796928924,
          11.495686062045488,
          11.518355346024837,
          11.501224167623993,
          11.510003026000902,
          11.501792424287308,
          11.513568543326656,
          11.500879682964763,
          11.542281814681738,
          11.527019981510128,
          11.51412100805922,
          11.505034071622491,
          11.50712050521841
        ]
      },
      "peak_throughput": {
        "mean": 12.0,
        "std": 0.0,
        "values": [
          12.0,
          12.0,
          12.0,
          12.0,
          12.0,
          12.0,
          12.0,
          12.0,
          12.0,
          12.0,
          12.0,
          12.0,
          12.0,
          12.0,
          12.0,
          12.0,
          12.0,
          12.0,
          12.0,
          12.0,
          12.0,
          12.0,
          12.0,
          12.0,
          12.0,
          12.0,
          12.0,
          12.0,
          12.0,
          12.0
        ]
      },
      "peak_req_throughput": {
        "mean": 12.0,
        "std": 0.0,
        "values": [
          12.0,
          12.0,
          12.0,
          12.0,
          12.0,
          12.0,
          12.0,
          12.0,
          12.0,
          12.0,
          12.0,
          12.0,
          12.0,
          12.0,
          12.0,
          12.0,
          12.0,
          12.0,
          12.0,
          12.0,
          12.0,
          12.0,
          12.0,
          12.0,
          12.0,
          12.0,
          12.0,
          12.0,
          12.0,
          12.0
        ]
      },
      "ttfr": {
        "mean": 629.3248199988739,
        "std": 2.1323626883856583,
        "values": [
          628.6527970078168,
          626.7950049950741,
          626.8898419948528,
          627.4207530077547,
          627.564281996456,
          629.8532729997532,
          623.8879500015173,
          630.5704990081722,
          631.309168995358,
          630.2271809981903,
          631.3731400005054,
          629.8178819997702,
          628.7358620029408,
          627.2141939989524,
          632.1458699967479,
          630.6636069930391,
          630.1478859968483,
          630.5741549876984,
          631.7305439879419,
          627.8821489977418,
          628.150160991936,
          625.8927540038712,
          629.8607149947202,
          631.1488820065279,
          631.226028999663,
          630.4110750061227,
          628.4851149976021,
          626.4185769978212,
          633.5028390021762,
          631.1924129986437
        ]
      },
      "est_ppt": {
        "mean": 627.8500346665776,
        "std": 2.132362688385658,
        "values": [
          627.1780116755205,
          625.3202196627777,
          625.4150566625564,
          625.9459676754583,
          626.0894966641596,
          628.3784876674569,
          622.4131646692209,
          629.0957136758758,
          629.8343836630617,
          628.7523956658939,
          629.898354668209,
          628.3430966674738,
          627.2610766706445,
          625.739408666656,
          630.6710846644515,
          629.1888216607427,
          628.673100664552,
          629.099369655402,
          630.2557586556455,
          626.4073636654454,
          626.6753756596396,
          624.4179686715748,
          628.3859296624238,
          629.6740966742315,
          629.7512436673666,
          628.9362896738263,
          627.0103296653057,
          624.9437916655248,
          632.0280536698798,
          629.7176276663473
        ]
      },
      "e2e_ttft": {
        "mean": 629.3248199988739,
        "std": 2.1323626883856583,