{
  "version": "0.3.7",
  "timestamp": "2026-05-09 00:17:49Z",
  "latency_mode": "api",
  "latency_ms": 1.7698600022413302,
  "model": "qwen35-27b-axionml-nvfp4",
  "prefix_caching_enabled": false,
  "max_concurrency": 1,
  "benchmarks": [
    {
      "concurrency": 1,
      "context_size": 0,
      "prompt_size": 2048,
      "response_size": 32,
      "is_context_prefill_phase": false,
      "pp_throughput": {
        "mean": 2943.8224412965797,
        "std": 107.73050999950689,
        "values": [
          2751.730749061423,
          2905.4402366701747,
          2990.8374952244026,
          3017.9747008069326,
          3053.129024719963
        ]
      },
      "pp_req_throughput": {
        "mean": 2943.8224412965797,
        "std": 107.73050999950689,
        "values": [
          2751.730749061423,
          2905.4402366701747,
          2990.8374952244026,
          3017.9747008069326,
          3053.129024719963
        ]
      },
      "tg_throughput": {
        "mean": 11.59099797633813,
        "std": 0.017382412635373327,
        "values": [
          11.620590228587393,
          11.567747016589049,
          11.586566074229518,
          11.596083487287856,
          11.584003074996835
        ]
      },
      "tg_req_throughput": {
        "mean": 11.59099797633813,
        "std": 0.017382412635373327,
        "values": [
          11.620590228587393,
          11.567747016589049,
          11.586566074229518,
          11.596083487287856,
          11.584003074996835
        ]
      },
      "peak_throughput": {
        "mean": 12.0,
        "std": 0.0,
        "values": [
          12.0,
          12.0,
          12.0,
          12.0,
          12.0
        ]
      },
      "peak_req_throughput": {
        "mean": 12.0,
        "std": 0.0,
        "values": [
          12.0,
          12.0,
          12.0,
          12.0,
          12.0
        ]
      },
      "ttfr": {
        "mean": 701.7631396003708,
        "std": 26.520082560596276,
        "values": [
          749.6628000008059,
          710.0962519980385,
          689.8714380004094,
          683.3527769995271,
          675.832431003073
        ]
      },
      "est_ppt": {
        "mean": 699.9932795981294,
        "std": 26.520082560596276,
        "values": [
          747.8929399985645,
          708.3263919957972,
          688.1015779981681,
          681.5829169972858,
          674.0625710008317
        ]
      },
      "e2e_ttft": {
        "mean": 701.7631396003708,
        "std": 26.520082560596276,
        "values": [
          749.6628000008059,
          710.0962519980385,
          689.8714380004094,
          683.3527769995271,
          675.832431003073
        ]
      },
      "throughput_over_time": null,
      "requests_throughput_over_time": null
    }
  ]
}