{
  "version": "0.3.7",
  "timestamp": "2026-05-09 03:41:39Z",
  "latency_mode": "api",
  "latency_ms": 1.4787473313238781,
  "model": "qwen35-27b-axionml-nvfp4",
  "prefix_caching_enabled": false,
  "max_concurrency": 1,
  "benchmarks": [
    {
      "concurrency": 1,
      "context_size": 0,
      "prompt_size": 2048,
      "response_size": 32,
      "is_context_prefill_phase": false,
      "pp_throughput": {
        "mean": 2908.706051524573,
        "std": 129.41253759441963,
        "values": [
          2701.63891538068,
          2915.042671978418,
          2856.78217335655,
          2979.3203131888763,
          3090.7461837183378
        ]
      },
      "pp_req_throughput": {
        "mean": 2908.706051524573,
        "std": 129.41253759441963,
        "values": [
          2701.63891538068,
          2915.042671978418,
          2856.78217335655,
          2979.3203131888763,
          3090.7461837183378
        ]
      },
      "tg_throughput": {
        "mean": 11.581013376988896,
        "std": 0.022984395412257535,
        "values": [
          11.601744837591953,
          11.573408732720731,
          11.604344889826388,
          11.541049174849865,
          11.584519249955537
        ]
      },
      "tg_req_throughput": {
        "mean": 11.581013376988896,
        "std": 0.022984395412257535,
        "values": [
          11.601744837591953,
          11.573408732720731,
          11.604344889826388,
          11.541049174849865,
          11.584519249955537
        ]
      },
      "peak_throughput": {
        "mean": 12.0,
        "std": 0.0,
        "values": [
          12.0,
          12.0,
          12.0,
          12.0,
          12.0
        ]
      },
      "peak_req_throughput": {
        "mean": 12.0,
        "std": 0.0,
        "values": [
          12.0,
          12.0,
          12.0,
          12.0,
          12.0
        ]
      },
      "ttfr": {
        "mean": 710.3644315997371,
        "std": 32.026563084022435,
        "values": [
          763.2385769975372,
          707.4718430012581,
          721.8696889976854,
          691.9046780021745,
          667.3373710000305
        ]
      },
      "est_ppt": {
        "mean": 708.8856842684132,
        "std": 32.026563084022435,
        "values": [
          761.7598296662132,
          705.9930956699342,
          720.3909416663615,
          690.4259306708506,
          665.8586236687066
        ]
      },
      "e2e_ttft": {
        "mean": 710.3644315997371,
        "std": 32.026563084022435,
        "values": [
          763.2385769975372,
          707.4718430012581,
          721.8696889976854,
          691.9046780021745,
          667.3373710000305
        ]
      },
      "throughput_over_time": null,
      "requests_throughput_over_time": null
    }
  ]
}