{
  "version": "0.3.7",
  "timestamp": "2026-05-10 02:35:44Z",
  "latency_mode": "api",
  "latency_ms": 1.986112334028197,
  "model": "qwen35-27b-axionml-nvfp4",
  "prefix_caching_enabled": false,
  "max_concurrency": 1,
  "benchmarks": [
    {
      "concurrency": 1,
      "context_size": 0,
      "prompt_size": 2048,
      "response_size": 32,
      "is_context_prefill_phase": false,
      "pp_throughput": {
        "mean": 2628.70784945775,
        "std": 118.2874579296777,
        "values": [
          2484.7200352645827,
          2626.9554612026122,
          2774.4480519060553
        ]
      },
      "pp_req_throughput": {
        "mean": 2628.70784945775,
        "std": 118.2874579296777,
        "values": [
          2484.7200352645827,
          2626.9554612026122,
          2774.4480519060553
        ]
      },
      "tg_throughput": {
        "mean": 11.564765825976188,
        "std": 0.01250834359143006,
        "values": [
          11.573530782689668,
          11.573690099268894,
          11.547076595970003
        ]
      },
      "tg_req_throughput": {
        "mean": 11.564765825976188,
        "std": 0.01250834359143006,
        "values": [
          11.573530782689668,
          11.573690099268894,
          11.547076595970003
        ]
      },
      "peak_throughput": {
        "mean": 12.0,
        "std": 0.0,
        "values": [
          12.0,
          12.0,
          12.0
        ]
      },
      "peak_req_throughput": {
        "mean": 12.0,
        "std": 0.0,
        "values": [
          12.0,
          12.0,
          12.0
        ]
      },
      "ttfr": {
        "mean": 786.4687426651168,
        "std": 35.318735887378416,
        "values": [
          830.2484399973764,
          785.4025159977027,
          743.7552720002714
        ]
      },
      "est_ppt": {
        "mean": 784.4826303310887,
        "std": 35.318735887378416,
        "values": [
          828.2623276633482,
          783.4164036636745,
          741.7691596662431
        ]
      },
      "e2e_ttft": {
        "mean": 786.4687426651168,
        "std": 35.318735887378416,
        "values": [
          830.2484399973764,
          785.4025159977027,
          743.7552720002714
        ]
      },
      "throughput_over_time": null,
      "requests_throughput_over_time": null
    }
  ]
}