{
  "version": "0.3.7",
  "timestamp": "2026-05-08 18:01:02Z",
  "latency_mode": "api",
  "latency_ms": 1.6395736665799632,
  "model": "qwen35-27b-axionml-nvfp4",
  "prefix_caching_enabled": false,
  "max_concurrency": 1,
  "benchmarks": [
    {
      "concurrency": 1,
      "context_size": 0,
      "prompt_size": 2048,
      "response_size": 32,
      "is_context_prefill_phase": false,
      "pp_throughput": {
        "mean": 2831.380323048769,
        "std": 154.18345638376988,
        "values": [
          2613.51717828917,
          2820.70434470494,
          3083.2154070417187,
          2758.1202320758402,
          2881.344453132175
        ]
      },
      "pp_req_throughput": {
        "mean": 2831.380323048769,
        "std": 154.18345638376988,
        "values": [
          2613.51717828917,
          2820.70434470494,
          3083.2154070417187,
          2758.1202320758402,
          2881.344453132175
        ]
      },
      "tg_throughput": {
        "mean": 11.628474568889084,
        "std": 0.02053466593413551,
        "values": [
          11.663741069305551,
          11.630694827247227,
          11.626194393829387,
          11.62170538889165,
          11.60003716517161
        ]
      },
      "tg_req_throughput": {
        "mean": 11.628474568889084,
        "std": 0.02053466593413551,
        "values": [
          11.663741069305551,
          11.630694827247227,
          11.626194393829387,
          11.62170538889165,
          11.60003716517161
        ]
      },
      "peak_throughput": {
        "mean": 12.0,
        "std": 0.0,
        "values": [
          12.0,
          12.0,
          12.0,
          12.0,
          12.0
        ]
      },
      "peak_req_throughput": {
        "mean": 12.0,
        "std": 0.0,
        "values": [
          12.0,
          12.0,
          12.0,
          12.0,
          12.0
        ]
      },
      "ttfr": {
        "mean": 730.7050718000028,
        "std": 39.38813965482318,
        "values": [
          789.4668039998578,
          731.2445759998809,
          669.1245620004338,
          747.7999390002878,
          715.8894779995535
        ]
      },
      "est_ppt": {
        "mean": 729.0654981334228,
        "std": 39.38813965482318,
        "values": [
          787.8272303332778,
          729.605002333301,
          667.4849883338538,
          746.1603653337079,
          714.2499043329735
        ]
      },
      "e2e_ttft": {
        "mean": 730.7050718000028,
        "std": 39.38813965482318,
        "values": [
          789.4668039998578,
          731.2445759998809,
          669.1245620004338,
          747.7999390002878,
          715.8894779995535
        ]
      },
      "throughput_over_time": null,
      "requests_throughput_over_time": null
    }
  ]
}