{
  "version": "0.3.7",
  "timestamp": "2026-05-09 03:51:32Z",
  "latency_mode": "api",
  "latency_ms": 1.8050353367774126,
  "model": "qwen35-27b-axionml-nvfp4",
  "prefix_caching_enabled": false,
  "max_concurrency": 1,
  "benchmarks": [
    {
      "concurrency": 1,
      "context_size": 0,
      "prompt_size": 2048,
      "response_size": 32,
      "is_context_prefill_phase": false,
      "pp_throughput": {
        "mean": 2879.4528010713634,
        "std": 82.02206399335914,
        "values": [
          2765.7665752959747,
          2916.3457253808347,
          2956.2461025372795
        ]
      },
      "pp_req_throughput": {
        "mean": 2879.4528010713634,
        "std": 82.02206399335914,
        "values": [
          2765.7665752959747,
          2916.3457253808347,
          2956.2461025372795
        ]
      },
      "tg_throughput": {
        "mean": 11.606066748483057,
        "std": 0.0254406012044221,
        "values": [
          11.642042586764688,
          11.588453768556025,
          11.587703890128454
        ]
      },
      "tg_req_throughput": {
        "mean": 11.606066748483057,
        "std": 0.0254406012044221,
        "values": [
          11.642042586764688,
          11.588453768556025,
          11.587703890128454
        ]
      },
      "peak_throughput": {
        "mean": 12.0,
        "std": 0.0,
        "values": [
          12.0,
          12.0,
          12.0
        ]
      },
      "peak_req_throughput": {
        "mean": 12.0,
        "std": 0.0,
        "values": [
          12.0,
          12.0,
          12.0
        ]
      },
      "ttfr": {
        "mean": 716.993944333808,
        "std": 20.556892826007147,
        "values": [
          745.5409739995957,
          707.4826859970926,
          697.9581730047357
        ]
      },
      "est_ppt": {
        "mean": 715.1889089970306,
        "std": 20.556892826007147,
        "values": [
          743.7359386628183,
          705.6776506603152,
          696.1531376679583
        ]
      },
      "e2e_ttft": {
        "mean": 716.993944333808,
        "std": 20.556892826007147,
        "values": [
          745.5409739995957,
          707.4826859970926,
          697.9581730047357
        ]
      },
      "throughput_over_time": null,
      "requests_throughput_over_time": null
    }
  ]
}