{
  "version": "0.3.7",
  "timestamp": "2026-05-10 00:07:27Z",
  "latency_mode": "api",
  "latency_ms": 2.0007070003581853,
  "model": "qwen35-27b-axionml-nvfp4",
  "prefix_caching_enabled": false,
  "max_concurrency": 1,
  "benchmarks": [
    {
      "concurrency": 1,
      "context_size": 0,
      "prompt_size": 2048,
      "response_size": 32,
      "is_context_prefill_phase": false,
      "pp_throughput": {
        "mean": 2907.1340870506433,
        "std": 150.4311534839259,
        "values": [
          2696.3706618799256,
          2987.4482535756665,
          3037.5833456963387
        ]
      },
      "pp_req_throughput": {
        "mean": 2907.1340870506433,
        "std": 150.4311534839259,
        "values": [
          2696.3706618799256,
          2987.4482535756665,
          3037.5833456963387
        ]
      },
      "tg_throughput": {
        "mean": 11.585295031889506,
        "std": 0.017606370860333172,
        "values": [
          11.602345872940663,
          11.592483556027618,
          11.561055666700238
        ]
      },
      "tg_req_throughput": {
        "mean": 11.585295031889506,
        "std": 0.017606370860333172,
        "values": [
          11.602345872940663,
          11.592483556027618,
          11.561055666700238
        ]
      },
      "peak_throughput": {
        "mean": 12.0,
        "std": 0.0,
        "values": [
          12.0,
          12.0,
          12.0
        ]
      },
      "peak_req_throughput": {
        "mean": 12.0,
        "std": 0.0,
        "values": [
          12.0,
          12.0,
          12.0
        ]
      },
      "ttfr": {
        "mean": 711.7579770007675,
        "std": 37.84726333987027,
        "values": [
          764.8780180024914,
          690.8829320018413,
          679.5129809979699
        ]
      },
      "est_ppt": {
        "mean": 709.7572700004093,
        "std": 37.84726333987027,
        "values": [
          762.8773110021333,
          688.8822250014831,
          677.5122739976117
        ]
      },
      "e2e_ttft": {
        "mean": 711.7579770007675,
        "std": 37.84726333987027,
        "values": [
          764.8780180024914,
          690.8829320018413,
          679.5129809979699
        ]
      },
      "throughput_over_time": null,
      "requests_throughput_over_time": null
    }
  ]
}