{
  "version": "0.3.7",
  "timestamp": "2026-05-09 02:36:28Z",
  "latency_mode": "api",
  "latency_ms": 2.390297998014527,
  "model": "qwen35-27b-axionml-nvfp4",
  "prefix_caching_enabled": false,
  "max_concurrency": 1,
  "benchmarks": [
    {
      "concurrency": 1,
      "context_size": 0,
      "prompt_size": 2048,
      "response_size": 32,
      "is_context_prefill_phase": false,
      "pp_throughput": {
        "mean": 3101.5549406711666,
        "std": 170.74498887138066,
        "values": [
          2504.0738105078703,
          2638.7305367198737,
          2874.1212164568738,
          2953.908287270065,
          2989.958849793468,
          2982.524968845097,
          2981.727011929037,
          3028.404892777894,
          3124.759697730202,
          3242.272875994507,
          3148.0768237903058,
          3203.5247962639705,
          3106.817845788098,
          3161.2061160310054,
          3182.775638123293,
          3127.9884506112917,
          3171.8735645105467,
          3197.446060272609,
          3188.6697862270235,
          3170.459694543959,
          3198.100985636388,
          3215.4615138771665,
          3240.6878366481174,
          3209.9966119923884,
          3194.066302836726,
          3222.495935346345,
          3200.6935794170386,
          3212.2097735447373,
          3193.899115106334,
          3179.7156415427594
        ]
      },
      "pp_req_throughput": {
        "mean": 3101.5549406711666,
        "std": 170.74498887138066,
        "values": [
          2504.0738105078703,
          2638.7305367198737,
          2874.1212164568738,
          2953.908287270065,
          2989.958849793468,
          2982.524968845097,
          2981.727011929037,
          3028.404892777894,
          3124.759697730202,
          3242.272875994507,
          3148.0768237903058,
          3203.5247962639705,
          3106.817845788098,
          3161.2061160310054,
          3182.775638123293,
          3127.9884506112917,
          3171.8735645105467,
          3197.446060272609,
          3188.6697862270235,
          3170.459694543959,
          3198.100985636388,
          3215.4615138771665,
          3240.6878366481174,
          3209.9966119923884,
          3194.066302836726,
          3222.495935346345,
          3200.6935794170386,
          3212.2097735447373,
          3193.899115106334,
          3179.7156415427594
        ]
      },
      "tg_throughput": {
        "mean": 11.551103504131664,
        "std": 0.02754920393184415,
        "values": [
          11.598223190843418,
          11.606394746118282,
          11.60172836862494,
          11.590376827922583,
          11.556714011812682,
          11.546461305043072,
          11.569841328127348,
          11.561341158636576,
          11.495250675833931,
          11.571987854311208,
          11.55046417751556,
          11.520917269822002,
          11.536645344138517,
          11.559012810717226,
          11.536288332181881,
          11.540590522534995,
          11.524537507899469,
          11.523477737651438,
          11.547580998424769,
          11.538969572366405,
          11.567049652383268,
          11.534200222478079,
          11.491470020443826,
          11.550046574803286,
          11.574283343726385,
          11.576205813544812,
          11.559495445931315,
          11.533697953763413,
          11.537940547487173,
          11.531911808862086
        ]
      },
      "tg_req_throughput": {
        "mean": 11.551103504131664,
        "std": 0.02754920393184415,
        "values": [
          11.598223190843418,
          11.606394746118282,
          11.60172836862494,
          11.590376827922583,
          11.556714011812682,
          11.546461305043072,
          11.569841328127348,
          11.561341158636576,
          11.495250675833931,
          11.571987854311208,
          11.55046417751556,
          11.520917269822002,
          11.536645344138517,
          11.559012810717226,
          11.536288332181881,
          11.540590522534995,
          11.524537507899469,
          11.523477737651438,
          11.547580998424769,
          11.538969572366405,
          11.567049652383268,
          11.534200222478079,
          11.491470020443826,
          11.550046574803286,
          11.574283343726385,
          11.576205813544812,
          11.559495445931315,
          11.533697953763413,
          11.537940547487173,
          11.531911808862086
        ]
      },
      "peak_throughput": {
        "mean": 12.0,
        "std": 0.0,
        "values": [
          12.0,
          12.0,
          12.0,
          12.0,
          12.0,
          12.0,
          12.0,
          12.0,
          12.0,
          12.0,
          12.0,
          12.0,
          12.0,
          12.0,
          12.0,
          12.0,
          12.0,
          12.0,
          12.0,
          12.0,
          12.0,
          12.0,
          12.0,
          12.0,
          12.0,
          12.0,
          12.0,
          12.0,
          12.0,
          12.0
        ]
      },
      "peak_req_throughput": {
        "mean": 12.0,
        "std": 0.0,
        "values": [
          12.0,
          12.0,
          12.0,
          12.0,
          12.0,
          12.0,
          12.0,
          12.0,
          12.0,
          12.0,
          12.0,
          12.0,
          12.0,
          12.0,
          12.0,
          12.0,
          12.0,
          12.0,
          12.0,
          12.0,
          12.0,
          12.0,
          12.0,
          12.0,
          12.0,
          12.0,
          12.0,
          12.0,
          12.0,
          12.0
        ]
      },
      "ttfr": {
        "mean": 668.2661201664207,
        "std": 41.80393837114162,
        "values": [
          824.2510560012306,
          782.3107830045046,
          718.4352540061809,
          699.094392999541,
          691.028537999955,
          692.4096679940703,
          692.5943280002684,
          681.9559680006932,
          661.0009430005448,
          637.1302100014873,
          656.1227560014231,
          644.8076760061667,
          664.8044149987982,
          653.4076389943948,
          649.3099159997655,
          660.3211159963394,
          651.8487200009986,
          646.0289900060161,
          648.1141069962177,
          650.8766999977524,
          645.8971820029547,
          642.4228379983106,
          637.4406649993034,
          643.5124700001325,
          647.0231279963627,
          641.025703997002,
          645.3759349969914,
          643.0707469990011,
          646.7437749961391,
          649.6179850000772
        ]
      },
      "est_ppt": {
        "mean": 665.875822168406,
        "std": 41.80393837114162,
        "values": [
          821.8607580032161,
          779.9204850064901,
          716.0449560081664,
          696.7040950015265,
          688.6382400019405,
          690.0193699960558,
          690.204030002254,
          679.5656700026788,
          658.6106450025303,
          634.7399120034728,
          653.7324580034086,
          642.4173780081522,
          662.4141170007837,
          651.0173409963803,
          646.919618001751,
          657.9308179983249,
          649.4584220029841,
          643.6386920080016,
          645.7238089982033,
          648.486401999738,
          643.5068840049402,
          640.0325400002961,
          635.0503670012889,
          641.122172002118,
          644.6328299983483,
          638.6354059989875,
          642.9856369989769,
          640.6804490009866,
          644.3534769981246,
          647.2276870020627
        ]
      },
      "e2e_ttft": {
        "mean": 668.2661201664207,
        "std": 41.80393837114162,