{
  "version": "0.3.7",
  "timestamp": "2026-05-09 02:51:23Z",
  "latency_mode": "api",
  "latency_ms": 2.305006666574627,
  "model": "qwen35-27b-axionml-nvfp4",
  "prefix_caching_enabled": false,
  "max_concurrency": 1,
  "benchmarks": [
    {
      "concurrency": 1,
      "context_size": 0,
      "prompt_size": 2048,
      "response_size": 32,
      "is_context_prefill_phase": false,
      "pp_throughput": {
        "mean": 3300.7450614768495,
        "std": 9.219331071412519,
        "values": [
          3288.21318811257,
          3301.9752152710116,
          3316.6239608565875,
          3297.077257007641,
          3299.8356861364387
        ]
      },
      "pp_req_throughput": {
        "mean": 3300.7450614768495,
        "std": 9.219331071412519,
        "values": [
          3288.21318811257,
          3301.9752152710116,
          3316.6239608565875,
          3297.077257007641,
          3299.8356861364387
        ]
      },
      "tg_throughput": {
        "mean": 11.577288529531106,
        "std": 0.02988752861420335,
        "values": [
          11.616270858872703,
          11.589074725954196,
          11.591015548095704,
          11.528616434724944,
          11.561465080007983
        ]
      },
      "tg_req_throughput": {
        "mean": 11.577288529531106,
        "std": 0.02988752861420335,
        "values": [
          11.616270858872703,
          11.589074725954196,
          11.591015548095704,
          11.528616434724944,
          11.561465080007983
        ]
      },
      "peak_throughput": {
        "mean": 12.0,
        "std": 0.0,
        "values": [
          12.0,
          12.0,
          12.0,
          12.0,
          12.0
        ]
      },
      "peak_req_throughput": {
        "mean": 12.0,
        "std": 0.0,
        "values": [
          12.0,
          12.0,
          12.0,
          12.0,
          12.0
        ]
      },
      "ttfr": {
        "mean": 625.8054571997491,
        "std": 1.7390633215459665,
        "values": [
          628.1768350017956,
          625.5683159979526,
          622.8155089993379,
          626.4942019988666,
          625.9724240007927
        ]
      },
      "est_ppt": {
        "mean": 623.5004505331744,
        "std": 1.7390633215459665,
        "values": [
          625.8718283352209,
          623.263309331378,
          620.5105023327633,
          624.189195332292,
          623.667417334218
        ]
      },
      "e2e_ttft": {
        "mean": 625.8054571997491,
        "std": 1.7390633215459665,
        "values": [
          628.1768350017956,
          625.5683159979526,
          622.8155089993379,
          626.4942019988666,
          625.9724240007927
        ]
      },
      "throughput_over_time": null,
      "requests_throughput_over_time": null
    }
  ]
}