{
  "version": "0.3.7",
  "timestamp": "2026-05-09 09:39:49Z",
  "latency_mode": "api",
  "latency_ms": 1.7159226666384104,
  "model": "qwen35-27b-axionml-nvfp4",
  "prefix_caching_enabled": false,
  "max_concurrency": 1,
  "benchmarks": [
    {
      "concurrency": 1,
      "context_size": 0,
      "prompt_size": 2048,
      "response_size": 32,
      "is_context_prefill_phase": false,
      "pp_throughput": {
        "mean": 2814.2115875752947,
        "std": 56.06524245294268,
        "values": [
          2739.2358066457928,
          2874.036472521608,
          2829.362483558484
        ]
      },
      "pp_req_throughput": {
        "mean": 2814.2115875752947,
        "std": 56.06524245294268,
        "values": [
          2739.2358066457928,
          2874.036472521608,
          2829.362483558484
        ]
      },
      "tg_throughput": {
        "mean": 11.775239577350332,
        "std": 0.004287733583838796,
        "values": [
          11.779227662900247,
          11.769289732613206,
          11.777201336537539
        ]
      },
      "tg_req_throughput": {
        "mean": 11.775239577350332,
        "std": 0.004287733583838796,
        "values": [
          11.779227662900247,
          11.769289732613206,
          11.777201336537539
        ]
      },
      "peak_throughput": {
        "mean": 12.0,
        "std": 0.0,
        "values": [
          12.0,
          12.0,
          12.0
        ]
      },
      "peak_req_throughput": {
        "mean": 12.0,
        "std": 0.0,
        "values": [
          12.0,
          12.0,
          12.0
        ]
      },
      "ttfr": {
        "mean": 733.2968683334306,
        "std": 14.69058277712003,
        "values": [
          753.0203540000002,
          717.7819920002548,
          729.0882590000365
        ]
      },
      "est_ppt": {
        "mean": 731.5809456667921,
        "std": 14.69058277712003,
        "values": [
          751.3044313333618,
          716.0660693336164,
          727.372336333398
        ]
      },
      "e2e_ttft": {
        "mean": 733.2968683334306,
        "std": 14.69058277712003,
        "values": [
          753.0203540000002,
          717.7819920002548,
          729.0882590000365
        ]
      },
      "throughput_over_time": null,
      "requests_throughput_over_time": null
    }
  ]
}