{
  "version": "0.3.7",
  "timestamp": "2026-05-09 03:17:46Z",
  "latency_mode": "api",
  "latency_ms": 1.8072899959709805,
  "model": "qwen35-27b-axionml-nvfp4",
  "prefix_caching_enabled": false,
  "max_concurrency": 1,
  "benchmarks": [
    {
      "concurrency": 1,
      "context_size": 0,
      "prompt_size": 2048,
      "response_size": 32,
      "is_context_prefill_phase": false,
      "pp_throughput": {
        "mean": 3126.936521671043,
        "std": 141.52951783587724,
        "values": [
          2645.176026120046,
          2722.6666974525324,
          2865.2391605903604,
          2991.145742271412,
          3045.6791716349726,
          3082.441257373577,
          3142.5557903648746,
          3115.4559702856604,
          3178.8093414551013,
          3128.1844688047363,
          3196.357819949208,
          3138.670804379846,
          3185.0405880149438,
          3182.9541489729536,
          3165.15602338416,
          3210.4118880003525,
          3159.4299521738158,
          3212.612352680808,
          3194.9839112487603,
          3192.339546591088,
          3206.160883957236,
          3212.0815320018137,
          3185.2650049316485,
          3173.044038065483,
          3282.7468948753967,
          3194.318828494274,
          3183.8516873000817,
          3194.6653893654693,
          3212.0499131156475,
          3208.600816275021
        ]
      },
      "pp_req_throughput": {
        "mean": 3126.936521671043,
        "std": 141.52951783587724,
        "values": [
          2645.176026120046,
          2722.6666974525324,
          2865.2391605903604,
          2991.145742271412,
          3045.6791716349726,
          3082.441257373577,
          3142.5557903648746,
          3115.4559702856604,
          3178.8093414551013,
          3128.1844688047363,
          3196.357819949208,
          3138.670804379846,
          3185.0405880149438,
          3182.9541489729536,
          3165.15602338416,
          3210.4118880003525,
          3159.4299521738158,
          3212.612352680808,
          3194.9839112487603,
          3192.339546591088,
          3206.160883957236,
          3212.0815320018137,
          3185.2650049316485,
          3173.044038065483,
          3282.7468948753967,
          3194.318828494274,
          3183.8516873000817,
          3194.6653893654693,
          3212.0499131156475,
          3208.600816275021
        ]
      },
      "tg_throughput": {
        "mean": 11.549600118181983,
        "std": 0.021471620200531765,
        "values": [
          11.576287235123102,
          11.613768224576086,
          11.538581313504553,
          11.57703896999956,
          11.585079566636141,
          11.55601939445318,
          11.546580925114874,
          11.551345430473885,
          11.573393635938334,
          11.533986241596322,
          11.5478286413089,
          11.547022492349013,
          11.545438223325602,
          11.54207697521872,
          11.545574106301705,
          11.53531866362435,
          11.550031263529371,
          11.561295337720153,
          11.584459786207,
          11.539632712374278,
          11.530964089873061,
          11.521080668929688,
          11.537357429098645,
          11.526777516251528,
          11.54107562932959,
          11.536379492492028,
          11.528626874526362,
          11.509481633305215,
          11.559867771736611,
          11.54563330054164
        ]
      },
      "tg_req_throughput": {
        "mean": 11.549600118181983,
        "std": 0.021471620200531765,
        "values": [
          11.576287235123102,
          11.613768224576086,
          11.538581313504553,
          11.57703896999956,
          11.585079566636141,
          11.55601939445318,
          11.546580925114874,
          11.551345430473885,
          11.573393635938334,
          11.533986241596322,
          11.5478286413089,
          11.547022492349013,
          11.545438223325602,
          11.54207697521872,
          11.545574106301705,
          11.53531866362435,
          11.550031263529371,
          11.561295337720153,
          11.584459786207,
          11.539632712374278,
          11.530964089873061,
          11.521080668929688,
          11.537357429098645,
          11.526777516251528,
          11.54107562932959,
          11.536379492492028,
          11.528626874526362,
          11.509481633305215,
          11.559867771736611,
          11.54563330054164
        ]
      },
      "peak_throughput": {
        "mean": 12.0,
        "std": 0.0,
        "values": [
          12.0,
          12.0,
          12.0,
          12.0,
          12.0,
          12.0,
          12.0,
          12.0,
          12.0,
          12.0,
          12.0,
          12.0,
          12.0,
          12.0,
          12.0,
          12.0,
          12.0,
          12.0,
          12.0,
          12.0,
          12.0,
          12.0,
          12.0,
          12.0,
          12.0,
          12.0,
          12.0,
          12.0,
          12.0,
          12.0
        ]
      },
      "peak_req_throughput": {
        "mean": 12.0,
        "std": 0.0,
        "values": [
          12.0,
          12.0,
          12.0,
          12.0,
          12.0,
          12.0,
          12.0,
          12.0,
          12.0,
          12.0,
          12.0,
          12.0,
          12.0,
          12.0,
          12.0,
          12.0,
          12.0,
          12.0,
          12.0,
          12.0,
          12.0,
          12.0,
          12.0,
          12.0,
          12.0,
          12.0,
          12.0,
          12.0,
          12.0,
          12.0
        ]
      },
      "ttfr": {
        "mean": 661.5431028672901,
        "std": 33.38560988988734,
        "values": [
          779.8273460066412,
          758.0511599953752,
          720.0719390020822,
          690.1722769980552,
          677.8469790006056,
          669.4599160036887,
          656.6882650004118,
          662.705732996983,
          649.2195059981896,
          660.016554997128,
          645.9779729993897,
          657.4988639986259,
          647.9529019998154,
          648.376453005767,
          652.0122040019487,
          642.846531001851,
          653.1906189993606,
          642.4074539972935,
          645.9419890015852,
          646.4755560009507,
          643.6964759996044,
          642.5133180018747,
          647.9073779992177,
          650.3958299945225,
          628.7212940005702,
          646.0761030029971,
          648.5082680010237,
          646.0062120022485,
          642.5196250056615,
          643.2083610052359
        ]
      },
      "est_ppt": {
        "mean": 659.7358128713195,
        "std": 33.38560988988735,
        "values": [
          778.0200560106701,
          756.2438699994042,
          718.2646490061112,
          688.3649870020841,
          676.0396890046346,
          667.6526260077177,
          654.8809750044408,
          660.898443001012,
          647.4122160022185,
          658.209265001157,
          644.1706830034187,
          655.6915740026549,
          646.1456120038443,
          646.569163009796,
          650.2049140059777,
          641.03924100588,
          651.3833290033896,
          640.6001640013225,
          644.1346990056142,
          644.6682660049797,
          641.8891860036334,
          640.7060280059037,
          646.1000880032467,
          648.5885399985515,
          626.9140040045992,
          644.2688130070261,
          646.7009780050527,
          644.1989220062775,
          640.7123350096905,
          641.4010710092649
        ]
      },
      "e2e_ttft": {
        "mean": 661.5431028672901,
        "std": 33.38560988988734,