{
  "version": "0.3.7",
  "timestamp": "2026-05-08 17:20:07Z",
  "latency_mode": "api",
  "latency_ms": 1.6394126664636133,
  "model": "qwen35-27b-axionml-nvfp4",
  "prefix_caching_enabled": false,
  "max_concurrency": 1,
  "benchmarks": [
    {
      "concurrency": 1,
      "context_size": 0,
      "prompt_size": 2048,
      "response_size": 32,
      "is_context_prefill_phase": false,
      "pp_throughput": {
        "mean": 3134.714362794829,
        "std": 10.092503222567467,
        "values": [
          3143.5868854758937,
          3116.6129655835643,
          3142.5309654775497,
          3139.937927930884,
          3130.903069506251
        ]
      },
      "pp_req_throughput": {
        "mean": 3134.714362794829,
        "std": 10.092503222567467,
        "values": [
          3143.5868854758937,
          3116.6129655835643,
          3142.5309654775497,
          3139.937927930884,
          3130.903069506251
        ]
      },
      "tg_throughput": {
        "mean": 11.783470893545461,
        "std": 0.0230332136049813,
        "values": [
          11.791887951745458,
          11.80849083873323,
          11.804611373340373,
          11.75305730014279,
          11.759307003765453
        ]
      },
      "tg_req_throughput": {
        "mean": 11.783470893545461,
        "std": 0.0230332136049813,
        "values": [
          11.791887951745458,
          11.80849083873323,
          11.804611373340373,
          11.75305730014279,
          11.759307003765453
        ]
      },
      "peak_throughput": {
        "mean": 12.0,
        "std": 0.0,
        "values": [
          12.0,
          12.0,
          12.0,
          12.0,
          12.0
        ]
      },
      "peak_req_throughput": {
        "mean": 12.0,
        "std": 0.0,
        "values": [
          12.0,
          12.0,
          12.0,
          12.0,
          12.0
        ]
      },
      "ttfr": {
        "mean": 658.1653852000272,
        "std": 2.1199596240612846,
        "values": [
          656.3055870001335,
          661.9716459999836,
          656.525560999853,
          657.0663820002665,
          658.9577499998995
        ]
      },
      "est_ppt": {
        "mean": 656.5259725335636,
        "std": 2.1199596240612846,
        "values": [
          654.6661743336699,
          660.33223333352,
          654.8861483333894,
          655.4269693338028,
          657.3183373334359
        ]
      },
      "e2e_ttft": {
        "mean": 658.1653852000272,
        "std": 2.1199596240612846,
        "values": [
          656.3055870001335,
          661.9716459999836,
          656.525560999853,
          657.0663820002665,
          658.9577499998995
        ]
      },
      "throughput_over_time": null,
      "requests_throughput_over_time": null
    }
  ]
}