{
  "version": "0.3.7",
  "timestamp": "2026-05-09 03:27:04Z",
  "latency_mode": "api",
  "latency_ms": 1.9429643337692444,
  "model": "qwen35-27b-axionml-nvfp4",
  "prefix_caching_enabled": false,
  "max_concurrency": 1,
  "benchmarks": [
    {
      "concurrency": 1,
      "context_size": 0,
      "prompt_size": 2048,
      "response_size": 32,
      "is_context_prefill_phase": false,
      "pp_throughput": {
        "mean": 3198.074566679262,
        "std": 32.99081817671854,
        "values": [
          3125.488159794536,
          3139.676928090554,
          3157.8413744665154,
          3222.9726945671123,
          3201.128446409585,
          3198.521860555667,
          3188.3939970399956,
          3212.768449103083,
          3182.9435468846286,
          3129.475637403774,
          3195.123417381255,
          3186.858573789423,
          3168.5059190541506,
          3188.7884767408023,
          3201.5582700743767,
          3179.909908115721,
          3155.8784433979076,
          3190.412556637943,
          3223.258821801026,
          3269.9677319555553,
          3230.373748971192,
          3204.478922689147,
          3219.011421795904,
          3209.418467761986,
          3210.55505868434,
          3222.177173104453,
          3233.872104820802,
          3246.2088438387477,
          3231.6570756847364,
          3215.0109697629396
        ]
      },
      "pp_req_throughput": {
        "mean": 3198.074566679262,
        "std": 32.99081817671854,
        "values": [
          3125.488159794536,
          3139.676928090554,
          3157.8413744665154,
          3222.9726945671123,
          3201.128446409585,
          3198.521860555667,
          3188.3939970399956,
          3212.768449103083,
          3182.9435468846286,
          3129.475637403774,
          3195.123417381255,
          3186.858573789423,
          3168.5059190541506,
          3188.7884767408023,
          3201.5582700743767,
          3179.909908115721,
          3155.8784433979076,
          3190.412556637943,
          3223.258821801026,
          3269.9677319555553,
          3230.373748971192,
          3204.478922689147,
          3219.011421795904,
          3209.418467761986,
          3210.55505868434,
          3222.177173104453,
          3233.872104820802,
          3246.2088438387477,
          3231.6570756847364,
          3215.0109697629396
        ]
      },
      "tg_throughput": {
        "mean": 11.543217895375854,
        "std": 0.02148036221485811,
        "values": [
          11.487217649139948,
          11.548526572267955,
          11.571499570959572,
          11.52876339105713,
          11.575763161345876,
          11.532691767128318,
          11.54608369707663,
          11.538572539255389,
          11.550091501869924,
          11.554875138251115,
          11.510775420115367,
          11.558966357454983,
          11.55934111035194,
          11.53653242555786,
          11.551495063129135,
          11.55852756106294,
          11.538857420040674,
          11.535929590818215,
          11.478508407512553,
          11.548002638668583,
          11.548987813279307,
          11.549018327058615,
          11.551317267450559,
          11.55448466272455,
          11.51987088374679,
          11.550956717108463,
          11.549219471619548,
          11.567196843485954,
          11.53008329356934,
          11.564380598168356
        ]
      },
      "tg_req_throughput": {
        "mean": 11.543217895375854,
        "std": 0.02148036221485811,
        "values": [
          11.487217649139948,
          11.548526572267955,
          11.571499570959572,
          11.52876339105713,
          11.575763161345876,
          11.532691767128318,
          11.54608369707663,
          11.538572539255389,
          11.550091501869924,
          11.554875138251115,
          11.510775420115367,
          11.558966357454983,
          11.55934111035194,
          11.53653242555786,
          11.551495063129135,
          11.55852756106294,
          11.538857420040674,
          11.535929590818215,
          11.478508407512553,
          11.548002638668583,
          11.548987813279307,
          11.549018327058615,
          11.551317267450559,
          11.55448466272455,
          11.51987088374679,
          11.550956717108463,
          11.549219471619548,
          11.567196843485954,
          11.53008329356934,
          11.564380598168356
        ]
      },
      "peak_throughput": {
        "mean": 12.0,
        "std": 0.0,
        "values": [
          12.0,
          12.0,
          12.0,
          12.0,
          12.0,
          12.0,
          12.0,
          12.0,
          12.0,
          12.0,
          12.0,
          12.0,
          12.0,
          12.0,
          12.0,
          12.0,
          12.0,
          12.0,
          12.0,
          12.0,
          12.0,
          12.0,
          12.0,
          12.0,
          12.0,
          12.0,
          12.0,
          12.0,
          12.0,
          12.0
        ]
      },
      "peak_req_throughput": {
        "mean": 12.0,
        "std": 0.0,
        "values": [
          12.0,
          12.0,
          12.0,
          12.0,
          12.0,
          12.0,
          12.0,
          12.0,
          12.0,
          12.0,
          12.0,
          12.0,
          12.0,
          12.0,
          12.0,
          12.0,
          12.0,
          12.0,
          12.0,
          12.0,
          12.0,
          12.0,
          12.0,
          12.0,
          12.0,
          12.0,
          12.0,
          12.0,
          12.0,
          12.0
        ]
      },
      "ttfr": {
        "mean": 645.5452587001977,
        "std": 6.716264205503105,
        "values": [
          660.4001059968141,
          657.4244189978344,
          653.65397700225,
          640.4838999951608,
          644.8412530007772,
          645.365173004393,
          647.0953519965406,
          642.8232620019116,
          648.5142810051912,
          659.5611209995695,
          646.0495389983407,
          647.7199739965727,
          652.0916630033753,
          647.3291399961454,
          644.7549410004285,
          649.1311110003153,
          654.6930739932577,
          646.6871669981629,
          640.4272170038894,
          631.3069730022107,
          638.7113880045945,
          644.1690640058368,
          641.269680003461,
          643.1806280015735,
          642.9536189971259,
          640.6415489982464,
          638.3317680010805,
          635.9132659999887,
          638.7679590043263,
          642.0651969965547
        ]
      },
      "est_ppt": {
        "mean": 643.6022943664287,
        "std": 6.716264205503105,
        "values": [
          658.4571416630448,
          655.4814546640652,
          651.7110126684807,
          638.5409356613915,
          642.8982886670079,
          643.4222086706237,
          645.1523876627713,
          640.8802976681424,
          646.5713166714219,
          657.6181566658003,
          644.1065746645714,
          645.7770096628034,
          650.148698669606,
          645.3861756623761,
          642.8119766666592,
          647.188146666546,
          652.7501096594884,
          644.7442026643936,
          638.4842526701201,
          629.3640086684414,
          636.7684236708252,
          642.2260996720676,
          639.3267156696917,
          641.2376636678042,
          641.0106546633566,
          638.6985846644772,
          636.3888036673112,
          633.9703016662194,
          636.824994670557,
          640.1222326627854
        ]
      },
      "e2e_ttft": {
        "mean": 645.5452587001977,
        "std": 6.716264205503105,