{
  "version": "0.3.7",
  "timestamp": "2026-05-09 09:28:13Z",
  "latency_mode": "api",
  "latency_ms": 2.0289383333723285,
  "model": "qwen35-27b-axionml-nvfp4",
  "prefix_caching_enabled": false,
  "max_concurrency": 1,
  "benchmarks": [
    {
      "concurrency": 1,
      "context_size": 0,
      "prompt_size": 2048,
      "response_size": 32,
      "is_context_prefill_phase": false,
      "pp_throughput": {
        "mean": 3290.418327776346,
        "std": 9.288238495270285,
        "values": [
          3281.7832287294664,
          3286.163633727916,
          3303.308120871656
        ]
      },
      "pp_req_throughput": {
        "mean": 3290.418327776346,
        "std": 9.288238495270285,
        "values": [
          3281.7832287294664,
          3286.163633727916,
          3303.308120871656
        ]
      },
      "tg_throughput": {
        "mean": 11.842038840273199,
        "std": 0.011286222625657838,
        "values": [
          11.852141464380946,
          11.826286081058448,
          11.847688975380203
        ]
      },
      "tg_req_throughput": {
        "mean": 11.842038840273199,
        "std": 0.011286222625657838,
        "values": [
          11.852141464380946,
          11.826286081058448,
          11.847688975380203
        ]
      },
      "peak_throughput": {
        "mean": 12.0,
        "std": 0.0,
        "values": [
          12.0,
          12.0,
          12.0
        ]
      },
      "peak_req_throughput": {
        "mean": 12.0,
        "std": 0.0,
        "values": [
          12.0,
          12.0,
          12.0
        ]
      },
      "ttfr": {
        "mean": 627.4863016666737,
        "std": 1.7626124088948336,
        "values": [
          629.1270300000633,
          628.2911180001065,
          625.0407569998515
        ]
      },
      "est_ppt": {
        "mean": 625.4573633333015,
        "std": 1.7626124088948336,
        "values": [
          627.098091666691,
          626.2621796667341,
          623.0118186664791
        ]
      },
      "e2e_ttft": {
        "mean": 627.4863016666737,
        "std": 1.7626124088948336,
        "values": [
          629.1270300000633,
          628.2911180001065,
          625.0407569998515
        ]
      },
      "throughput_over_time": null,
      "requests_throughput_over_time": null
    }
  ]
}