{
  "version": "0.3.7",
  "timestamp": "2026-05-09 10:37:41Z",
  "latency_mode": "api",
  "latency_ms": 1.9806060002641366,
  "model": "qwen35-27b-axionml-nvfp4",
  "prefix_caching_enabled": false,
  "max_concurrency": 1,
  "benchmarks": [
    {
      "concurrency": 1,
      "context_size": 0,
      "prompt_size": 2048,
      "response_size": 32,
      "is_context_prefill_phase": false,
      "pp_throughput": {
        "mean": 2845.8646434346033,
        "std": 59.96587935920726,
        "values": [
          2778.2230291916185,
          2835.3873800796405,
          2923.98352103255
        ]
      },
      "pp_req_throughput": {
        "mean": 2845.8646434346033,
        "std": 59.96587935920726,
        "values": [
          2778.2230291916185,
          2835.3873800796405,
          2923.98352103255
        ]
      },
      "tg_throughput": {
        "mean": 11.579249034371543,
        "std": 0.0049941021536400124,
        "values": [
          11.581874036416517,
          11.572258187843595,
          11.583614878854519
        ]
      },
      "tg_req_throughput": {
        "mean": 11.579249034371543,
        "std": 0.0049941021536400124,
        "values": [
          11.581874036416517,
          11.572258187843595,
          11.583614878854519
        ]
      },
      "peak_throughput": {
        "mean": 12.0,
        "std": 0.0,
        "values": [
          12.0,
          12.0,
          12.0
        ]
      },
      "peak_req_throughput": {
        "mean": 12.0,
        "std": 0.0,
        "values": [
          12.0,
          12.0,
          12.0
        ]
      },
      "ttfr": {
        "mean": 725.5722833333493,
        "std": 15.185998901733889,
        "values": [
          742.7418690003833,
          728.1600389997038,
          705.8149419999609
        ]
      },
      "est_ppt": {
        "mean": 723.5916773330852,
        "std": 15.185998901733889,
        "values": [
          740.7612630001191,
          726.1794329994397,
          703.8343359996967
        ]
      },
      "e2e_ttft": {
        "mean": 725.5722833333493,
        "std": 15.185998901733889,
        "values": [
          742.7418690003833,
          728.1600389997038,
          705.8149419999609
        ]
      },
      "throughput_over_time": null,
      "requests_throughput_over_time": null
    }
  ]
}