{
  "version": "0.3.7",
  "timestamp": "2026-05-08 21:08:59Z",
  "latency_mode": "api",
  "latency_ms": 1.3943286661136274,
  "model": "qwen35-27b-axionml-nvfp4",
  "prefix_caching_enabled": false,
  "max_concurrency": 1,
  "benchmarks": [
    {
      "concurrency": 1,
      "context_size": 0,
      "prompt_size": 2048,
      "response_size": 32,
      "is_context_prefill_phase": false,
      "pp_throughput": {
        "mean": 3043.4276526885037,
        "std": 138.92769616514815,
        "values": [
          3283.945190601064,
          2970.0100836213896,
          2961.218146110437,
          2958.5371904211247
        ]
      },
      "pp_req_throughput": {
        "mean": 3043.4276526885037,
        "std": 138.92769616514815,
        "values": [
          3283.945190601064,
          2970.0100836213896,
          2961.218146110437,
          2958.5371904211247
        ]
      },
      "tg_throughput": {
        "mean": 10.095706925189862,
        "std": 1.442996288225767,
        "values": [
          8.61147545070474,
          8.694778033681683,
          11.56410525751456,
          11.512468958858463
        ]
      },
      "tg_req_throughput": {
        "mean": 10.095706925189862,
        "std": 1.442996288225767,
        "values": [
          8.61147545070474,
          8.694778033681683,
          11.56410525751456,
          11.512468958858463
        ]
      },
      "peak_throughput": {
        "mean": 13.700741743366024,
        "std": 1.7011362285842644,
        "values": [
          15.34967633328405,
          15.453290640180047,
          12.0,
          12.0
        ]
      },
      "peak_req_throughput": {
        "mean": 13.700741743366024,
        "std": 1.7011362285842644,
        "values": [
          15.34967633328405,
          15.453290640180047,
          12.0,
          12.0
        ]
      },
      "ttfr": {
        "mean": 667.2272718002205,
        "std": 35.35046167049215,
        "values": [
          627.7750629997172,
          694.3212689984648,
          696.3785879997886,
          620.3150680012186,
          697.3463710019132
        ]
      },
      "est_ppt": {
        "mean": 677.5609940838573,
        "std": 29.569122915576216,
        "values": [
          626.3807343336035,
          692.9269403323511,
          694.9842593336749,
          695.9520423357995
        ]
      },
      "e2e_ttft": {
        "mean": 678.955322749971,
        "std": 29.569122915576216,
        "values": [
          627.7750629997172,
          694.3212689984648,
          696.3785879997886,
          697.3463710019132
        ]
      },
      "throughput_over_time": null,
      "requests_throughput_over_time": null
    }
  ]
}