{
  "version": "0.3.7",
  "timestamp": "2026-05-10 03:47:30Z",
  "latency_mode": "api",
  "latency_ms": 1.6880149972469856,
  "model": "qwen35-27b-axionml-nvfp4",
  "prefix_caching_enabled": false,
  "max_concurrency": 1,
  "benchmarks": [
    {
      "concurrency": 1,
      "context_size": 0,
      "prompt_size": 2048,
      "response_size": 32,
      "is_context_prefill_phase": false,
      "pp_throughput": {
        "mean": 2850.1600542766314,
        "std": 149.66617756021006,
        "values": [
          2664.538583355533,
          2854.888730224233,
          3031.0528492501276
        ]
      },
      "pp_req_throughput": {
        "mean": 2850.1600542766314,
        "std": 149.66617756021006,
        "values": [
          2664.538583355533,
          2854.888730224233,
          3031.0528492501276
        ]
      },
      "tg_throughput": {
        "mean": 11.577313373027593,
        "std": 0.00922656072163126,
        "values": [
          11.589405848957185,
          11.575512503544346,
          11.56702176658125
        ]
      },
      "tg_req_throughput": {
        "mean": 11.577313373027593,
        "std": 0.00922656072163126,
        "values": [
          11.589405848957185,
          11.575512503544346,
          11.56702176658125
        ]
      },
      "peak_throughput": {
        "mean": 12.0,
        "std": 0.0,
        "values": [
          12.0,
          12.0,
          12.0
        ]
      },
      "peak_req_throughput": {
        "mean": 12.0,
        "std": 0.0,
        "values": [
          12.0,
          12.0,
          12.0
        ]
      },
      "ttfr": {
        "mean": 725.765386998925,
        "std": 38.363937325857435,
        "values": [
          774.4296869932441,
          722.2064640081953,
          680.6600099953357
        ]
      },
      "est_ppt": {
        "mean": 724.0773720016781,
        "std": 38.363937325857435,
        "values": [
          772.7416719959971,
          720.5184490109483,
          678.9719949980887
        ]
      },
      "e2e_ttft": {
        "mean": 725.765386998925,
        "std": 38.363937325857435,
        "values": [
          774.4296869932441,
          722.2064640081953,
          680.6600099953357
        ]
      },
      "throughput_over_time": null,
      "requests_throughput_over_time": null
    }
  ]
}