{
  "version": "0.3.7",
  "timestamp": "2026-05-10 05:53:52Z",
  "latency_mode": "api",
  "latency_ms": 1.4853886677883565,
  "model": "qwen35-27b-axionml-nvfp4",
  "prefix_caching_enabled": false,
  "max_concurrency": 1,
  "benchmarks": [
    {
      "concurrency": 1,
      "context_size": 0,
      "prompt_size": 2048,
      "response_size": 32,
      "is_context_prefill_phase": false,
      "pp_throughput": {
        "mean": 3157.144602775283,
        "std": 108.10369947195684,
        "values": [
          2752.125918429252,
          2940.2606274591435,
          2983.783682241456,
          3019.956837403385,
          3125.7255183410434,
          3066.111334662202,
          3119.735331309515,
          3140.505672667589,
          3200.0134760416504,
          3123.8154900989557,
          3214.0420876412973,
          3187.300119588066,
          3168.0437385253013,
          3182.795851614283,
          3208.4046290784854,
          3213.3953689468967,
          3166.6209649677307,
          3206.6899878328545,
          3229.291602581602,
          3241.2857256435996,
          3227.622909817091,
          3193.5440414468226,
          3223.438093533476,
          3191.630673050478,
          3224.644808558152,
          3298.18305918555,
          3232.008849046836,
          3224.473442147217,
          3215.814907220017,
          3193.0733341785526
        ]
      },
      "pp_req_throughput": {
        "mean": 3157.144602775283,
        "std": 108.10369947195684,
        "values": [
          2752.125918429252,
          2940.2606274591435,
          2983.783682241456,
          3019.956837403385,
          3125.7255183410434,
          3066.111334662202,
          3119.735331309515,
          3140.505672667589,
          3200.0134760416504,
          3123.8154900989557,
          3214.0420876412973,
          3187.300119588066,
          3168.0437385253013,
          3182.795851614283,
          3208.4046290784854,
          3213.3953689468967,
          3166.6209649677307,
          3206.6899878328545,
          3229.291602581602,
          3241.2857256435996,
          3227.622909817091,
          3193.5440414468226,
          3223.438093533476,
          3191.630673050478,
          3224.644808558152,
          3298.18305918555,
          3232.008849046836,
          3224.473442147217,
          3215.814907220017,
          3193.0733341785526
        ]
      },
      "tg_throughput": {
        "mean": 11.519676716545488,
        "std": 0.023094417758796063,
        "values": [
          11.557579495673519,
          11.525853978824198,
          11.519441882352996,
          11.456265570574022,
          11.561158683421342,
          11.517019523044846,
          11.510479935901351,
          11.540024783725286,
          11.538440209539383,
          11.51708594268162,
          11.494623655068468,
          11.519362897817844,
          11.523684714751605,
          11.519528530115975,
          11.539067694525174,
          11.520880845778244,
          11.509398080647898,
          11.538018614493625,
          11.50536793353429,
          11.52445547161893,
          11.492983276087857,
          11.537477483251608,
          11.514636794850183,
          11.490471907549141,
          11.536627466605538,
          11.565778490923009,
          11.490896040702193,
          11.527022214567733,
          11.490754959098977,
          11.505914418637829
        ]
      },
      "tg_req_throughput": {
        "mean": 11.519676716545488,
        "std": 0.023094417758796063,
        "values": [
          11.557579495673519,
          11.525853978824198,
          11.519441882352996,
          11.456265570574022,
          11.561158683421342,
          11.517019523044846,
          11.510479935901351,
          11.540024783725286,
          11.538440209539383,
          11.51708594268162,
          11.494623655068468,
          11.519362897817844,
          11.523684714751605,
          11.519528530115975,
          11.539067694525174,
          11.520880845778244,
          11.509398080647898,
          11.538018614493625,
          11.50536793353429,
          11.52445547161893,
          11.492983276087857,
          11.537477483251608,
          11.514636794850183,
          11.490471907549141,
          11.536627466605538,
          11.565778490923009,
          11.490896040702193,
          11.527022214567733,
          11.490754959098977,
          11.505914418637829
        ]
      },
      "peak_throughput": {
        "mean": 12.0,
        "std": 0.0,
        "values": [
          12.0,
          12.0,
          12.0,
          12.0,
          12.0,
          12.0,
          12.0,
          12.0,
          12.0,
          12.0,
          12.0,
          12.0,
          12.0,
          12.0,
          12.0,
          12.0,
          12.0,
          12.0,
          12.0,
          12.0,
          12.0,
          12.0,
          12.0,
          12.0,
          12.0,
          12.0,
          12.0,
          12.0,
          12.0,
          12.0
        ]
      },
      "peak_req_throughput": {
        "mean": 12.0,
        "std": 0.0,
        "values": [
          12.0,
          12.0,
          12.0,
          12.0,
          12.0,
          12.0,
          12.0,
          12.0,
          12.0,
          12.0,
          12.0,
          12.0,
          12.0,
          12.0,
          12.0,
          12.0,
          12.0,
          12.0,
          12.0,
          12.0,
          12.0,
          12.0,
          12.0,
          12.0,
          12.0,
          12.0,
          12.0,
          12.0,
          12.0,
          12.0
        ]
      },
      "ttfr": {
        "mean": 654.166695533786,
        "std": 24.172258620284357,
        "values": [
          749.2709409998497,
          701.4233400113881,
          691.21367300977,
          682.9520820028847,
          659.8925290018087,
          672.6938920037355,
          661.156733011012,
          656.4754489954794,
          644.9201789946528,
          660.2951059903717,
          641.8005879968405,
          647.1729369950481,
          651.0976320132613,
          648.0867089994717,
          642.9256800038274,
          641.9294559891568,
          651.3895050011342,
          643.5805109940702,
          638.776861000224,
          636.418613998103,
          639.106343005551,
          645.9105079993606,
          639.9341319920495,
          646.2968379928498,
          639.6952139912173,
          625.1621109986445,
          638.2410710066324,
          639.7291320026852,
          641.4475940109696,
          646.0055060015293
        ]
      },
      "est_ppt": {
        "mean": 652.6813068659976,
        "std": 24.172258620284357,
        "values": [
          747.7855523320613,
          699.9379513435997,
          689.7282843419816,
          681.4666933350964,
          658.4071403340204,
          671.2085033359472,
          659.6713443432236,
          654.990060327691,
          643.4347903268645,
          658.8097173225833,
          640.3151993290521,
          645.6875483272597,
          649.612243345473,
          646.6013203316834,
          641.4402913360391,
          640.4440673213685,
          649.9041163333459,
          642.0951223262819,
          637.2914723324357,
          634.9332253303146,
          637.6209543377627,
          644.4251193315722,
          638.4487433242612,
          644.8114493250614,
          638.209825323429,
          623.6767223308561,
          636.755682338844,
          638.2437433348969,
          639.9622053431813,
          644.5201173337409
        ]
      },
      "e2e_ttft": {
        "mean": 654.166695533786,
        "std": 24.172258620284357,