{
  "version": "0.3.7",
  "timestamp": "2026-05-09 22:45:13Z",
  "latency_mode": "api",
  "latency_ms": 1.5915223314853695,
  "model": "qwen35-27b-axionml-nvfp4",
  "prefix_caching_enabled": false,
  "max_concurrency": 1,
  "benchmarks": [
    {
      "concurrency": 1,
      "context_size": 0,
      "prompt_size": 2048,
      "response_size": 32,
      "is_context_prefill_phase": false,
      "pp_throughput": {
        "mean": 3301.3937632794627,
        "std": 7.290295664766028,
        "values": [
          3291.167730010856,
          3307.6442327750165,
          3305.3693270525164
        ]
      },
      "pp_req_throughput": {
        "mean": 3301.3937632794627,
        "std": 7.290295664766028,
        "values": [
          3291.167730010856,
          3307.6442327750165,
          3305.3693270525164
        ]
      },
      "tg_throughput": {
        "mean": 11.542443245170475,
        "std": 0.009178744129240801,
        "values": [
          11.531812006643655,
          11.541308547292493,
          11.554209181575274
        ]
      },
      "tg_req_throughput": {
        "mean": 11.542443245170475,
        "std": 0.009178744129240801,
        "values": [
          11.531812006643655,
          11.541308547292493,
          11.554209181575274
        ]
      },
      "peak_throughput": {
        "mean": 12.0,
        "std": 0.0,
        "values": [
          12.0,
          12.0,
          12.0
        ]
      },
      "peak_req_throughput": {
        "mean": 12.0,
        "std": 0.0,
        "values": [
          12.0,
          12.0,
          12.0
        ]
      },
      "ttfr": {
        "mean": 624.9676469985085,
        "std": 1.3785661379509222,
        "values": [
          626.9014939971385,
          623.786611999094,
          624.2148349992931
        ]
      },
      "est_ppt": {
        "mean": 623.3761246670232,
        "std": 1.3785661379509224,
        "values": [
          625.309971665653,
          622.1950896676086,
          622.6233126678077
        ]
      },
      "e2e_ttft": {
        "mean": 624.9676469985085,
        "std": 1.3785661379509222,
        "values": [
          626.9014939971385,
          623.786611999094,
          624.2148349992931
        ]
      },
      "throughput_over_time": null,
      "requests_throughput_over_time": null
    }
  ]
}