{
  "version": "0.3.7",
  "timestamp": "2026-05-09 19:02:02Z",
  "latency_mode": "api",
  "latency_ms": 1.388418000715319,
  "model": "qwen35-27b-axionml-nvfp4",
  "prefix_caching_enabled": false,
  "max_concurrency": 1,
  "benchmarks": [
    {
      "concurrency": 1,
      "context_size": 0,
      "prompt_size": 2048,
      "response_size": 32,
      "is_context_prefill_phase": false,
      "pp_throughput": {
        "mean": 3302.703747246329,
        "std": 3.7732196791160844,
        "values": [
          3297.3746932555878,
          3305.1302242613797,
          3305.6063242220184
        ]
      },
      "pp_req_throughput": {
        "mean": 3302.703747246329,
        "std": 3.7732196791160844,
        "values": [
          3297.3746932555878,
          3305.1302242613797,
          3305.6063242220184
        ]
      },
      "tg_throughput": {
        "mean": 11.570643280620507,
        "std": 0.038288213336487804,
        "values": [
          11.611019937223414,
          11.519209550706515,
          11.58170035393159
        ]
      },
      "tg_req_throughput": {
        "mean": 11.570643280620507,
        "std": 0.038288213336487804,
        "values": [
          11.611019937223414,
          11.519209550706515,
          11.58170035393159
        ]
      },
      "peak_throughput": {
        "mean": 12.0,
        "std": 0.0,
        "values": [
          12.0,
          12.0,
          12.0
        ]
      },
      "peak_req_throughput": {
        "mean": 12.0,
        "std": 0.0,
        "values": [
          12.0,
          12.0,
          12.0
        ]
      },
      "ttfr": {
        "mean": 624.5150723334518,
        "std": 0.7659662029201926,
        "values": [
          625.5213089971221,
          624.3593330000294,
          623.6645750032039
        ]
      },
      "est_ppt": {
        "mean": 623.1266543327365,
        "std": 0.7659662029201926,
        "values": [
          624.1328909964068,
          622.9709149993141,
          622.2761570024886
        ]
      },
      "e2e_ttft": {
        "mean": 624.5150723334518,
        "std": 0.7659662029201926,
        "values": [
          625.5213089971221,
          624.3593330000294,
          623.6645750032039
        ]
      },
      "throughput_over_time": null,
      "requests_throughput_over_time": null
    }
  ]
}