{
  "version": "0.3.7",
  "timestamp": "2026-05-09 04:28:17Z",
  "latency_mode": "api",
  "latency_ms": 1.159658999919581,
  "model": "qwen35-27b-axionml-nvfp4",
  "prefix_caching_enabled": false,
  "max_concurrency": 1,
  "benchmarks": [
    {
      "concurrency": 1,
      "context_size": 0,
      "prompt_size": 2048,
      "response_size": 32,
      "is_context_prefill_phase": false,
      "pp_throughput": {
        "mean": 2837.6189275615325,
        "std": 65.47402052192382,
        "values": [
          2785.8604110633164,
          2797.007111053303,
          2929.9892605679784
        ]
      },
      "pp_req_throughput": {
        "mean": 2837.6189275615325,
        "std": 65.47402052192382,
        "values": [
          2785.8604110633164,
          2797.007111053303,
          2929.9892605679784
        ]
      },
      "tg_throughput": {
        "mean": 11.074287248989542,
        "std": 0.15405766873424326,
        "values": [
          11.061304817917645,
          11.269124529805183,
          10.892432399245797
        ]
      },
      "tg_req_throughput": {
        "mean": 11.074287248989542,
        "std": 0.15405766873424326,
        "values": [
          11.061304817917645,
          11.269124529805183,
          10.892432399245797
        ]
      },
      "peak_throughput": {
        "mean": 12.0,
        "std": 0.0,
        "values": [
          12.0,
          12.0,
          12.0
        ]
      },
      "peak_req_throughput": {
        "mean": 12.0,
        "std": 0.0,
        "values": [
          12.0,
          12.0,
          12.0
        ]
      },
      "ttfr": {
        "mean": 726.9155133350674,
        "std": 16.5759226500506,
        "values": [
          740.2490950044012,
          736.9461330017657,
          703.5513119990355
        ]
      },
      "est_ppt": {
        "mean": 725.7558543351479,
        "std": 16.5759226500506,
        "values": [
          739.0894360044816,
          735.7864740018462,
          702.391652999116
        ]
      },
      "e2e_ttft": {
        "mean": 726.9155133350674,
        "std": 16.5759226500506,
        "values": [
          740.2490950044012,
          736.9461330017657,
          703.5513119990355
        ]
      },
      "throughput_over_time": null,
      "requests_throughput_over_time": null
    }
  ]
}