{
  "version": "0.3.7",
  "timestamp": "2026-05-09 10:02:19Z",
  "latency_mode": "api",
  "latency_ms": 2.1741753333420397,
  "model": "qwen35-27b-axionml-nvfp4",
  "prefix_caching_enabled": false,
  "max_concurrency": 1,
  "benchmarks": [
    {
      "concurrency": 1,
      "context_size": 0,
      "prompt_size": 2048,
      "response_size": 32,
      "is_context_prefill_phase": false,
      "pp_throughput": {
        "mean": 2844.7258634362624,
        "std": 62.70523292327979,
        "values": [
          2765.3969764193066,
          2850.06662536143,
          2918.7139885280503
        ]
      },
      "pp_req_throughput": {
        "mean": 2844.7258634362624,
        "std": 62.70523292327979,
        "values": [
          2765.3969764193066,
          2850.06662536143,
          2918.7139885280503
        ]
      },
      "tg_throughput": {
        "mean": 11.642813158548691,
        "std": 0.02803433239823593,
        "values": [
          11.637045798487286,
          11.679666514143989,
          11.611727163014802
        ]
      },
      "tg_req_throughput": {
        "mean": 11.642813158548691,
        "std": 0.02803433239823593,
        "values": [
          11.637045798487286,
          11.679666514143989,
          11.611727163014802
        ]
      },
      "peak_throughput": {
        "mean": 12.0,
        "std": 0.0,
        "values": [
          12.0,
          12.0,
          12.0
        ]
      },
      "peak_req_throughput": {
        "mean": 12.0,
        "std": 0.0,
        "values": [
          12.0,
          12.0,
          12.0
        ]
      },
      "ttfr": {
        "mean": 725.8567676667553,
        "std": 16.138489259531053,
        "values": [
          746.3711270002023,
          724.2625580001913,
          706.9366179998724
        ]
      },
      "est_ppt": {
        "mean": 723.6825923334133,
        "std": 16.138489259531053,
        "values": [
          744.1969516668602,
          722.0883826668493,
          704.7624426665303
        ]
      },
      "e2e_ttft": {
        "mean": 725.8567676667553,
        "std": 16.138489259531053,
        "values": [
          746.3711270002023,
          724.2625580001913,
          706.9366179998724
        ]
      },
      "throughput_over_time": null,
      "requests_throughput_over_time": null
    }
  ]
}