{
  "version": "0.3.7",
  "timestamp": "2026-05-08 17:53:56Z",
  "latency_mode": "api",
  "latency_ms": 3.3382129998547803,
  "model": "qwen35-27b-axionml-nvfp4",
  "prefix_caching_enabled": false,
  "max_concurrency": 1,
  "benchmarks": [
    {
      "concurrency": 1,
      "context_size": 0,
      "prompt_size": 2048,
      "response_size": 32,
      "is_context_prefill_phase": false,
      "pp_throughput": {
        "mean": 2734.981686781351,
        "std": 274.9484656439842,
        "values": [
          2421.8893807958616,
          2691.840849488078,
          3091.214830060114
        ]
      },
      "pp_req_throughput": {
        "mean": 2734.981686781351,
        "std": 274.9484656439842,
        "values": [
          2421.8893807958616,
          2691.840849488078,
          3091.214830060114
        ]
      },
      "tg_throughput": {
        "mean": 11.674199681708524,
        "std": 0.02840616535920543,
        "values": [
          11.713280128428796,
          11.646603134203358,
          11.662715782493418
        ]
      },
      "tg_req_throughput": {
        "mean": 11.674199681708524,
        "std": 0.02840616535920543,
        "values": [
          11.713280128428796,
          11.646603134203358,
          11.662715782493418
        ]
      },
      "peak_throughput": {
        "mean": 12.0,
        "std": 0.0,
        "values": [
          12.0,
          12.0,
          12.0
        ]
      },
      "peak_req_throughput": {
        "mean": 12.0,
        "std": 0.0,
        "values": [
          12.0,
          12.0,
          12.0
        ]
      },
      "ttfr": {
        "mean": 763.4593913332234,
        "std": 75.04725519709292,
        "values": [
          853.0880059997799,
          767.8707820005002,
          669.4193859993902
        ]
      },
      "est_ppt": {
        "mean": 760.1211783333687,
        "std": 75.04725519709292,
        "values": [
          849.749792999925,
          764.5325690006454,
          666.0811729995354
        ]
      },
      "e2e_ttft": {
        "mean": 763.4593913332234,
        "std": 75.04725519709292,
        "values": [
          853.0880059997799,
          767.8707820005002,
          669.4193859993902
        ]
      },
      "throughput_over_time": null,
      "requests_throughput_over_time": null
    }
  ]
}