{
  "version": "0.3.7",
  "timestamp": "2026-05-10 00:16:48Z",
  "latency_mode": "api",
  "latency_ms": 1.6146286652656272,
  "model": "qwen35-27b-axionml-nvfp4",
  "prefix_caching_enabled": false,
  "max_concurrency": 1,
  "benchmarks": [
    {
      "concurrency": 1,
      "context_size": 0,
      "prompt_size": 2048,
      "response_size": 32,
      "is_context_prefill_phase": false,
      "pp_throughput": {
        "mean": 2921.23512215884,
        "std": 43.0582749640374,
        "values": [
          2954.9679794068375,
          2860.464327912131,
          2948.2730591575523
        ]
      },
      "pp_req_throughput": {
        "mean": 2921.23512215884,
        "std": 43.0582749640374,
        "values": [
          2954.9679794068375,
          2860.464327912131,
          2948.2730591575523
        ]
      },
      "tg_throughput": {
        "mean": 11.561181375451483,
        "std": 0.026219016472937656,
        "values": [
          11.579618110248127,
          11.579823739284427,
          11.524102276821893
        ]
      },
      "tg_req_throughput": {
        "mean": 11.561181375451483,
        "std": 0.026219016472937656,
        "values": [
          11.579618110248127,
          11.579823739284427,
          11.524102276821893
        ]
      },
      "peak_throughput": {
        "mean": 12.0,
        "std": 0.0,
        "values": [
          12.0,
          12.0,
          12.0
        ]
      },
      "peak_req_throughput": {
        "mean": 12.0,
        "std": 0.0,
        "values": [
          12.0,
          12.0,
          12.0
        ]
      },
      "ttfr": {
        "mean": 706.149301334032,
        "std": 10.329353015140653,
        "values": [
          698.0688760013436,
          720.7286479970207,
          699.6503800037317
        ]
      },
      "est_ppt": {
        "mean": 704.5346726687663,
        "std": 10.329353015140653,
        "values": [
          696.454247336078,
          719.1140193317551,
          698.0357513384661
        ]
      },
      "e2e_ttft": {
        "mean": 706.149301334032,
        "std": 10.329353015140653,
        "values": [
          698.0688760013436,
          720.7286479970207,
          699.6503800037317
        ]
      },
      "throughput_over_time": null,
      "requests_throughput_over_time": null
    }
  ]
}