{
  "version": "0.3.7",
  "timestamp": "2026-05-09 01:54:57Z",
  "latency_mode": "api",
  "latency_ms": 1.5886736679628182,
  "model": "qwen35-27b-axionml-nvfp4",
  "prefix_caching_enabled": false,
  "max_concurrency": 1,
  "benchmarks": [
    {
      "concurrency": 1,
      "context_size": 0,
      "prompt_size": 2048,
      "response_size": 32,
      "is_context_prefill_phase": false,
      "pp_throughput": {
        "mean": 2726.7003629972764,
        "std": 77.6076767220245,
        "values": [
          2657.283141973919,
          2687.785850114662,
          2835.032096903247
        ]
      },
      "pp_req_throughput": {
        "mean": 2726.7003629972764,
        "std": 77.6076767220245,
        "values": [
          2657.283141973919,
          2687.785850114662,
          2835.032096903247
        ]
      },
      "tg_throughput": {
        "mean": 11.571253939580833,
        "std": 0.02415303896833272,
        "values": [
          11.593671608096972,
          11.582364156396544,
          11.537726054248981
        ]
      },
      "tg_req_throughput": {
        "mean": 11.571253939580833,
        "std": 0.02415303896833272,
        "values": [
          11.593671608096972,
          11.582364156396544,
          11.537726054248981
        ]
      },
      "peak_throughput": {
        "mean": 12.0,
        "std": 0.0,
        "values": [
          12.0,
          12.0,
          12.0
        ]
      },
      "peak_req_throughput": {
        "mean": 12.0,
        "std": 0.0,
        "values": [
          12.0,
          12.0,
          12.0
        ]
      },
      "ttfr": {
        "mean": 756.9483233310166,
        "std": 21.125555719191766,
        "values": [
          776.0639139960404,
          767.2746749958606,
          727.5063810011488
        ]
      },
      "est_ppt": {
        "mean": 755.3596496630538,
        "std": 21.125555719191766,
        "values": [
          774.4752403280776,
          765.6860013278978,
          725.9177073331861
        ]
      },
      "e2e_ttft": {
        "mean": 756.9483233310166,
        "std": 21.125555719191766,
        "values": [
          776.0639139960404,
          767.2746749958606,
          727.5063810011488
        ]
      },
      "throughput_over_time": null,
      "requests_throughput_over_time": null
    }
  ]
}