{
  "version": "0.3.7",
  "timestamp": "2026-05-08 17:47:21Z",
  "latency_mode": "api",
  "latency_ms": 1.2806090001807509,
  "model": "qwen35-27b-axionml-nvfp4",
  "prefix_caching_enabled": false,
  "max_concurrency": 1,
  "benchmarks": [
    {
      "concurrency": 1,
      "context_size": 0,
      "prompt_size": 2048,
      "response_size": 32,
      "is_context_prefill_phase": false,
      "pp_throughput": {
        "mean": 2398.091156448611,
        "std": 44.429563321625096,
        "values": [
          2347.1825299097864,
          2455.439245809501,
          2391.6516936265457
        ]
      },
      "pp_req_throughput": {
        "mean": 2398.091156448611,
        "std": 44.429563321625096,
        "values": [
          2347.1825299097864,
          2455.439245809501,
          2391.6516936265457
        ]
      },
      "tg_throughput": {
        "mean": 11.648527038549716,
        "std": 0.02684188096042426,
        "values": [
          11.610773177395417,
          11.67082659037334,
          11.663981347880393
        ]
      },
      "tg_req_throughput": {
        "mean": 11.648527038549716,
        "std": 0.02684188096042426,
        "values": [
          11.610773177395417,
          11.67082659037334,
          11.663981347880393
        ]
      },
      "peak_throughput": {
        "mean": 12.0,
        "std": 0.0,
        "values": [
          12.0,
          12.0,
          12.0
        ]
      },
      "peak_req_throughput": {
        "mean": 12.0,
        "std": 0.0,
        "values": [
          12.0,
          12.0,
          12.0
        ]
      },
      "ttfr": {
        "mean": 860.0282253334323,
        "std": 15.49821322580442,
        "values": [
          878.076501000578,
          840.2343739999196,
          861.7738009997993
        ]
      },
      "est_ppt": {
        "mean": 858.7476163332516,
        "std": 15.49821322580442,
        "values": [
          876.7958920003972,
          838.9537649997388,
          860.4931919996185
        ]
      },
      "e2e_ttft": {
        "mean": 860.0282253334323,
        "std": 15.49821322580442,
        "values": [
          878.076501000578,
          840.2343739999196,
          861.7738009997993
        ]
      },
      "throughput_over_time": null,
      "requests_throughput_over_time": null
    }
  ]
}