{
  "version": "0.3.7",
  "timestamp": "2026-05-09 00:42:31Z",
  "latency_mode": "api",
  "latency_ms": 1.181357999788209,
  "model": "qwen35-27b-axionml-nvfp4",
  "prefix_caching_enabled": false,
  "max_concurrency": 1,
  "benchmarks": [
    {
      "concurrency": 1,
      "context_size": 0,
      "prompt_size": 2048,
      "response_size": 32,
      "is_context_prefill_phase": false,
      "pp_throughput": {
        "mean": 2903.9451063592287,
        "std": 131.36765797644262,
        "values": [
          2677.7415315426824,
          2872.459667081778,
          2907.953332328736,
          2999.6817976061698,
          3061.889203236777
        ]
      },
      "pp_req_throughput": {
        "mean": 2903.9451063592287,
        "std": 131.36765797644262,
        "values": [
          2677.7415315426824,
          2872.459667081778,
          2907.953332328736,
          2999.6817976061698,
          3061.889203236777
        ]
      },
      "tg_throughput": {
        "mean": 11.584337313696611,
        "std": 0.05332777222257719,
        "values": [
          11.582127951324685,
          11.68806113976615,
          11.554070265997861,
          11.549594444747619,
          11.547832766646748
        ]
      },
      "tg_req_throughput": {
        "mean": 11.584337313696611,
        "std": 0.05332777222257719,
        "values": [
          11.582127951324685,
          11.68806113976615,
          11.554070265997861,
          11.549594444747619,
          11.547832766646748
        ]
      },
      "peak_throughput": {
        "mean": 12.0,
        "std": 0.0,
        "values": [
          12.0,
          12.0,
          12.0,
          12.0,
          12.0
        ]
      },
      "peak_req_throughput": {
        "mean": 12.0,
        "std": 0.0,
        "values": [
          12.0,
          12.0,
          12.0,
          12.0,
          12.0
        ]
      },
      "ttfr": {
        "mean": 711.369025199383,
        "std": 33.112429558156684,
        "values": [
          769.7394789975078,
          717.6405040008831,
          708.8956040024641,
          687.2541279990401,
          673.3154109970201
        ]
      },
      "est_ppt": {
        "mean": 710.1876671995948,
        "std": 33.112429558156684,
        "values": [
          768.5581209977196,
          716.4591460010948,
          707.7142460026758,
          686.0727699992518,
          672.1340529972318
        ]
      },
      "e2e_ttft": {
        "mean": 711.369025199383,
        "std": 33.112429558156684,
        "values": [
          769.7394789975078,
          717.6405040008831,
          708.8956040024641,
          687.2541279990401,
          673.3154109970201
        ]
      },
      "throughput_over_time": null,
      "requests_throughput_over_time": null
    }
  ]
}