{
  "version": "0.3.7",
  "timestamp": "2026-05-10 00:26:01Z",
  "latency_mode": "api",
  "latency_ms": 1.7045503336703405,
  "model": "qwen35-27b-axionml-nvfp4",
  "prefix_caching_enabled": false,
  "max_concurrency": 1,
  "benchmarks": [
    {
      "concurrency": 1,
      "context_size": 0,
      "prompt_size": 2048,
      "response_size": 32,
      "is_context_prefill_phase": false,
      "pp_throughput": {
        "mean": 3045.580492376663,
        "std": 194.23273092937848,
        "values": [
          3320.093888055506,
          2899.8782429815456,
          2916.7693460929386
        ]
      },
      "pp_req_throughput": {
        "mean": 3045.580492376663,
        "std": 194.23273092937848,
        "values": [
          3320.093888055506,
          2899.8782429815456,
          2916.7693460929386
        ]
      },
      "tg_throughput": {
        "mean": 11.552090269827788,
        "std": 0.010466956984844995,
        "values": [
          11.550368026118353,
          11.565683680959689,
          11.540219102405322
        ]
      },
      "tg_req_throughput": {
        "mean": 11.552090269827788,
        "std": 0.010466956984844995,
        "values": [
          11.550368026118353,
          11.565683680959689,
          11.540219102405322
        ]
      },
      "peak_throughput": {
        "mean": 12.0,
        "std": 0.0,
        "values": [
          12.0,
          12.0,
          12.0
        ]
      },
      "peak_req_throughput": {
        "mean": 12.0,
        "std": 0.0,
        "values": [
          12.0,
          12.0,
          12.0
        ]
      },
      "ttfr": {
        "mean": 680.0785896654512,
        "std": 41.408273613593785,
        "values": [
          621.5665389972855,
          711.3895189977484,
          707.2797110013198
        ]
      },
      "est_ppt": {
        "mean": 678.3740393317809,
        "std": 41.408273613593785,
        "values": [
          619.8619886636152,
          709.684968664078,
          705.5751606676495
        ]
      },
      "e2e_ttft": {
        "mean": 680.0785896654512,
        "std": 41.408273613593785,
        "values": [
          621.5665389972855,
          711.3895189977484,
          707.2797110013198
        ]
      },
      "throughput_over_time": null,
      "requests_throughput_over_time": null
    }
  ]
}