{
  "version": "0.3.7",
  "timestamp": "2026-05-10 01:09:59Z",
  "latency_mode": "api",
  "latency_ms": 1.1034563334154275,
  "model": "qwen35-27b-axionml-nvfp4",
  "prefix_caching_enabled": false,
  "max_concurrency": 1,
  "benchmarks": [
    {
      "concurrency": 1,
      "context_size": 0,
      "prompt_size": 2048,
      "response_size": 32,
      "is_context_prefill_phase": false,
      "pp_throughput": {
        "mean": 3339.6303556185394,
        "std": 11.773250664678871,
        "values": [
          3333.235400425842,
          3356.1410806730623,
          3329.5145857567136
        ]
      },
      "pp_req_throughput": {
        "mean": 3339.6303556185394,
        "std": 11.773250664678871,
        "values": [
          3333.235400425842,
          3356.1410806730623,
          3329.5145857567136
        ]
      },
      "tg_throughput": {
        "mean": 11.56023927943834,
        "std": 0.03395502501025135,
        "values": [
          11.596427439230862,
          11.569480678379904,
          11.51480972070425
        ]
      },
      "tg_req_throughput": {
        "mean": 11.56023927943834,
        "std": 0.03395502501025135,
        "values": [
          11.596427439230862,
          11.569480678379904,
          11.51480972070425
        ]
      },
      "peak_throughput": {
        "mean": 12.0,
        "std": 0.0,
        "values": [
          12.0,
          12.0,
          12.0
        ]
      },
      "peak_req_throughput": {
        "mean": 12.0,
        "std": 0.0,
        "values": [
          12.0,
          12.0,
          12.0
        ]
      },
      "ttfr": {
        "mean": 617.3469619995254,
        "std": 2.1674546361530065,
        "values": [
          618.5215959994821,
          614.3077140004607,
          619.2115759986336
        ]
      },
      "est_ppt": {
        "mean": 616.2435056661101,
        "std": 2.167454636153006,
        "values": [
          617.4181396660666,
          613.2042576670452,
          618.1081196652182
        ]
      },
      "e2e_ttft": {
        "mean": 617.3469619995254,
        "std": 2.1674546361530065,
        "values": [
          618.5215959994821,
          614.3077140004607,
          619.2115759986336
        ]
      },
      "throughput_over_time": null,
      "requests_throughput_over_time": null
    }
  ]
}