{
  "version": "0.3.7",
  "timestamp": "2026-05-09 10:18:05Z",
  "latency_mode": "api",
  "latency_ms": 1.9460089997664909,
  "model": "qwen35-27b-axionml-nvfp4",
  "prefix_caching_enabled": false,
  "max_concurrency": 1,
  "benchmarks": [
    {
      "concurrency": 1,
      "context_size": 0,
      "prompt_size": 2048,
      "response_size": 32,
      "is_context_prefill_phase": false,
      "pp_throughput": {
        "mean": 3153.1254690213605,
        "std": 104.1187420767707,
        "values": [
          2852.9303587219115,
          2965.949866525712,
          3012.7900491498212,
          3085.7843797137994,
          2917.9061564783065,
          3059.783367690346,
          3086.2494889344944,
          3059.9227163432024,
          3126.1627647749037,
          3132.813318999972,
          3226.5462642080342,
          3172.2880800922667,
          3185.004210268882,
          3160.1011100313985,
          3191.892413272148,
          3184.4632409033584,
          3204.791143448397,
          3192.3043933868707,
          3281.608826555197,
          3200.3520947097086,
          3238.639419441917,
          3181.696133176756,
          3210.4659317347628,
          3228.877721758264,
          3209.007935382947,
          3243.2124798728887,
          3268.4672549002944,
          3272.6277224785517,
          3229.9693037702596,
          3211.1559239154512
        ]
      },
      "pp_req_throughput": {
        "mean": 3153.1254690213605,
        "std": 104.1187420767707,
        "values": [
          2852.9303587219115,
          2965.949866525712,
          3012.7900491498212,
          3085.7843797137994,
          2917.9061564783065,
          3059.783367690346,
          3086.2494889344944,
          3059.9227163432024,
          3126.1627647749037,
          3132.813318999972,
          3226.5462642080342,
          3172.2880800922667,
          3185.004210268882,
          3160.1011100313985,
          3191.892413272148,
          3184.4632409033584,
          3204.791143448397,
          3192.3043933868707,
          3281.608826555197,
          3200.3520947097086,
          3238.639419441917,
          3181.696133176756,
          3210.4659317347628,
          3228.877721758264,
          3209.007935382947,
          3243.2124798728887,
          3268.4672549002944,
          3272.6277224785517,
          3229.9693037702596,
          3211.1559239154512
        ]
      },
      "tg_throughput": {
        "mean": 11.527070897402035,
        "std": 0.03161957469423882,
        "values": [
          11.599583382925523,
          11.602079068917961,
          11.576058950677202,
          11.579699268376856,
          11.56733603605262,
          11.510426939686731,
          11.537821501430074,
          11.533096848350679,
          11.540363111100294,
          11.50264256070081,
          11.551278554811626,
          11.476994346506768,
          11.506278419192395,
          11.51622810416387,
          11.536524109486807,
          11.512160096216006,
          11.508411009800213,
          11.507857503667699,
          11.532360217375066,
          11.494557268362502,
          11.519284299699446,
          11.48673711041311,
          11.494855140896679,
          11.51837633828367,
          11.514200639145319,
          11.535444667604208,
          11.485207950785597,
          11.523791551651936,
          11.505572065597056,
          11.536899860182384
        ]
      },
      "tg_req_throughput": {
        "mean": 11.527070897402035,
        "std": 0.03161957469423882,
        "values": [
          11.599583382925523,
          11.602079068917961,
          11.576058950677202,
          11.579699268376856,
          11.56733603605262,
          11.510426939686731,
          11.537821501430074,
          11.533096848350679,
          11.540363111100294,
          11.50264256070081,
          11.551278554811626,
          11.476994346506768,
          11.506278419192395,
          11.51622810416387,
          11.536524109486807,
          11.512160096216006,
          11.508411009800213,
          11.507857503667699,
          11.532360217375066,
          11.494557268362502,
          11.519284299699446,
          11.48673711041311,
          11.494855140896679,
          11.51837633828367,
          11.514200639145319,
          11.535444667604208,
          11.485207950785597,
          11.523791551651936,
          11.505572065597056,
          11.536899860182384
        ]
      },
      "peak_throughput": {
        "mean": 12.0,
        "std": 0.0,
        "values": [
          12.0,
          12.0,
          12.0,
          12.0,
          12.0,
          12.0,
          12.0,
          12.0,
          12.0,
          12.0,
          12.0,
          12.0,
          12.0,
          12.0,
          12.0,
          12.0,
          12.0,
          12.0,
          12.0,
          12.0,
          12.0,
          12.0,
          12.0,
          12.0,
          12.0,
          12.0,
          12.0,
          12.0,
          12.0,
          12.0
        ]
      },
      "peak_req_throughput": {
        "mean": 12.0,
        "std": 0.0,
        "values": [
          12.0,
          12.0,
          12.0,
          12.0,
          12.0,
          12.0,
          12.0,
          12.0,
          12.0,
          12.0,
          12.0,
          12.0,
          12.0,
          12.0,
          12.0,
          12.0,
          12.0,
          12.0,
          12.0,
          12.0,
          12.0,
          12.0,
          12.0,
          12.0,
          12.0,
          12.0,
          12.0,
          12.0,
          12.0,
          12.0
        ]
      },
      "ttfr": {
        "mean": 655.3555454333642,
        "std": 22.57770432820259,
        "values": [
          723.3095689998663,
          695.8215270005894,
          685.0337670002773,
          668.551237000429,
          707.2462790001737,
          674.5426450006562,
          668.7747949999903,
          674.5120149998911,
          660.5809410002621,
          658.8635429998249,
          639.779727000132,
          650.689107999824,
          648.0990010004462,
          653.1909939994875,
          646.391288999439,
          648.2087679996766,
          644.1095410000344,
          646.6213740004605,
          629.0774279996185,
          645.0002540004789,
          637.3980409998694,
          648.7708199992994,
          642.9744590004702,
          639.3191699999079,
          643.265706999955,
          636.5020279999953,
          631.5989439999612,
          630.4929059997448,
          639.1037670000514,
          642.8367190001154
        ]
      },
      "est_ppt": {
        "mean": 653.4095364335977,
        "std": 22.57770432820259,
        "values": [
          721.3635600000998,
          693.8755180008229,
          683.0877580005108,
          666.6052280006625,
          705.3002700004072,
          672.5966360008897,
          666.8287860002238,
          672.5660060001246,
          658.6349320004956,
          656.9175340000584,
          637.8337180003655,
          648.7430990000576,
          646.1529920006797,
          651.244984999721,
          644.4452799996725,
          646.2627589999101,
          642.1635320002679,
          644.675365000694,
          627.131418999852,
          643.0542450007124,
          635.4520320001029,
          646.8248109995329,
          641.0284500007037,
          637.3731610001414,
          641.3196980001885,
          634.5560190002288,
          629.6529350001947,
          628.5468969999783,
          637.157758000285,
          640.8907100003489
        ]
      },
      "e2e_ttft": {
        "mean": 655.3555454333642,
        "std": 22.57770432820259,