{
  "version": "0.3.7",
  "timestamp": "2026-05-09 19:15:44Z",
  "latency_mode": "api",
  "latency_ms": 2.1861399994425788,
  "model": "qwen35-27b-axionml-nvfp4",
  "prefix_caching_enabled": false,
  "max_concurrency": 1,
  "benchmarks": [
    {
      "concurrency": 1,
      "context_size": 0,
      "prompt_size": 2048,
      "response_size": 32,
      "is_context_prefill_phase": false,
      "pp_throughput": {
        "mean": 3334.843642270322,
        "std": 12.08844721876476,
        "values": [
          3319.986942784171,
          3349.5969284994662,
          3334.9470555273283
        ]
      },
      "pp_req_throughput": {
        "mean": 3334.843642270322,
        "std": 12.08844721876476,
        "values": [
          3319.986942784171,
          3349.5969284994662,
          3334.9470555273283
        ]
      },
      "tg_throughput": {
        "mean": 11.525061065046097,
        "std": 0.019855925032575494,
        "values": [
          11.54756239446436,
          11.528358742825274,
          11.499262057848663
        ]
      },
      "tg_req_throughput": {
        "mean": 11.525061065046097,
        "std": 0.019855925032575494,
        "values": [
          11.54756239446436,
          11.528358742825274,
          11.499262057848663
        ]
      },
      "peak_throughput": {
        "mean": 12.0,
        "std": 0.0,
        "values": [
          12.0,
          12.0,
          12.0
        ]
      },
      "peak_req_throughput": {
        "mean": 12.0,
        "std": 0.0,
        "values": [
          12.0,
          12.0,
          12.0
        ]
      },
      "ttfr": {
        "mean": 619.3146366689083,
        "std": 2.237150092061212,
        "values": [
          622.0680960032041,
          616.5884229994845,
          619.2873910040362
        ]
      },
      "est_ppt": {
        "mean": 617.1284966694657,
        "std": 2.237150092061212,
        "values": [
          619.8819560037615,
          614.4022830000418,
          617.1012510045936
        ]
      },
      "e2e_ttft": {
        "mean": 619.3146366689083,
        "std": 2.237150092061212,
        "values": [
          622.0680960032041,
          616.5884229994845,
          619.2873910040362
        ]
      },
      "throughput_over_time": null,
      "requests_throughput_over_time": null
    }
  ]
}