{
  "version": "0.3.7",
  "timestamp": "2026-05-08 22:37:31Z",
  "latency_mode": "api",
  "latency_ms": 1.9470323337979305,
  "model": "qwen35-27b-axionml-nvfp4",
  "prefix_caching_enabled": false,
  "max_concurrency": 1,
  "benchmarks": [
    {
      "concurrency": 1,
      "context_size": 0,
      "prompt_size": 2048,
      "response_size": 32,
      "is_context_prefill_phase": false,
      "pp_throughput": {
        "mean": 2804.7307158836493,
        "std": 135.2928898084302,
        "values": [
          2629.572492285617,
          2692.898598716596,
          3018.216353882643,
          2836.1719401126256,
          2846.7941944207632
        ]
      },
      "pp_req_throughput": {
        "mean": 2804.7307158836493,
        "std": 135.2928898084302,
        "values": [
          2629.572492285617,
          2692.898598716596,
          3018.216353882643,
          2836.1719401126256,
          2846.7941944207632
        ]
      },
      "tg_throughput": {
        "mean": 11.55433755371996,
        "std": 0.014990460691281205,
        "values": [
          11.575064592587054,
          11.568772566565679,
          11.539794413346685,
          11.538482057196594,
          11.549574138903791
        ]
      },
      "tg_req_throughput": {
        "mean": 11.55433755371996,
        "std": 0.014990460691281205,
        "values": [
          11.575064592587054,
          11.568772566565679,
          11.539794413346685,
          11.538482057196594,
          11.549574138903791
        ]
      },
      "peak_throughput": {
        "mean": 12.0,
        "std": 0.0,
        "values": [
          12.0,
          12.0,
          12.0,
          12.0,
          12.0
        ]
      },
      "peak_req_throughput": {
        "mean": 12.0,
        "std": 0.0,
        "values": [
          12.0,
          12.0,
          12.0,
          12.0,
          12.0
        ]
      },
      "ttfr": {
        "mean": 737.4016435991507,
        "std": 35.15816037026923,
        "values": [
          784.5837559980282,
          766.1792990002141,
          683.8066999989678,
          727.5729969987879,
          724.8654659997555
        ]
      },
      "est_ppt": {
        "mean": 735.4546112653528,
        "std": 35.15816037026923,
        "values": [
          782.6367236642303,
          764.2322666664162,
          681.8596676651699,
          725.62596466499,
          722.9184336659577
        ]
      },
      "e2e_ttft": {
        "mean": 737.4016435991507,
        "std": 35.15816037026923,
        "values": [
          784.5837559980282,
          766.1792990002141,
          683.8066999989678,
          727.5729969987879,
          724.8654659997555
        ]
      },
      "throughput_over_time": null,
      "requests_throughput_over_time": null
    }
  ]
}