{
  "version": "0.3.7",
  "timestamp": "2026-05-08 20:09:19Z",
  "latency_mode": "api",
  "latency_ms": 1.8833426668910154,
  "model": "qwen35-27b-axionml-nvfp4",
  "prefix_caching_enabled": false,
  "max_concurrency": 1,
  "benchmarks": [
    {
      "concurrency": 1,
      "context_size": 0,
      "prompt_size": 2048,
      "response_size": 32,
      "is_context_prefill_phase": false,
      "pp_throughput": {
        "mean": 3098.8431081970393,
        "std": 157.5212898331564,
        "values": [
          3321.511923198223,
          2981.7307905614234,
          2993.286610831472
        ]
      },
      "pp_req_throughput": {
        "mean": 3098.8431081970393,
        "std": 157.5212898331564,
        "values": [
          3321.511923198223,
          2981.7307905614234,
          2993.286610831472
        ]
      },
      "tg_throughput": {
        "mean": 9.834192802305314,
        "std": 1.2442667660902336,
        "values": [
          9.28212204978461,
          8.663261319597089,
          11.557195037534242
        ]
      },
      "tg_req_throughput": {
        "mean": 9.834192802305314,
        "std": 1.2442667660902336,
        "values": [
          9.28212204978461,
          8.663261319597089,
          11.557195037534242
        ]
      },
      "peak_throughput": {
        "mean": 13.958294831822656,
        "std": 1.4301565105965526,
        "values": [
          14.499455397537464,
          15.375429097930503,
          12.0
        ]
      },
      "peak_req_throughput": {
        "mean": 13.958294831822656,
        "std": 1.4301565105965526,
        "values": [
          14.499455397537464,
          15.375429097930503,
          12.0
        ]
      },
      "ttfr": {
        "mean": 676.7021615996782,
        "std": 27.626646940342148,
        "values": [
          621.4806970001518,
          692.0864980002079,
          689.7122099999251,
          690.8094889986387,
          689.4219139994675
        ]
      },
      "est_ppt": {
        "mean": 665.7796936663848,
        "std": 32.6739585570742,
        "values": [
          619.5973543332608,
          690.2031553333169,
          687.5385713325765
        ]
      },
      "e2e_ttft": {
        "mean": 667.6630363332757,
        "std": 32.6739585570742,
        "values": [
          621.4806970001518,
          692.0864980002079,
          689.4219139994675
        ]
      },
      "throughput_over_time": null,
      "requests_throughput_over_time": null
    }
  ]
}