{
  "version": "0.3.7",
  "timestamp": "2026-05-09 22:55:35Z",
  "latency_mode": "api",
  "latency_ms": 2.1904096647631377,
  "model": "qwen35-27b-axionml-nvfp4",
  "prefix_caching_enabled": false,
  "max_concurrency": 1,
  "benchmarks": [
    {
      "concurrency": 1,
      "context_size": 0,
      "prompt_size": 2048,
      "response_size": 32,
      "is_context_prefill_phase": false,
      "pp_throughput": {
        "mean": 2860.211259542273,
        "std": 27.872947257018684,
        "values": [
          2837.1528628269334,
          2844.053194783533,
          2899.427721016353
        ]
      },
      "pp_req_throughput": {
        "mean": 2860.211259542273,
        "std": 27.872947257018684,
        "values": [
          2837.1528628269334,
          2844.053194783533,
          2899.427721016353
        ]
      },
      "tg_throughput": {
        "mean": 11.52241530820803,
        "std": 0.013959504336471647,
        "values": [
          11.525197498953434,
          11.537950411551288,
          11.504098014119371
        ]
      },
      "tg_req_throughput": {
        "mean": 11.52241530820803,
        "std": 0.013959504336471647,
        "values": [
          11.525197498953434,
          11.537950411551288,
          11.504098014119371
        ]
      },
      "peak_throughput": {
        "mean": 12.0,
        "std": 0.0,
        "values": [
          12.0,
          12.0,
          12.0
        ]
      },
      "peak_req_throughput": {
        "mean": 12.0,
        "std": 0.0,
        "values": [
          12.0,
          12.0,
          12.0
        ]
      },
      "ttfr": {
        "mean": 721.9005363343362,
        "std": 6.805040216695264,
        "values": [
          727.5654950062744,
          725.8055669954047,
          712.3305470013293
        ]
      },
      "est_ppt": {
        "mean": 719.710126669573,
        "std": 6.805040216695264,
        "values": [
          725.3750853415113,
          723.6151573306415,
          710.1401373365661
        ]
      },
      "e2e_ttft": {
        "mean": 721.9005363343362,
        "std": 6.805040216695264,
        "values": [
          727.5654950062744,
          725.8055669954047,
          712.3305470013293
        ]
      },
      "throughput_over_time": null,
      "requests_throughput_over_time": null
    }
  ]
}