{
  "version": "0.3.7",
  "timestamp": "2026-05-09 01:32:09Z",
  "latency_mode": "api",
  "latency_ms": 1.604899999316937,
  "model": "qwen35-27b-axionml-nvfp4",
  "prefix_caching_enabled": false,
  "max_concurrency": 1,
  "benchmarks": [
    {
      "concurrency": 1,
      "context_size": 0,
      "prompt_size": 2048,
      "response_size": 32,
      "is_context_prefill_phase": false,
      "pp_throughput": {
        "mean": 2827.9651561223886,
        "std": 181.6664623772807,
        "values": [
          3084.7570453675057,
          2706.461202682105,
          2692.677220317555
        ]
      },
      "pp_req_throughput": {
        "mean": 2827.9651561223886,
        "std": 181.6664623772807,
        "values": [
          3084.7570453675057,
          2706.461202682105,
          2692.677220317555
        ]
      },
      "tg_throughput": {
        "mean": 11.513375762162747,
        "std": 0.034419475934912756,
        "values": [
          11.470012318792728,
          11.554208445175387,
          11.51590652252013
        ]
      },
      "tg_req_throughput": {
        "mean": 11.513375762162747,
        "std": 0.034419475934912756,
        "values": [
          11.470012318792728,
          11.554208445175387,
          11.51590652252013
        ]
      },
      "peak_throughput": {
        "mean": 12.0,
        "std": 0.0,
        "values": [
          12.0,
          12.0,
          12.0
        ]
      },
      "peak_req_throughput": {
        "mean": 12.0,
        "std": 0.0,
        "values": [
          12.0,
          12.0,
          12.0
        ]
      },
      "ttfr": {
        "mean": 732.2212513366443,
        "std": 44.90462074991606,
        "values": [
          668.7563060040702,
          762.007450000965,
          765.8999980048975
        ]
      },
      "est_ppt": {
        "mean": 730.6163513373273,
        "std": 44.904620749916056,
        "values": [
          667.1514060047533,
          760.4025500016481,
          764.2950980055806
        ]
      },
      "e2e_ttft": {
        "mean": 732.2212513366443,
        "std": 44.90462074991606,
        "values": [
          668.7563060040702,
          762.007450000965,
          765.8999980048975
        ]
      },
      "throughput_over_time": null,
      "requests_throughput_over_time": null
    }
  ]
}