{
  "version": "0.3.7",
  "timestamp": "2026-05-14 07:45:14Z",
  "latency_mode": "api",
  "latency_ms": 1.7262899976534147,
  "model": "aeon-ultimate",
  "prefix_caching_enabled": false,
  "max_concurrency": 1,
  "benchmarks": [
    {
      "concurrency": 1,
      "context_size": 0,
      "prompt_size": 2048,
      "response_size": 128,
      "is_context_prefill_phase": false,
      "pp_throughput": {
        "mean": 2510.603121845169,
        "std": 141.0974032870446,
        "values": [
          1893.707894867811,
          2318.3082272508746,
          2286.3079305666038,
          2438.7386209546476,
          2464.4714684869678,
          2623.3094412105925,
          2595.891934572176,
          2438.923571785408,
          2454.4731584507067,
          2495.217870519578,
          2496.302530063444,
          2496.39966843403,
          2534.9926539062462,
          2526.8412290550145,
          2591.346064301408,
          2567.127634493268,
          2536.561045793201,
          2545.5242917403716,
          2539.363262870841,
          2601.3930819114175,
          2611.9583022142306,
          2612.8412194237276,
          2542.717205428341,
          2541.9600754397065,
          2590.103255012618,
          2566.3933890734347,
          2585.9557982365027,
          2600.5660663436042,
          2664.461635168405,
          2555.935127779899
        ]
      },
      "pp_req_throughput": {
        "mean": 2510.603121845169,
        "std": 141.0974032870446,
        "values": [
          1893.707894867811,
          2318.3082272508746,
          2286.3079305666038,
          2438.7386209546476,
          2464.4714684869678,
          2623.3094412105925,
          2595.891934572176,
          2438.923571785408,
          2454.4731584507067,
          2495.217870519578,
          2496.302530063444,
          2496.39966843403,
          2534.9926539062462,
          2526.8412290550145,
          2591.346064301408,
          2567.127634493268,
          2536.561045793201,
          2545.5242917403716,
          2539.363262870841,
          2601.3930819114175,
          2611.9583022142306,
          2612.8412194237276,
          2542.717205428341,
          2541.9600754397065,
          2590.103255012618,
          2566.3933890734347,
          2585.9557982365027,
          2600.5660663436042,
          2664.461635168405,
          2555.935127779899
        ]
      },
      "tg_throughput": {
        "mean": 12.044983558576044,
        "std": 0.009831867301755197,
        "values": [
          12.05544405726985,
          12.052428454727355,
          12.06184527980078,
          12.055597303855832,
          12.065291313673162,
          12.04488912343038,
          12.045383621030231,
          12.045871736996983,
          12.04391133368403,
          12.053403153903108,
          12.051217193263371,
          12.049836760416575,
          12.042185932007818,
          12.036467284537826,
          12.042812464981996,
          12.028352991619165,
          12.056867724581197,
          12.035999490599078,
          12.059520507219885,
          12.039341930213373,
          12.031531462692914,
          12.03828764373568,
          12.053995263197576,
          12.035358402314705,
          12.041843584798197,
          12.029369455460866,
          12.0454173336582,
          12.036046975882739,
          12.040502099963247,
          12.030486877765211
        ]
      },
      "tg_req_throughput": {
        "mean": 12.044983558576044,
        "std": 0.009831867301755197,
        "values": [
          12.05544405726985,
          12.052428454727355,
          12.06184527980078,
          12.055597303855832,
          12.065291313673162,
          12.04488912343038,
          12.045383621030231,
          12.045871736996983,
          12.04391133368403,
          12.053403153903108,
          12.051217193263371,
          12.049836760416575,
          12.042185932007818,
          12.036467284537826,
          12.042812464981996,
          12.028352991619165,
          12.056867724581197,
          12.035999490599078,
          12.059520507219885,
          12.039341930213373,
          12.031531462692914,
          12.03828764373568,
          12.053995263197576,
          12.035358402314705,
          12.041843584798197,
          12.029369455460866,
          12.0454173336582,
          12.036046975882739,
          12.040502099963247,
          12.030486877765211
        ]
      },
      "peak_throughput": {
        "mean": 13.0,
        "std": 0.0,
        "values": [
          13.0,
          13.0,
          13.0,
          13.0,
          13.0,
          13.0,
          13.0,
          13.0,
          13.0,
          13.0,
          13.0,
          13.0,
          13.0,
          13.0,
          13.0,
          13.0,
          13.0,
          13.0,
          13.0,
          13.0,
          13.0,
          13.0,
          13.0,
          13.0,
          13.0,
          13.0,
          13.0,
          13.0,
          13.0,
          13.0
        ]
      },
      "peak_req_throughput": {
        "mean": 13.0,
        "std": 0.0,
        "values": [
          13.0,
          13.0,
          13.0,
          13.0,
          13.0,
          13.0,
          13.0,
          13.0,
          13.0,
          13.0,
          13.0,
          13.0,
          13.0,
          13.0,
          13.0,
          13.0,
          13.0,
          13.0,
          13.0,
          13.0,
          13.0,
          13.0,
          13.0,
          13.0,
          13.0,
          13.0,
          13.0,
          13.0,
          13.0,
          13.0
        ]
      },
      "ttfr": {
        "mean": 821.0466855360817,
        "std": 56.02384049086106,
        "values": [
          1083.730545011349,
          885.5604479904287,
          897.9310280410573,
          841.9147310196422,
          833.1418799934909,
          782.80074801296,
          791.4355890243314,
          841.8510170304216,
          836.5286560147069,
          822.8970679920167,
          822.5402639945969,
          822.5083249853924,
          810.0126559729688,
          812.62013502419,
          792.820937000215,
          799.8946289881133,
          809.5128809800372,
          806.6685200319625,
          808.6214790237136,
          789.3811870017089,
          786.5780229913071,
          785.9300849959254,
          807.5571529916488,
          807.7971719903871,
          793.2005279581062,
          800.1229850342497,
          794.0832210006192,
          789.6316720289178,
          770.7371749565937,
          803.3898290013894
        ]
      },
      "est_ppt": {
        "mean": 819.3203955384284,
        "std": 56.02384049086108,
        "values": [
          1082.0042550136957,
          883.8341579927752,
          896.2047380434038,
          840.1884410219888,
          831.4155899958374,
          781.0744580153065,
          789.709299026678,
          840.1247270327682,
          834.8023660170535,
          821.1707779943632,
          820.8139739969434,
          820.7820349877389,
          808.2863659753153,
          810.8938450265365,
          791.0946470025616,
          798.1683389904598,
          807.7865909823837,
          804.9422300343091,
          806.8951890260602,
          787.6548970040554,
          784.8517329936536,
          784.203794998272,
          805.8308629939953,
          806.0708819927337,
          791.4742379604528,
          798.3966950365963,
          792.3569310029658,
          787.9053820312644,
          769.0108849589402,
          801.663539003736
        ]
      },
      "e2e_ttft": {
        "mean": 821.0466855360817,
        "std": 56.02384049086106,