{
  "benchmarks": [
    {
      "prompt_size": 32768,
      "response_size": 128,
      "concurrency": 1,
      "runs": 3,
      "request_path": "raw_completions_tokenize_calibrated_debug",
      "server_prompt_tokens": 32768,
      "completion_token_counts": [
        128,
        128,
        128
      ],
      "latencies": [
        {
          "ttft_s": 12.645169344032183,
          "total_s": 16.420978424022906
        },
        {
          "ttft_s": 12.677702802000567,
          "total_s": 16.45051972498186
        },
        {
          "ttft_s": 12.740170681034215,
          "total_s": 16.5322881010361
        }
      ],
      "pp_throughput": {
        "mean": 2582.687578720192,
        "median": 2584.6953909370036,
        "min": 2572.022056877183,
        "max": 2591.345288346389,
        "values": [
          2591.345288346389,
          2584.6953909370036,
          2572.022056877183
        ]
      },
      "tg_throughput": {
        "mean": 33.59585002186518,
        "median": 33.63517521927037,
        "min": 33.49052414097895,
        "max": 33.66185070534623,
        "values": [
          33.63517521927037,
          33.66185070534623,
          33.49052414097895
        ]
      }
    }
  ]
}