{
  "benchmarks": [
    {
      "prompt_size": 32768,
      "response_size": 128,
      "concurrency": 1,
      "runs": 3,
      "request_path": "raw_completions_tokenize_calibrated_debug",
      "server_prompt_tokens": 32768,
      "completion_token_counts": [
        128,
        128,
        128
      ],
      "latencies": [
        {
          "ttft_s": 12.62522229802562,
          "total_s": 22.32664469903102
        },
        {
          "ttft_s": 12.655114196008071,
          "total_s": 22.363158590975218
        },
        {
          "ttft_s": 12.622839185001794,
          "total_s": 22.322460509021766
        }
      ],
      "pp_throughput": {
        "mean": 2593.559271447001,
        "median": 2595.4394486285114,
        "min": 2589.3089143625693,
        "max": 2595.9294513499217,
        "values": [
          2595.4394486285114,
          2589.3089143625693,
          2595.9294513499217
        ]
      },
      "tg_throughput": {
        "mean": 13.088697642987798,
        "median": 13.09086387031642,
        "min": 13.081934407494002,
        "max": 13.093294651152972,
        "values": [
          13.09086387031642,
          13.081934407494002,
          13.093294651152972
        ]
      }
    }
  ]
}