{
  "version": "0.3.7",
  "timestamp": "2026-05-16 06:15:01Z",
  "latency_mode": "none",
  "latency_ms": 0.0,
  "model": "aeon-ultimate",
  "prefix_caching_enabled": false,
  "max_concurrency": 1,
  "benchmarks": [
    {
      "concurrency": 1,
      "context_size": 0,
      "prompt_size": 2048,
      "response_size": 128,
      "is_context_prefill_phase": false,
      "pp_throughput": {
        "mean": 2352.9003879141806,
        "std": 129.27031590299387,
        "values": [
          2611.325172823382,
          2608.753951523706,
          2289.616506766423,
          2294.437309016382,
          2302.6691890288967,
          2230.1918576013554,
          2281.0211874990205,
          2298.6775634525015,
          2290.215314567929,
          2291.1907578227224,
          2294.2643115988376,
          2290.400271008003,
          2574.6795403750307,
          2282.2871048279544,
          2579.7103225803257,
          2279.050803068677,
          2301.850799897079,
          2282.3347092048007,
          2570.4865282565593,
          2287.022931493315,
          2284.608107914823,
          2229.6269540443054,
          2576.829850356388,
          2573.8788878710075,
          2281.617254970762,
          2278.1241717818207,
          2288.156284413618,
          2275.164287908276,
          2277.851349088502,
          2280.9683566630183
        ]
      },
      "pp_req_throughput": {
        "mean": 2352.9003879141806,
        "std": 129.27031590299387,
        "values": [
          2611.325172823382,
          2608.753951523706,
          2289.616506766423,
          2294.437309016382,
          2302.6691890288967,
          2230.1918576013554,
          2281.0211874990205,
          2298.6775634525015,
          2290.215314567929,
          2291.1907578227224,
          2294.2643115988376,
          2290.400271008003,
          2574.6795403750307,
          2282.2871048279544,
          2579.7103225803257,
          2279.050803068677,
          2301.850799897079,
          2282.3347092048007,
          2570.4865282565593,
          2287.022931493315,
          2284.608107914823,
          2229.6269540443054,
          2576.829850356388,
          2573.8788878710075,
          2281.617254970762,
          2278.1241717818207,
          2288.156284413618,
          2275.164287908276,
          2277.851349088502,
          2280.9683566630183
        ]
      },
      "tg_throughput": {
        "mean": 32.06266512432398,
        "std": 6.9793053538529275,
        "values": [
          25.472961582446484,
          48.38216956534203,
          27.473168303309567,
          26.043042646793612,
          26.690449675851223,
          36.2890657570323,
          21.15366891110529,
          23.63305373698624,
          46.09801581099421,
          31.610963318956813,
          37.500671941091014,
          33.79685911004116,
          32.6544932322164,
          32.614070011762294,
          25.994523241718316,
          38.94773397053516,
          25.984071332799783,
          28.13372130595637,
          30.618650589689818,
          24.725986823401367,
          31.60077820989993,
          33.85915267983873,
          22.078653039736682,
          34.90593664478048,
          28.932374813521562,
          42.09391621517419,
          45.99021325329133,
          30.671296787332334,
          31.757324318830516,
          36.17296689928416
        ]
      },
      "tg_req_throughput": {
        "mean": 32.06266512432398,
        "std": 6.9793053538529275,
        "values": [
          25.472961582446484,
          48.38216956534203,
          27.473168303309567,
          26.043042646793612,
          26.690449675851223,
          36.2890657570323,
          21.15366891110529,
          23.63305373698624,
          46.09801581099421,
          31.610963318956813,
          37.500671941091014,
          33.79685911004116,
          32.6544932322164,
          32.614070011762294,
          25.994523241718316,
          38.94773397053516,
          25.984071332799783,
          28.13372130595637,
          30.618650589689818,
          24.725986823401367,
          31.60077820989993,
          33.85915267983873,
          22.078653039736682,
          34.90593664478048,
          28.932374813521562,
          42.09391621517419,
          45.99021325329133,
          30.671296787332334,
          31.757324318830516,
          36.17296689928416
        ]
      },
      "peak_throughput": {
        "mean": 48.56666666666667,
        "std": 9.039481302719876,
        "values": [
          57.0,
          73.0,
          44.0,
          43.0,
          43.0,
          51.0,
          39.0,
          45.0,
          55.0,
          41.0,
          54.0,
          61.0,
          39.0,
          51.0,
          43.0,
          61.0,
          36.0,
          44.0,
          46.0,
          42.0,
          40.0,
          51.0,
          39.0,
          57.0,
          49.0,
          59.0,
          58.0,
          39.0,
          37.0,
          60.0
        ]
      },
      "peak_req_throughput": {
        "mean": 48.56666666666667,
        "std": 9.039481302719876,
        "values": [
          57.0,
          73.0,
          44.0,
          43.0,
          43.0,
          51.0,
          39.0,
          45.0,
          55.0,
          41.0,
          54.0,
          61.0,
          39.0,
          51.0,
          43.0,
          61.0,
          36.0,
          44.0,
          46.0,
          42.0,
          40.0,
          51.0,
          39.0,
          57.0,
          49.0,
          59.0,
          58.0,
          39.0,
          37.0,
          60.0
        ]
      },
      "ttfr": {
        "mean": 877.1774248608077,
        "std": 45.22151490764139,
        "values": [
          788.1056030164473,
          788.8823699904606,
          898.8404800184071,
          896.9519419479184,
          893.7454019905999,
          923.2389549724758,
          902.2274809540249,
          895.2973799896426,
          898.6054660053924,
          898.2228969689459,
          897.0195759902708,
          898.532901017461,
          799.3227769620717,
          901.7270419863053,
          797.7639900054783,
          903.0075140180998,
          894.0631599980406,
          901.7082339851186,
          800.6266430020332,
          899.8598009929992,
          900.8109499700367,
          923.4728689771146,
          798.6557590193115,
          799.5714210555889,
          901.9917760160752,
          903.3748140209354,
          899.4140889844857,
          904.5500630163588,
          903.4830129821785,
          902.2483779699542
        ]
      },
      "est_ppt": {
        "mean": 877.1774248608077,
        "std": 45.22151490764139,
        "values": [
          788.1056030164473,
          788.8823699904606,
          898.8404800184071,
          896.9519419479184,
          893.7454019905999,
          923.2389549724758,
          902.2274809540249,
          895.2973799896426,
          898.6054660053924,
          898.2228969689459,
          897.0195759902708,
          898.532901017461,
          799.3227769620717,
          901.7270419863053,
          797.7639900054783,
          903.0075140180998,
          894.0631599980406,
          901.7082339851186,
          800.6266430020332,
          899.8598009929992,
          900.8109499700367,
          923.4728689771146,
          798.6557590193115,
          799.5714210555889,
          901.9917760160752,
          903.3748140209354,
          899.4140889844857,
          904.5500630163588,
          903.4830129821785,
          902.2483779699542
        ]
      },
      "e2e_ttft": {
        "mean": 877.1774248608077,
        "std": 45.22151490764139,