{
  "version": "0.3.7",
  "timestamp": "2026-05-14 06:27:46Z",
  "latency_mode": "api",
  "latency_ms": 3.887818350146214,
  "model": "aeon-ultimate",
  "prefix_caching_enabled": false,
  "max_concurrency": 1,
  "benchmarks": [
    {
      "concurrency": 1,
      "context_size": 0,
      "prompt_size": 65536,
      "response_size": 128,
      "is_context_prefill_phase": false,
      "pp_throughput": {
        "mean": 1417.9469918450495,
        "std": 7.930774978741489,
        "values": [
          1392.6232726861508,
          1419.9683122951974,
          1422.683699979553,
          1420.624040104788,
          1417.1393488157164,
          1420.368157168643,
          1420.8137422842738,
          1420.1898658816267,
          1420.1967177272159,
          1421.8721233506901,
          1421.2813136316624,
          1419.4890551356325,
          1418.8723230599758,
          1419.5982882263238,
          1420.8548496989238,
          1401.3437569016946,
          1417.8546264398408,
          1425.807941007608,
          1423.185518665688,
          1417.9901191897732,
          1421.0222112176061,
          1421.032959856312,
          1422.57486319016,
          1417.7293373326527,
          1420.1972126352207,
          1419.1900197124248,
          1419.6464898506413,
          1419.3577955673459,
          1423.403771912238,
          1391.4980218259102
        ]
      },
      "pp_req_throughput": {
        "mean": 1417.9469918450495,
        "std": 7.930774978741489,
        "values": [
          1392.6232726861508,
          1419.9683122951974,
          1422.683699979553,
          1420.624040104788,
          1417.1393488157164,
          1420.368157168643,
          1420.8137422842738,
          1420.1898658816267,
          1420.1967177272159,
          1421.8721233506901,
          1421.2813136316624,
          1419.4890551356325,
          1418.8723230599758,
          1419.5982882263238,
          1420.8548496989238,
          1401.3437569016946,
          1417.8546264398408,
          1425.807941007608,
          1423.185518665688,
          1417.9901191897732,
          1421.0222112176061,
          1421.032959856312,
          1422.57486319016,
          1417.7293373326527,
          1420.1972126352207,
          1419.1900197124248,
          1419.6464898506413,
          1419.3577955673459,
          1423.403771912238,
          1391.4980218259102
        ]
      },
      "tg_throughput": {
        "mean": 20.34482845598493,
        "std": 3.648863227284828,
        "values": [
          16.947160220751307,
          27.141530710554477,
          20.918436367903936,
          29.414061393558377,
          22.19382330485167,
          18.326065069386445,
          17.380981905756418,
          25.2874634038995,
          15.203276227208399,
          18.312213582192683,
          18.163474687151798,
          17.76135262333308,
          23.631826465640117,
          23.6209088945197,
          15.528005319721823,
          22.138671854790598,
          17.7776108579772,
          15.492748941136727,
          18.672534094042096,
          21.501193971311086,
          18.70587982950661,
          17.737263278758423,
          26.859553838901647,
          18.228136890183745,
          22.16022142791616,
          20.210689451328093,
          22.091388961170715,
          23.524061710918037,
          15.786059923545306,
          19.62825847163159
        ]
      },
      "tg_req_throughput": {
        "mean": 20.34482845598493,
        "std": 3.648863227284828,
        "values": [
          16.947160220751307,
          27.141530710554477,
          20.918436367903936,
          29.414061393558377,
          22.19382330485167,
          18.326065069386445,
          17.380981905756418,
          25.2874634038995,
          15.203276227208399,
          18.312213582192683,
          18.163474687151798,
          17.76135262333308,
          23.631826465640117,
          23.6209088945197,
          15.528005319721823,
          22.138671854790598,
          17.7776108579772,
          15.492748941136727,
          18.672534094042096,
          21.501193971311086,
          18.70587982950661,
          17.737263278758423,
          26.859553838901647,
          18.228136890183745,
          22.16022142791616,
          20.210689451328093,
          22.091388961170715,
          23.524061710918037,
          15.786059923545306,
          19.62825847163159
        ]
      },
      "peak_throughput": {
        "mean": 34.86666666666667,
        "std": 5.245527195197405,
        "values": [
          36.0,
          40.0,
          30.0,
          44.0,
          42.0,
          38.0,
          31.0,
          46.0,
          31.0,
          30.0,
          30.0,
          29.0,
          44.0,
          33.0,
          30.0,
          31.0,
          31.0,
          33.0,
          31.0,
          32.0,
          36.0,
          34.0,
          45.0,
          30.0,
          40.0,
          34.0,
          37.0,
          34.0,
          27.0,
          37.0
        ]
      },
      "peak_req_throughput": {
        "mean": 34.86666666666667,
        "std": 5.245527195197405,
        "values": [
          36.0,
          40.0,
          30.0,
          44.0,
          42.0,
          38.0,
          31.0,
          46.0,
          31.0,
          30.0,
          30.0,
          29.0,
          44.0,
          33.0,
          30.0,
          31.0,
          31.0,
          33.0,
          31.0,
          32.0,
          36.0,
          34.0,
          45.0,
          30.0,
          40.0,
          34.0,
          37.0,
          34.0,
          27.0,
          37.0
        ]
      },
      "ttfr": {
        "mean": 46224.97159361956,
        "std": 262.27684724754727,
        "values": [
          47063.99465800496,
          46157.73465600796,
          46068.94078897312,
          46136.431087972596,
          46249.86924196128,
          46144.7419829783,
          46130.27162896469,
          46150.53452696884,
          46150.31188901048,
          46096.640411007684,
          46115.09702896001,
          46173.3174190158,
          46193.385587015655,
          46169.764843943994,
          46128.93712503137,
          46771.142231998965,
          46226.539123978,
          45968.70405698428,
          46053.40078799054,
          46222.122425970156,
          46123.5047269729,
          46123.155879962724,
          46073.168033966795,
          46230.623962008394,
          46150.29580798,
          46183.04571101908,
          46168.19736198522,
          46177.58708196925,
          46045.6373859779,
          47102.05035400577
        ]
      },
      "est_ppt": {
        "mean": 46221.0837752694,
        "std": 262.27684724754727,
        "values": [
          47060.106839654814,
          46153.84683765782,
          46065.05297062298,
          46132.54326962245,
          46245.981423611134,
          46140.85416462816,
          46126.38381061455,
          46146.6467086187,
          46146.42407066034,
          46092.75259265754,
          46111.209210609864,
          46169.42960066566,
          46189.49776866551,
          46165.87702559385,
          46125.04930668123,
          46767.25441364882,
          46222.651305627856,
          45964.816238634136,
          46049.5129696404,
          46218.23460762001,
          46119.61690862275,
          46119.26806161258,
          46069.28021561665,
          46226.73614365825,
          46146.40798962986,
          46179.15789266893,
          46164.30954363508,
          46173.699263619106,
          46041.749567627754,
          47098.162535655625
        ]
      },
      "e2e_ttft": {
        "mean": 46225.14535178585,
        "std": 262.19348387266297,