{
  "version": "0.3.7",
  "timestamp": "2026-05-14 06:01:13Z",
  "latency_mode": "api",
  "latency_ms": 0.6022869880932072,
  "model": "aeon-ultimate",
  "prefix_caching_enabled": false,
  "max_concurrency": 1,
  "benchmarks": [
    {
      "concurrency": 1,
      "context_size": 0,
      "prompt_size": 65536,
      "response_size": 128,
      "is_context_prefill_phase": false,
      "pp_throughput": {
        "mean": 1402.262880353477,
        "std": 0.0,
        "values": [
          1402.262880353477
        ]
      },
      "pp_req_throughput": {
        "mean": 1402.262880353477,
        "std": 0.0,
        "values": [
          1402.262880353477
        ]
      },
      "tg_throughput": {
        "mean": 15.830657329453404,
        "std": 0.0,
        "values": [
          15.830657329453404
        ]
      },
      "tg_req_throughput": {
        "mean": 15.830657329453404,
        "std": 0.0,
        "values": [
          15.830657329453404
        ]
      },
      "peak_throughput": {
        "mean": 33.0,
        "std": 0.0,
        "values": [
          33.0
        ]
      },
      "peak_req_throughput": {
        "mean": 33.0,
        "std": 0.0,
        "values": [
          33.0
        ]
      },
      "ttfr": {
        "mean": 46737.20276198583,
        "std": 0.0,
        "values": [
          46737.20276198583
        ]
      },
      "est_ppt": {
        "mean": 46736.60047499774,
        "std": 0.0,
        "values": [
          46736.60047499774
        ]
      },
      "e2e_ttft": {
        "mean": 46737.20276198583,
        "std": 0.0,
        "values": [
          46737.20276198583
        ]
      },
      "throughput_over_time": null,
      "requests_throughput_over_time": null
    }
  ]
}